regional_fuel_market,fuel,tier,period,unit_cost,max_avail_at_cost,fixed_cost,max_age
Hawaii_Biodiesel,Biodiesel,base,2020,27.4401412145724,.,0.0,.
Hawaii_Biodiesel,Biodiesel,base,2021,27.6495821654,.,0.0,.
Hawaii_Biodiesel,Biodiesel,base,2022,27.6432211956758,.,0.0,.
Hawaii_Biodiesel,Biodiesel,base,2023,27.968373461331,.,0.0,.
Hawaii_Biodiesel,Biodiesel,base,2024,28.5266196336758,.,0.0,.
Hawaii_Biodiesel,Biodiesel,base,2025,28.9589121119517,.,0.0,.
Hawaii_Biodiesel,Biodiesel,base,2026,29.5208163665724,.,0.0,.
Hawaii_Biodiesel,Biodiesel,base,2027,29.9925970474689,.,0.0,.
Hawaii_Biodiesel,Biodiesel,base,2028,30.3375497395379,.,0.0,.
Hawaii_Biodiesel,Biodiesel,base,2029,30.6656404176758,.,0.0,.
Hawaii_Biodiesel,Biodiesel,base,2030,30.9768649561586,.,0.0,.
Hawaii_Biodiesel,Biodiesel,base,2031,31.2712303507793,.,0.0,.
Hawaii_Biodiesel,Biodiesel,base,2032,31.5487281707103,.,0.0,.
Hawaii_Biodiesel,Biodiesel,base,2033,31.8093641560896,.,0.0,.
Hawaii_Biodiesel,Biodiesel,base,2034,32.0531366925034,.,0.0,.
Hawaii_Biodiesel,Biodiesel,base,2035,32.280045959331,.,0.0,.
Hawaii_Biodiesel,Biodiesel,base,2036,32.4900890865034,.,0.0,.
Hawaii_Biodiesel,Biodiesel,base,2037,32.6832716347793,.,0.0,.
Hawaii_Biodiesel,Biodiesel,base,2038,32.8595882227793,.,0.0,.
Hawaii_Biodiesel,Biodiesel,base,2039,33.0190440525034,.,0.0,.
Hawaii_Biodiesel,Biodiesel,base,2040,33.1616324869172,.,0.0,.
Hawaii_Biodiesel,Biodiesel,base,2041,33.2873617774689,.,0.0,.
Hawaii_Biodiesel,Biodiesel,base,2042,33.3962247489862,.,0.0,.
Hawaii_Biodiesel,Biodiesel,base,2043,33.4882246302965,.,0.0,.
Hawaii_Biodiesel,Biodiesel,base,2044,33.5633610626414,.,0.0,.
Hawaii_Biodiesel,Biodiesel,base,2045,33.6216340460207,.,0.0,.
Hawaii_Coal,Coal,base,2020,3.97964147272218,.,0.0,.
Hawaii_Coal,Coal,base,2021,4.05746755432218,.,0.0,.
Hawaii_Coal,Coal,base,2022,4.06323345112218,.,0.0,.
Hawaii_Coal,Coal,base,2023,4.06106005552218,.,0.0,.
Hawaii_Coal,Coal,base,2024,4.02554808232218,.,0.0,.
Hawaii_Coal,Coal,base,2025,4.04056625632218,.,0.0,.
Hawaii_Coal,Coal,base,2026,4.04075768992218,.,0.0,.
Hawaii_Coal,Coal,base,2027,4.04957612032218,.,0.0,.
Hawaii_Coal,Coal,base,2028,4.05602139832218,.,0.0,.
Hawaii_Coal,Coal,base,2029,4.07651935912218,.,0.0,.
Hawaii_Coal,Coal,base,2030,4.09542238672218,.,0.0,.
Hawaii_Coal,Coal,base,2031,4.09646278672218,.,0.0,.
Hawaii_Coal,Coal,base,2032,4.09140644272218,.,0.0,.
Hawaii_Coal,Coal,base,2033,4.09395958432218,.,0.0,.
Hawaii_Coal,Coal,base,2034,4.09482415672218,.,0.0,.
Hawaii_Coal,Coal,base,2035,4.10042462992218,.,0.0,.
Hawaii_Coal,Coal,base,2036,4.10827236712218,.,0.0,.
Hawaii_Coal,Coal,base,2037,4.11670897072218,.,0.0,.
Hawaii_Coal,Coal,base,2038,4.12363803472218,.,0.0,.
Hawaii_Coal,Coal,base,2039,4.12970564752218,.,0.0,.
Hawaii_Coal,Coal,base,2040,4.13235242512218,.,0.0,.
Hawaii_Coal,Coal,base,2041,4.13482025392218,.,0.0,.
Hawaii_Coal,Coal,base,2042,4.13482649632218,.,0.0,.
Hawaii_Coal,Coal,base,2043,4.13388909592218,.,0.0,.
Hawaii_Coal,Coal,base,2044,4.13260732312218,.,0.0,.
Hawaii_Coal,Coal,base,2045,4.13446443712218,.,0.0,.
Hawaii_Diesel,Diesel,base,2020,17.8932826480115,.,0.0,.
Hawaii_Diesel,Diesel,base,2021,18.1027235988391,.,0.0,.
Hawaii_Diesel,Diesel,base,2022,18.096362629115,.,0.0,.
Hawaii_Diesel,Diesel,base,2023,18.4215148947702,.,0.0,.
Hawaii_Diesel,Diesel,base,2024,18.979761067115,.,0.0,.
Hawaii_Diesel,Diesel,base,2025,19.4120535453908,.,0.0,.
Hawaii_Diesel,Diesel,base,2026,19.9739578000115,.,0.0,.
Hawaii_Diesel,Diesel,base,2027,20.4457384809081,.,0.0,.
Hawaii_Diesel,Diesel,base,2028,20.7906911729771,.,0.0,.
Hawaii_Diesel,Diesel,base,2029,21.118781851115,.,0.0,.
Hawaii_Diesel,Diesel,base,2030,21.4300063895977,.,0.0,.
Hawaii_Diesel,Diesel,base,2031,21.7243717842184,.,0.0,.
Hawaii_Diesel,Diesel,base,2032,22.0018696041495,.,0.0,.
Hawaii_Diesel,Diesel,base,2033,22.2625055895288,.,0.0,.
Hawaii_Diesel,Diesel,base,2034,22.5062781259426,.,0.0,.
Hawaii_Diesel,Diesel,base,2035,22.7331873927702,.,0.0,.
Hawaii_Diesel,Diesel,base,2036,22.9432305199426,.,0.0,.
Hawaii_Diesel,Diesel,base,2037,23.1364130682184,.,0.0,.
Hawaii_Diesel,Diesel,base,2038,23.3127296562184,.,0.0,.
Hawaii_Diesel,Diesel,base,2039,23.4721854859426,.,0.0,.
Hawaii_Diesel,Diesel,base,2040,23.6147739203564,.,0.0,.
Hawaii_Diesel,Diesel,base,2041,23.7405032109081,.,0.0,.
Hawaii_Diesel,Diesel,base,2042,23.8493661824253,.,0.0,.
Hawaii_Diesel,Diesel,base,2043,23.9413660637357,.,0.0,.
Hawaii_Diesel,Diesel,base,2044,24.0165024960805,.,0.0,.
Hawaii_Diesel,Diesel,base,2045,24.0747754794598,.,0.0,.
Hawaii_LNG,LNG,bulk_05,2020,10.6312981957639,51113806.0,1.71191630295135,5.0000000000000000
Hawaii_LNG,LNG,bulk_05,2021,10.7932253724868,51113806.0,1.71191630295135,5.0000000000000000
Hawaii_LNG,LNG,bulk_05,2022,10.7883074523542,51113806.0,1.71191630295135,5.0000000000000000
Hawaii_LNG,LNG,bulk_05,2023,11.0396956750229,51113806.0,1.71191630295135,5.0000000000000000
Hawaii_LNG,LNG,bulk_05,2024,11.4712981207096,51113806.0,1.71191630295135,5.0000000000000000
Hawaii_LNG,LNG,bulk_05,2025,11.8055207273638,51113806.0,1.71191630295135,5.0000000000000000
Hawaii_LNG,LNG,bulk_05,2026,12.2399513827812,51113806.0,1.71191630295135,5.0000000000000000
Hawaii_LNG,LNG,bulk_05,2027,12.6047038984096,51113806.0,1.71191630295135,5.0000000000000000
Hawaii_LNG,LNG,bulk_05,2028,12.8714006227558,51113806.0,1.71191630295135,5.0000000000000000
Hawaii_LNG,LNG,bulk_05,2029,13.1250606496513,51113806.0,1.71191630295135,5.0000000000000000
Hawaii_LNG,LNG,bulk_05,2030,13.3656807893339,51113806.0,1.71191630295135,5.0000000000000000
Hawaii_LNG,LNG,bulk_05,2031,13.5932664505309,51113806.0,1.71191630295135,5.0000000000000000
Hawaii_LNG,LNG,bulk_05,2032,13.8078111150324,51113806.0,1.71191630295135,5.0000000000000000
Hawaii_LNG,LNG,bulk_05,2033,14.0093192207686,51113806.0,1.71191630295135,5.0000000000000000
Hawaii_LNG,LNG,bulk_05,2034,14.1977895195715,51113806.0,1.71191630295135,5.0000000000000000
Hawaii_LNG,LNG,bulk_05,2035,14.3732221501266,51113806.0,1.71191630295135,5.0000000000000000
Hawaii_LNG,LNG,bulk_05,2036,14.5356148934687,51113806.0,1.71191630295135,5.0000000000000000
Hawaii_LNG,LNG,bulk_05,2037,14.6849720488427,51113806.0,1.71191630295135,5.0000000000000000
Hawaii_LNG,LNG,bulk_05,2038,14.821289455689,51113806.0,1.71191630295135,5.0000000000000000
Hawaii_LNG,LNG,bulk_05,2039,14.9445711358819,51113806.0,1.71191630295135,5.0000000000000000
Hawaii_LNG,LNG,bulk_05,2040,15.0548119580646,51113806.0,1.71191630295135,5.0000000000000000
Hawaii_LNG,LNG,bulk_05,2041,15.1520183017618,51113806.0,1.71191630295135,5.0000000000000000
Hawaii_LNG,LNG,bulk_05,2042,15.2361846195606,51113806.0,1.71191630295135,5.0000000000000000
Hawaii_LNG,LNG,bulk_05,2043,15.3073134077969,51113806.0,1.71191630295135,5.0000000000000000
Hawaii_LNG,LNG,bulk_05,2044,15.3654043891,51113806.0,1.71191630295135,5.0000000000000000
Hawaii_LNG,LNG,bulk_05,2045,15.4104575634698,51113806.0,1.71191630295135,5.0000000000000000
Hawaii_LNG,LNG,bulk_10,2020,10.6312981957639,51113806.0,1.27906440668774,10.0000000000000000
Hawaii_LNG,LNG,bulk_10,2021,10.7932253724868,51113806.0,1.27906440668774,10.0000000000000000
Hawaii_LNG,LNG,bulk_10,2022,10.7883074523542,51113806.0,1.27906440668774,10.0000000000000000
Hawaii_LNG,LNG,bulk_10,2023,11.0396956750229,51113806.0,1.27906440668774,10.0000000000000000
Hawaii_LNG,LNG,bulk_10,2024,11.4712981207096,51113806.0,1.27906440668774,10.0000000000000000
Hawaii_LNG,LNG,bulk_10,2025,11.8055207273638,51113806.0,1.27906440668774,10.0000000000000000
Hawaii_LNG,LNG,bulk_10,2026,12.2399513827812,51113806.0,1.27906440668774,10.0000000000000000
Hawaii_LNG,LNG,bulk_10,2027,12.6047038984096,51113806.0,1.27906440668774,10.0000000000000000
Hawaii_LNG,LNG,bulk_10,2028,12.8714006227558,51113806.0,1.27906440668774,10.0000000000000000
Hawaii_LNG,LNG,bulk_10,2029,13.1250606496513,51113806.0,1.27906440668774,10.0000000000000000
Hawaii_LNG,LNG,bulk_10,2030,13.3656807893339,51113806.0,1.27906440668774,10.0000000000000000
Hawaii_LNG,LNG,bulk_10,2031,13.5932664505309,51113806.0,1.27906440668774,10.0000000000000000
Hawaii_LNG,LNG,bulk_10,2032,13.8078111150324,51113806.0,1.27906440668774,10.0000000000000000
Hawaii_LNG,LNG,bulk_10,2033,14.0093192207686,51113806.0,1.27906440668774,10.0000000000000000
Hawaii_LNG,LNG,bulk_10,2034,14.1977895195715,51113806.0,1.27906440668774,10.0000000000000000
Hawaii_LNG,LNG,bulk_10,2035,14.3732221501266,51113806.0,1.27906440668774,10.0000000000000000
Hawaii_LNG,LNG,bulk_10,2036,14.5356148934687,51113806.0,1.27906440668774,10.0000000000000000
Hawaii_LNG,LNG,bulk_10,2037,14.6849720488427,51113806.0,1.27906440668774,10.0000000000000000
Hawaii_LNG,LNG,bulk_10,2038,14.821289455689,51113806.0,1.27906440668774,10.0000000000000000
Hawaii_LNG,LNG,bulk_10,2039,14.9445711358819,51113806.0,1.27906440668774,10.0000000000000000
Hawaii_LNG,LNG,bulk_10,2040,15.0548119580646,51113806.0,1.27906440668774,10.0000000000000000
Hawaii_LNG,LNG,bulk_10,2041,15.1520183017618,51113806.0,1.27906440668774,10.0000000000000000
Hawaii_LNG,LNG,bulk_10,2042,15.2361846195606,51113806.0,1.27906440668774,10.0000000000000000
Hawaii_LNG,LNG,bulk_10,2043,15.3073134077969,51113806.0,1.27906440668774,10.0000000000000000
Hawaii_LNG,LNG,bulk_10,2044,15.3654043891,51113806.0,1.27906440668774,10.0000000000000000
Hawaii_LNG,LNG,bulk_10,2045,15.4104575634698,51113806.0,1.27906440668774,10.0000000000000000
Hawaii_LNG,LNG,bulk_15,2020,10.6312981957639,51113806.0,1.13877784831639,15.0000000000000000
Hawaii_LNG,LNG,bulk_15,2021,10.7932253724868,51113806.0,1.13877784831639,15.0000000000000000
Hawaii_LNG,LNG,bulk_15,2022,10.7883074523542,51113806.0,1.13877784831639,15.0000000000000000
Hawaii_LNG,LNG,bulk_15,2023,11.0396956750229,51113806.0,1.13877784831639,15.0000000000000000
Hawaii_LNG,LNG,bulk_15,2024,11.4712981207096,51113806.0,1.13877784831639,15.0000000000000000
Hawaii_LNG,LNG,bulk_15,2025,11.8055207273638,51113806.0,1.13877784831639,15.0000000000000000
Hawaii_LNG,LNG,bulk_15,2026,12.2399513827812,51113806.0,1.13877784831639,15.0000000000000000
Hawaii_LNG,LNG,bulk_15,2027,12.6047038984096,51113806.0,1.13877784831639,15.0000000000000000
Hawaii_LNG,LNG,bulk_15,2028,12.8714006227558,51113806.0,1.13877784831639,15.0000000000000000
Hawaii_LNG,LNG,bulk_15,2029,13.1250606496513,51113806.0,1.13877784831639,15.0000000000000000
Hawaii_LNG,LNG,bulk_15,2030,13.3656807893339,51113806.0,1.13877784831639,15.0000000000000000
Hawaii_LNG,LNG,bulk_15,2031,13.5932664505309,51113806.0,1.13877784831639,15.0000000000000000
Hawaii_LNG,LNG,bulk_15,2032,13.8078111150324,51113806.0,1.13877784831639,15.0000000000000000
Hawaii_LNG,LNG,bulk_15,2033,14.0093192207686,51113806.0,1.13877784831639,15.0000000000000000
Hawaii_LNG,LNG,bulk_15,2034,14.1977895195715,51113806.0,1.13877784831639,15.0000000000000000
Hawaii_LNG,LNG,bulk_15,2035,14.3732221501266,51113806.0,1.13877784831639,15.0000000000000000
Hawaii_LNG,LNG,bulk_15,2036,14.5356148934687,51113806.0,1.13877784831639,15.0000000000000000
Hawaii_LNG,LNG,bulk_15,2037,14.6849720488427,51113806.0,1.13877784831639,15.0000000000000000
Hawaii_LNG,LNG,bulk_15,2038,14.821289455689,51113806.0,1.13877784831639,15.0000000000000000
Hawaii_LNG,LNG,bulk_15,2039,14.9445711358819,51113806.0,1.13877784831639,15.0000000000000000
Hawaii_LNG,LNG,bulk_15,2040,15.0548119580646,51113806.0,1.13877784831639,15.0000000000000000
Hawaii_LNG,LNG,bulk_15,2041,15.1520183017618,51113806.0,1.13877784831639,15.0000000000000000
Hawaii_LNG,LNG,bulk_15,2042,15.2361846195606,51113806.0,1.13877784831639,15.0000000000000000
Hawaii_LNG,LNG,bulk_15,2043,15.3073134077969,51113806.0,1.13877784831639,15.0000000000000000
Hawaii_LNG,LNG,bulk_15,2044,15.3654043891,51113806.0,1.13877784831639,15.0000000000000000
Hawaii_LNG,LNG,bulk_15,2045,15.4104575634698,51113806.0,1.13877784831639,15.0000000000000000
Hawaii_LNG,LNG,bulk_20,2020,10.6312981957639,51113806.0,1.07150973446032,20.0000000000000000
Hawaii_LNG,LNG,bulk_20,2021,10.7932253724868,51113806.0,1.07150973446032,20.0000000000000000
Hawaii_LNG,LNG,bulk_20,2022,10.7883074523542,51113806.0,1.07150973446032,20.0000000000000000
Hawaii_LNG,LNG,bulk_20,2023,11.0396956750229,51113806.0,1.07150973446032,20.0000000000000000
Hawaii_LNG,LNG,bulk_20,2024,11.4712981207096,51113806.0,1.07150973446032,20.0000000000000000
Hawaii_LNG,LNG,bulk_20,2025,11.8055207273638,51113806.0,1.07150973446032,20.0000000000000000
Hawaii_LNG,LNG,bulk_20,2026,12.2399513827812,51113806.0,1.07150973446032,20.0000000000000000
Hawaii_LNG,LNG,bulk_20,2027,12.6047038984096,51113806.0,1.07150973446032,20.0000000000000000
Hawaii_LNG,LNG,bulk_20,2028,12.8714006227558,51113806.0,1.07150973446032,20.0000000000000000
Hawaii_LNG,LNG,bulk_20,2029,13.1250606496513,51113806.0,1.07150973446032,20.0000000000000000
Hawaii_LNG,LNG,bulk_20,2030,13.3656807893339,51113806.0,1.07150973446032,20.0000000000000000
Hawaii_LNG,LNG,bulk_20,2031,13.5932664505309,51113806.0,1.07150973446032,20.0000000000000000
Hawaii_LNG,LNG,bulk_20,2032,13.8078111150324,51113806.0,1.07150973446032,20.0000000000000000
Hawaii_LNG,LNG,bulk_20,2033,14.0093192207686,51113806.0,1.07150973446032,20.0000000000000000
Hawaii_LNG,LNG,bulk_20,2034,14.1977895195715,51113806.0,1.07150973446032,20.0000000000000000
Hawaii_LNG,LNG,bulk_20,2035,14.3732221501266,51113806.0,1.07150973446032,20.0000000000000000
Hawaii_LNG,LNG,bulk_20,2036,14.5356148934687,51113806.0,1.07150973446032,20.0000000000000000
Hawaii_LNG,LNG,bulk_20,2037,14.6849720488427,51113806.0,1.07150973446032,20.0000000000000000
Hawaii_LNG,LNG,bulk_20,2038,14.821289455689,51113806.0,1.07150973446032,20.0000000000000000
Hawaii_LNG,LNG,bulk_20,2039,14.9445711358819,51113806.0,1.07150973446032,20.0000000000000000
Hawaii_LNG,LNG,bulk_20,2040,15.0548119580646,51113806.0,1.07150973446032,20.0000000000000000
Hawaii_LNG,LNG,bulk_20,2041,15.1520183017618,51113806.0,1.07150973446032,20.0000000000000000
Hawaii_LNG,LNG,bulk_20,2042,15.2361846195606,51113806.0,1.07150973446032,20.0000000000000000
Hawaii_LNG,LNG,bulk_20,2043,15.3073134077969,51113806.0,1.07150973446032,20.0000000000000000
Hawaii_LNG,LNG,bulk_20,2044,15.3654043891,51113806.0,1.07150973446032,20.0000000000000000
Hawaii_LNG,LNG,bulk_20,2045,15.4104575634698,51113806.0,1.07150973446032,20.0000000000000000
Hawaii_LNG,LNG,bulk_25,2020,10.6312981957639,51113806.0,1.03331927855221,25.0000000000000000
Hawaii_LNG,LNG,bulk_25,2021,10.7932253724868,51113806.0,1.03331927855221,25.0000000000000000
Hawaii_LNG,LNG,bulk_25,2022,10.7883074523542,51113806.0,1.03331927855221,25.0000000000000000
Hawaii_LNG,LNG,bulk_25,2023,11.0396956750229,51113806.0,1.03331927855221,25.0000000000000000
Hawaii_LNG,LNG,bulk_25,2024,11.4712981207096,51113806.0,1.03331927855221,25.0000000000000000
Hawaii_LNG,LNG,bulk_25,2025,11.8055207273638,51113806.0,1.03331927855221,25.0000000000000000
Hawaii_LNG,LNG,bulk_25,2026,12.2399513827812,51113806.0,1.03331927855221,25.0000000000000000
Hawaii_LNG,LNG,bulk_25,2027,12.6047038984096,51113806.0,1.03331927855221,25.0000000000000000
Hawaii_LNG,LNG,bulk_25,2028,12.8714006227558,51113806.0,1.03331927855221,25.0000000000000000
Hawaii_LNG,LNG,bulk_25,2029,13.1250606496513,51113806.0,1.03331927855221,25.0000000000000000
Hawaii_LNG,LNG,bulk_25,2030,13.3656807893339,51113806.0,1.03331927855221,25.0000000000000000
Hawaii_LNG,LNG,bulk_25,2031,13.5932664505309,51113806.0,1.03331927855221,25.0000000000000000
Hawaii_LNG,LNG,bulk_25,2032,13.8078111150324,51113806.0,1.03331927855221,25.0000000000000000
Hawaii_LNG,LNG,bulk_25,2033,14.0093192207686,51113806.0,1.03331927855221,25.0000000000000000
Hawaii_LNG,LNG,bulk_25,2034,14.1977895195715,51113806.0,1.03331927855221,25.0000000000000000
Hawaii_LNG,LNG,bulk_25,2035,14.3732221501266,51113806.0,1.03331927855221,25.0000000000000000
Hawaii_LNG,LNG,bulk_25,2036,14.5356148934687,51113806.0,1.03331927855221,25.0000000000000000
Hawaii_LNG,LNG,bulk_25,2037,14.6849720488427,51113806.0,1.03331927855221,25.0000000000000000
Hawaii_LNG,LNG,bulk_25,2038,14.821289455689,51113806.0,1.03331927855221,25.0000000000000000
Hawaii_LNG,LNG,bulk_25,2039,14.9445711358819,51113806.0,1.03331927855221,25.0000000000000000
Hawaii_LNG,LNG,bulk_25,2040,15.0548119580646,51113806.0,1.03331927855221,25.0000000000000000
Hawaii_LNG,LNG,bulk_25,2041,15.1520183017618,51113806.0,1.03331927855221,25.0000000000000000
Hawaii_LNG,LNG,bulk_25,2042,15.2361846195606,51113806.0,1.03331927855221,25.0000000000000000
Hawaii_LNG,LNG,bulk_25,2043,15.3073134077969,51113806.0,1.03331927855221,25.0000000000000000
Hawaii_LNG,LNG,bulk_25,2044,15.3654043891,51113806.0,1.03331927855221,25.0000000000000000
Hawaii_LNG,LNG,bulk_25,2045,15.4104575634698,51113806.0,1.03331927855221,25.0000000000000000
Hawaii_LNG,LNG,container_05,2020,11.8679452007458,34757388.08,1.80415438242464,5.0000000000000000
Hawaii_LNG,LNG,container_05,2021,11.7316517703336,34757388.08,1.80415438242464,5.0000000000000000
Hawaii_LNG,LNG,container_05,2022,11.7361374959254,34757388.08,1.80415438242464,5.0000000000000000
Hawaii_LNG,LNG,container_05,2023,11.9429834300431,34757388.08,1.80415438242464,5.0000000000000000
Hawaii_LNG,LNG,container_05,2024,12.2265098197049,34757388.08,1.80415438242464,5.0000000000000000
Hawaii_LNG,LNG,container_05,2025,12.596451678347,34757388.08,1.80415438242464,5.0000000000000000
Hawaii_LNG,LNG,container_05,2026,12.7126217579206,34757388.08,1.80415438242464,5.0000000000000000
Hawaii_LNG,LNG,container_05,2027,12.7511354488795,34757388.08,1.80415438242464,5.0000000000000000
Hawaii_LNG,LNG,container_05,2028,12.8792598979918,34757388.08,1.80415438242464,5.0000000000000000
Hawaii_LNG,LNG,container_05,2029,12.906670323834,34757388.08,1.80415438242464,5.0000000000000000
Hawaii_LNG,LNG,container_05,2030,12.9668766400706,34757388.08,1.80415438242464,5.0000000000000000
Hawaii_LNG,LNG,container_05,2031,12.9430781392802,34757388.08,1.80415438242464,5.0000000000000000
Hawaii_LNG,LNG,container_05,2032,13.1589879302045,34757388.08,1.80415438242464,5.0000000000000000
Hawaii_LNG,LNG,container_05,2033,13.2540360297509,34757388.08,1.80415438242464,5.0000000000000000
Hawaii_LNG,LNG,container_05,2034,13.3229187476381,34757388.08,1.80415438242464,5.0000000000000000
Hawaii_LNG,LNG,container_05,2035,13.3894426904129,34757388.08,1.80415438242464,5.0000000000000000
Hawaii_LNG,LNG,container_05,2036,13.5131251850179,34757388.08,1.80415438242464,5.0000000000000000
Hawaii_LNG,LNG,container_05,2037,13.5452158746055,34757388.08,1.80415438242464,5.0000000000000000
Hawaii_LNG,LNG,container_05,2038,13.5611566551418,34757388.08,1.80415438242464,5.0000000000000000
Hawaii_LNG,LNG,container_05,2039,13.5959514250644,34757388.08,1.80415438242464,5.0000000000000000
Hawaii_LNG,LNG,container_05,2040,13.691521535323,34757388.08,1.80415438242464,5.0000000000000000
Hawaii_LNG,LNG,container_05,2041,13.6708016008133,34757388.08,1.80415438242464,5.0000000000000000
Hawaii_LNG,LNG,container_05,2042,13.7379545502847,34757388.08,1.80415438242464,5.0000000000000000
Hawaii_LNG,LNG,container_05,2043,13.8355673111561,34757388.08,1.80415438242464,5.0000000000000000
Hawaii_LNG,LNG,container_05,2044,13.9637987562528,34757388.08,1.80415438242464,5.0000000000000000
Hawaii_LNG,LNG,container_05,2045,14.0806172963383,34757388.08,1.80415438242464,5.0000000000000000
Hawaii_LNG,LNG,container_10,2020,11.8679452007458,34757388.08,1.03256313831702,10.0000000000000000
Hawaii_LNG,LNG,container_10,2021,11.7316517703336,34757388.08,1.03256313831702,10.0000000000000000
Hawaii_LNG,LNG,container_10,2022,11.7361374959254,34757388.08,1.03256313831702,10.0000000000000000
Hawaii_LNG,LNG,container_10,2023,11.9429834300431,34757388.08,1.03256313831702,10.0000000000000000
Hawaii_LNG,LNG,container_10,2024,12.2265098197049,34757388.08,1.03256313831702,10.0000000000000000
Hawaii_LNG,LNG,container_10,2025,12.596451678347,34757388.08,1.03256313831702,10.0000000000000000
Hawaii_LNG,LNG,container_10,2026,12.7126217579206,34757388.08,1.03256313831702,10.0000000000000000
Hawaii_LNG,LNG,container_10,2027,12.7511354488795,34757388.08,1.03256313831702,10.0000000000000000
Hawaii_LNG,LNG,container_10,2028,12.8792598979918,34757388.08,1.03256313831702,10.0000000000000000
Hawaii_LNG,LNG,container_10,2029,12.906670323834,34757388.08,1.03256313831702,10.0000000000000000
Hawaii_LNG,LNG,container_10,2030,12.9668766400706,34757388.08,1.03256313831702,10.0000000000000000
Hawaii_LNG,LNG,container_10,2031,12.9430781392802,34757388.08,1.03256313831702,10.0000000000000000
Hawaii_LNG,LNG,container_10,2032,13.1589879302045,34757388.08,1.03256313831702,10.0000000000000000
Hawaii_LNG,LNG,container_10,2033,13.2540360297509,34757388.08,1.03256313831702,10.0000000000000000
Hawaii_LNG,LNG,container_10,2034,13.3229187476381,34757388.08,1.03256313831702,10.0000000000000000
Hawaii_LNG,LNG,container_10,2035,13.3894426904129,34757388.08,1.03256313831702,10.0000000000000000
Hawaii_LNG,LNG,container_10,2036,13.5131251850179,34757388.08,1.03256313831702,10.0000000000000000
Hawaii_LNG,LNG,container_10,2037,13.5452158746055,34757388.08,1.03256313831702,10.0000000000000000
Hawaii_LNG,LNG,container_10,2038,13.5611566551418,34757388.08,1.03256313831702,10.0000000000000000
Hawaii_LNG,LNG,container_10,2039,13.5959514250644,34757388.08,1.03256313831702,10.0000000000000000
Hawaii_LNG,LNG,container_10,2040,13.691521535323,34757388.08,1.03256313831702,10.0000000000000000
Hawaii_LNG,LNG,container_10,2041,13.6708016008133,34757388.08,1.03256313831702,10.0000000000000000
Hawaii_LNG,LNG,container_10,2042,13.7379545502847,34757388.08,1.03256313831702,10.0000000000000000
Hawaii_LNG,LNG,container_10,2043,13.8355673111561,34757388.08,1.03256313831702,10.0000000000000000
Hawaii_LNG,LNG,container_10,2044,13.9637987562528,34757388.08,1.03256313831702,10.0000000000000000
Hawaii_LNG,LNG,container_10,2045,14.0806172963383,34757388.08,1.03256313831702,10.0000000000000000
Hawaii_LNG,LNG,container_15,2020,11.8679452007458,34757388.08,0.782491737360503,15.0000000000000000
Hawaii_LNG,LNG,container_15,2021,11.7316517703336,34757388.08,0.782491737360503,15.0000000000000000
Hawaii_LNG,LNG,container_15,2022,11.7361374959254,34757388.08,0.782491737360503,15.0000000000000000
Hawaii_LNG,LNG,container_15,2023,11.9429834300431,34757388.08,0.782491737360503,15.0000000000000000
Hawaii_LNG,LNG,container_15,2024,12.2265098197049,34757388.08,0.782491737360503,15.0000000000000000
Hawaii_LNG,LNG,container_15,2025,12.596451678347,34757388.08,0.782491737360503,15.0000000000000000
Hawaii_LNG,LNG,container_15,2026,12.7126217579206,34757388.08,0.782491737360503,15.0000000000000000
Hawaii_LNG,LNG,container_15,2027,12.7511354488795,34757388.08,0.782491737360503,15.0000000000000000
Hawaii_LNG,LNG,container_15,2028,12.8792598979918,34757388.08,0.782491737360503,15.0000000000000000
Hawaii_LNG,LNG,container_15,2029,12.906670323834,34757388.08,0.782491737360503,15.0000000000000000
Hawaii_LNG,LNG,container_15,2030,12.9668766400706,34757388.08,0.782491737360503,15.0000000000000000
Hawaii_LNG,LNG,container_15,2031,12.9430781392802,34757388.08,0.782491737360503,15.0000000000000000
Hawaii_LNG,LNG,container_15,2032,13.1589879302045,34757388.08,0.782491737360503,15.0000000000000000
Hawaii_LNG,LNG,container_15,2033,13.2540360297509,34757388.08,0.782491737360503,15.0000000000000000
Hawaii_LNG,LNG,container_15,2034,13.3229187476381,34757388.08,0.782491737360503,15.0000000000000000
Hawaii_LNG,LNG,container_15,2035,13.3894426904129,34757388.08,0.782491737360503,15.0000000000000000
Hawaii_LNG,LNG,container_15,2036,13.5131251850179,34757388.08,0.782491737360503,15.0000000000000000
Hawaii_LNG,LNG,container_15,2037,13.5452158746055,34757388.08,0.782491737360503,15.0000000000000000
Hawaii_LNG,LNG,container_15,2038,13.5611566551418,34757388.08,0.782491737360503,15.0000000000000000
Hawaii_LNG,LNG,container_15,2039,13.5959514250644,34757388.08,0.782491737360503,15.0000000000000000
Hawaii_LNG,LNG,container_15,2040,13.691521535323,34757388.08,0.782491737360503,15.0000000000000000
Hawaii_LNG,LNG,container_15,2041,13.6708016008133,34757388.08,0.782491737360503,15.0000000000000000
Hawaii_LNG,LNG,container_15,2042,13.7379545502847,34757388.08,0.782491737360503,15.0000000000000000
Hawaii_LNG,LNG,container_15,2043,13.8355673111561,34757388.08,0.782491737360503,15.0000000000000000
Hawaii_LNG,LNG,container_15,2044,13.9637987562528,34757388.08,0.782491737360503,15.0000000000000000
Hawaii_LNG,LNG,container_15,2045,14.0806172963383,34757388.08,0.782491737360503,15.0000000000000000
Hawaii_LNG,LNG,container_20,2020,11.8679452007458,34757388.08,0.662581236547138,20.0000000000000000
Hawaii_LNG,LNG,container_20,2021,11.7316517703336,34757388.08,0.662581236547138,20.0000000000000000
Hawaii_LNG,LNG,container_20,2022,11.7361374959254,34757388.08,0.662581236547138,20.0000000000000000
Hawaii_LNG,LNG,container_20,2023,11.9429834300431,34757388.08,0.662581236547138,20.0000000000000000
Hawaii_LNG,LNG,container_20,2024,12.2265098197049,34757388.08,0.662581236547138,20.0000000000000000
Hawaii_LNG,LNG,container_20,2025,12.596451678347,34757388.08,0.662581236547138,20.0000000000000000
Hawaii_LNG,LNG,container_20,2026,12.7126217579206,34757388.08,0.662581236547138,20.0000000000000000
Hawaii_LNG,LNG,container_20,2027,12.7511354488795,34757388.08,0.662581236547138,20.0000000000000000
Hawaii_LNG,LNG,container_20,2028,12.8792598979918,34757388.08,0.662581236547138,20.0000000000000000
Hawaii_LNG,LNG,container_20,2029,12.906670323834,34757388.08,0.662581236547138,20.0000000000000000
Hawaii_LNG,LNG,container_20,2030,12.9668766400706,34757388.08,0.662581236547138,20.0000000000000000
Hawaii_LNG,LNG,container_20,2031,12.9430781392802,34757388.08,0.662581236547138,20.0000000000000000
Hawaii_LNG,LNG,container_20,2032,13.1589879302045,34757388.08,0.662581236547138,20.0000000000000000
Hawaii_LNG,LNG,container_20,2033,13.2540360297509,34757388.08,0.662581236547138,20.0000000000000000
Hawaii_LNG,LNG,container_20,2034,13.3229187476381,34757388.08,0.662581236547138,20.0000000000000000
Hawaii_LNG,LNG,container_20,2035,13.3894426904129,34757388.08,0.662581236547138,20.0000000000000000
Hawaii_LNG,LNG,container_20,2036,13.5131251850179,34757388.08,0.662581236547138,20.0000000000000000
Hawaii_LNG,LNG,container_20,2037,13.5452158746055,34757388.08,0.662581236547138,20.0000000000000000
Hawaii_LNG,LNG,container_20,2038,13.5611566551418,34757388.08,0.662581236547138,20.0000000000000000
Hawaii_LNG,LNG,container_20,2039,13.5959514250644,34757388.08,0.662581236547138,20.0000000000000000
Hawaii_LNG,LNG,container_20,2040,13.691521535323,34757388.08,0.662581236547138,20.0000000000000000
Hawaii_LNG,LNG,container_20,2041,13.6708016008133,34757388.08,0.662581236547138,20.0000000000000000
Hawaii_LNG,LNG,container_20,2042,13.7379545502847,34757388.08,0.662581236547138,20.0000000000000000
Hawaii_LNG,LNG,container_20,2043,13.8355673111561,34757388.08,0.662581236547138,20.0000000000000000
Hawaii_LNG,LNG,container_20,2044,13.9637987562528,34757388.08,0.662581236547138,20.0000000000000000
Hawaii_LNG,LNG,container_20,2045,14.0806172963383,34757388.08,0.662581236547138,20.0000000000000000
Hawaii_LNG,LNG,container_25,2020,11.8679452007458,34757388.08,0.594503860332455,25.0000000000000000
Hawaii_LNG,LNG,container_25,2021,11.7316517703336,34757388.08,0.594503860332455,25.0000000000000000
Hawaii_LNG,LNG,container_25,2022,11.7361374959254,34757388.08,0.594503860332455,25.0000000000000000
Hawaii_LNG,LNG,container_25,2023,11.9429834300431,34757388.08,0.594503860332455,25.0000000000000000
Hawaii_LNG,LNG,container_25,2024,12.2265098197049,34757388.08,0.594503860332455,25.0000000000000000
Hawaii_LNG,LNG,container_25,2025,12.596451678347,34757388.08,0.594503860332455,25.0000000000000000
Hawaii_LNG,LNG,container_25,2026,12.7126217579206,34757388.08,0.594503860332455,25.0000000000000000
Hawaii_LNG,LNG,container_25,2027,12.7511354488795,34757388.08,0.594503860332455,25.0000000000000000
Hawaii_LNG,LNG,container_25,2028,12.8792598979918,34757388.08,0.594503860332455,25.0000000000000000
Hawaii_LNG,LNG,container_25,2029,12.906670323834,34757388.08,0.594503860332455,25.0000000000000000
Hawaii_LNG,LNG,container_25,2030,12.9668766400706,34757388.08,0.594503860332455,25.0000000000000000
Hawaii_LNG,LNG,container_25,2031,12.9430781392802,34757388.08,0.594503860332455,25.0000000000000000
Hawaii_LNG,LNG,container_25,2032,13.1589879302045,34757388.08,0.594503860332455,25.0000000000000000
Hawaii_LNG,LNG,container_25,2033,13.2540360297509,34757388.08,0.594503860332455,25.0000000000000000
Hawaii_LNG,LNG,container_25,2034,13.3229187476381,34757388.08,0.594503860332455,25.0000000000000000
Hawaii_LNG,LNG,container_25,2035,13.3894426904129,34757388.08,0.594503860332455,25.0000000000000000
Hawaii_LNG,LNG,container_25,2036,13.5131251850179,34757388.08,0.594503860332455,25.0000000000000000
Hawaii_LNG,LNG,container_25,2037,13.5452158746055,34757388.08,0.594503860332455,25.0000000000000000
Hawaii_LNG,LNG,container_25,2038,13.5611566551418,34757388.08,0.594503860332455,25.0000000000000000
Hawaii_LNG,LNG,container_25,2039,13.5959514250644,34757388.08,0.594503860332455,25.0000000000000000
Hawaii_LNG,LNG,container_25,2040,13.691521535323,34757388.08,0.594503860332455,25.0000000000000000
Hawaii_LNG,LNG,container_25,2041,13.6708016008133,34757388.08,0.594503860332455,25.0000000000000000
Hawaii_LNG,LNG,container_25,2042,13.7379545502847,34757388.08,0.594503860332455,25.0000000000000000
Hawaii_LNG,LNG,container_25,2043,13.8355673111561,34757388.08,0.594503860332455,25.0000000000000000
Hawaii_LNG,LNG,container_25,2044,13.9637987562528,34757388.08,0.594503860332455,25.0000000000000000
Hawaii_LNG,LNG,container_25,2045,14.0806172963383,34757388.08,0.594503860332455,25.0000000000000000
Hawaii_LSFO,LSFO,base,2020,12.516828712815,.,0.0,.
Hawaii_LSFO,LSFO,base,2021,12.7262696636426,.,0.0,.
Hawaii_LSFO,LSFO,base,2022,12.7199086939185,.,0.0,.
Hawaii_LSFO,LSFO,base,2023,13.0450609595736,.,0.0,.
Hawaii_LSFO,LSFO,base,2024,13.6033071319185,.,0.0,.
Hawaii_LSFO,LSFO,base,2025,14.0355996101943,.,0.0,.
Hawaii_LSFO,LSFO,base,2026,14.597503864815,.,0.0,.
Hawaii_LSFO,LSFO,base,2027,15.0692845457116,.,0.0,.
Hawaii_LSFO,LSFO,base,2028,15.4142372377805,.,0.0,.
Hawaii_LSFO,LSFO,base,2029,15.7423279159185,.,0.0,.
Hawaii_LSFO,LSFO,base,2030,16.0535524544012,.,0.0,.
Hawaii_LSFO,LSFO,base,2031,16.3479178490219,.,0.0,.
Hawaii_LSFO,LSFO,base,2032,16.6254156689529,.,0.0,.
Hawaii_LSFO,LSFO,base,2033,16.8860516543323,.,0.0,.
Hawaii_LSFO,LSFO,base,2034,17.129824190746,.,0.0,.
Hawaii_LSFO,LSFO,base,2035,17.3567334575736,.,0.0,.
Hawaii_LSFO,LSFO,base,2036,17.5667765847461,.,0.0,.
Hawaii_LSFO,LSFO,base,2037,17.7599591330219,.,0.0,.
Hawaii_LSFO,LSFO,base,2038,17.9362757210219,.,0.0,.
Hawaii_LSFO,LSFO,base,2039,18.095731550746,.,0.0,.
Hawaii_LSFO,LSFO,base,2040,18.2383199851598,.,0.0,.
Hawaii_LSFO,LSFO,base,2041,18.3640492757116,.,0.0,.
Hawaii_LSFO,LSFO,base,2042,18.4729122472288,.,0.0,.
Hawaii_LSFO,LSFO,base,2043,18.5649121285392,.,0.0,.
Hawaii_LSFO,LSFO,base,2044,18.640048560884,.,0.0,.
Hawaii_LSFO,LSFO,base,2045,18.6983215442633,.,0.0,.
Hawaii_Motor_Diesel,Motor_Diesel,base,2020,29.7989650283231,.,0.0,.
Hawaii_Motor_Diesel,Motor_Diesel,base,2021,30.0084059791507,.,0.0,.
Hawaii_Motor_Diesel,Motor_Diesel,base,2022,30.0020450094266,.,0.0,.
Hawaii_Motor_Diesel,Motor_Diesel,base,2023,30.3271972750817,.,0.0,.
Hawaii_Motor_Diesel,Motor_Diesel,base,2024,30.8854434474266,.,0.0,.
Hawaii_Motor_Diesel,Motor_Diesel,base,2025,31.3177359257024,.,0.0,.
Hawaii_Motor_Diesel,Motor_Diesel,base,2026,31.8796401803231,.,0.0,.
Hawaii_Motor_Diesel,Motor_Diesel,base,2027,32.3514208612197,.,0.0,.
Hawaii_Motor_Diesel,Motor_Diesel,base,2028,32.6963735532886,.,0.0,.
Hawaii_Motor_Diesel,Motor_Diesel,base,2029,33.0244642314266,.,0.0,.
Hawaii_Motor_Diesel,Motor_Diesel,base,2030,33.3356887699093,.,0.0,.
Hawaii_Motor_Diesel,Motor_Diesel,base,2031,33.63005416453,.,0.0,.
Hawaii_Motor_Diesel,Motor_Diesel,base,2032,33.907551984461,.,0.0,.
Hawaii_Motor_Diesel,Motor_Diesel,base,2033,34.1681879698404,.,0.0,.
Hawaii_Motor_Diesel,Motor_Diesel,base,2034,34.4119605062541,.,0.0,.
Hawaii_Motor_Diesel,Motor_Diesel,base,2035,34.6388697730817,.,0.0,.
Hawaii_Motor_Diesel,Motor_Diesel,base,2036,34.8489129002541,.,0.0,.
Hawaii_Motor_Diesel,Motor_Diesel,base,2037,35.04209544853,.,0.0,.
Hawaii_Motor_Diesel,Motor_Diesel,base,2038,35.21841203653,.,0.0,.
Hawaii_Motor_Diesel,Motor_Diesel,base,2039,35.3778678662541,.,0.0,.
Hawaii_Motor_Diesel,Motor_Diesel,base,2040,35.5204563006679,.,0.0,.
Hawaii_Motor_Diesel,Motor_Diesel,base,2041,35.6461855912197,.,0.0,.
Hawaii_Motor_Diesel,Motor_Diesel,base,2042,35.7550485627369,.,0.0,.
Hawaii_Motor_Diesel,Motor_Diesel,base,2043,35.8470484440472,.,0.0,.
Hawaii_Motor_Diesel,Motor_Diesel,base,2044,35.9221848763921,.,0.0,.
Hawaii_Motor_Diesel,Motor_Diesel,base,2045,35.9804578597714,.,0.0,.
Hawaii_Motor_Gasoline,Motor_Gasoline,base,2020,26.9223869101365,.,0.0,.
Hawaii_Motor_Gasoline,Motor_Gasoline,base,2021,27.1318278609641,.,0.0,.
Hawaii_Motor_Gasoline,Motor_Gasoline,base,2022,27.1254668912399,.,0.0,.
Hawaii_Motor_Gasoline,Motor_Gasoline,base,2023,27.4506191568951,.,0.0,.
Hawaii_Motor_Gasoline,Motor_Gasoline,base,2024,28.0088653292399,.,0.0,.
Hawaii_Motor_Gasoline,Motor_Gasoline,base,2025,28.4411578075158,.,0.0,.
Hawaii_Motor_Gasoline,Motor_Gasoline,base,2026,29.0030620621365,.,0.0,.
Hawaii_Motor_Gasoline,Motor_Gasoline,base,2027,29.474842743033,.,0.0,.
Hawaii_Motor_Gasoline,Motor_Gasoline,base,2028,29.819795435102,.,0.0,.
Hawaii_Motor_Gasoline,Motor_Gasoline,base,2029,30.1478861132399,.,0.0,.
Hawaii_Motor_Gasoline,Motor_Gasoline,base,2030,30.4591106517227,.,0.0,.
Hawaii_Motor_Gasoline,Motor_Gasoline,base,2031,30.7534760463434,.,0.0,.
Hawaii_Motor_Gasoline,Motor_Gasoline,base,2032,31.0309738662744,.,0.0,.
Hawaii_Motor_Gasoline,Motor_Gasoline,base,2033,31.2916098516537,.,0.0,.
Hawaii_Motor_Gasoline,Motor_Gasoline,base,2034,31.5353823880675,.,0.0,.
Hawaii_Motor_Gasoline,Motor_Gasoline,base,2035,31.7622916548951,.,0.0,.
Hawaii_Motor_Gasoline,Motor_Gasoline,base,2036,31.9723347820675,.,0.0,.
Hawaii_Motor_Gasoline,Motor_Gasoline,base,2037,32.1655173303434,.,0.0,.
Hawaii_Motor_Gasoline,Motor_Gasoline,base,2038,32.3418339183434,.,0.0,.
Hawaii_Motor_Gasoline,Motor_Gasoline,base,2039,32.5012897480675,.,0.0,.
Hawaii_Motor_Gasoline,Motor_Gasoline,base,2040,32.6438781824813,.,0.0,.
Hawaii_Motor_Gasoline,Motor_Gasoline,base,2041,32.769607473033,.,0.0,.
Hawaii_Motor_Gasoline,Motor_Gasoline,base,2042,32.8784704445503,.,0.0,.
Hawaii_Motor_Gasoline,Motor_Gasoline,base,2043,32.9704703258606,.,0.0,.
Hawaii_Motor_Gasoline,Motor_Gasoline,base,2044,33.0456067582054,.,0.0,.
Hawaii_Motor_Gasoline,Motor_Gasoline,base,2045,33.1038797415847,.,0.0,.
Hawaii_Pellet-Biomass,Pellet-Biomass,base,2020,14.3868546964498,.,0.0,.
Hawaii_Pellet-Biomass,Pellet-Biomass,base,2021,14.3868546964498,.,0.0,.
Hawaii_Pellet-Biomass,Pellet-Biomass,base,2022,14.3868546964498,.,0.0,.
Hawaii_Pellet-Biomass,Pellet-Biomass,base,2023,14.3868546964498,.,0.0,.
Hawaii_Pellet-Biomass,Pellet-Biomass,base,2024,14.3868546964498,.,0.0,.
Hawaii_Pellet-Biomass,Pellet-Biomass,base,2025,14.3868546964498,.,0.0,.
Hawaii_Pellet-Biomass,Pellet-Biomass,base,2026,14.3868546964498,.,0.0,.
Hawaii_Pellet-Biomass,Pellet-Biomass,base,2027,14.3868546964498,.,0.0,.
Hawaii_Pellet-Biomass,Pellet-Biomass,base,2028,14.3868546964498,.,0.0,.
Hawaii_Pellet-Biomass,Pellet-Biomass,base,2029,14.3868546964498,.,0.0,.
Hawaii_Pellet-Biomass,Pellet-Biomass,base,2030,14.3868546964498,.,0.0,.
Hawaii_Pellet-Biomass,Pellet-Biomass,base,2031,14.3868546964498,.,0.0,.
Hawaii_Pellet-Biomass,Pellet-Biomass,base,2032,14.3868546964498,.,0.0,.
Hawaii_Pellet-Biomass,Pellet-Biomass,base,2033,14.3868546964498,.,0.0,.
Hawaii_Pellet-Biomass,Pellet-Biomass,base,2034,14.3868546964498,.,0.0,.
Hawaii_Pellet-Biomass,Pellet-Biomass,base,2035,14.3868546964498,.,0.0,.
Hawaii_Pellet-Biomass,Pellet-Biomass,base,2036,14.3868546964498,.,0.0,.
Hawaii_Pellet-Biomass,Pellet-Biomass,base,2037,14.3868546964498,.,0.0,.
Hawaii_Pellet-Biomass,Pellet-Biomass,base,2038,14.3868546964498,.,0.0,.
Hawaii_Pellet-Biomass,Pellet-Biomass,base,2039,14.3868546964498,.,0.0,.
Hawaii_Pellet-Biomass,Pellet-Biomass,base,2040,14.3868546964498,.,0.0,.
Hawaii_Pellet-Biomass,Pellet-Biomass,base,2041,14.3868546964498,.,0.0,.
Hawaii_Pellet-Biomass,Pellet-Biomass,base,2042,14.3868546964498,.,0.0,.
Hawaii_Pellet-Biomass,Pellet-Biomass,base,2043,14.3868546964498,.,0.0,.
Hawaii_Pellet-Biomass,Pellet-Biomass,base,2044,14.3868546964498,.,0.0,.
Hawaii_Pellet-Biomass,Pellet-Biomass,base,2045,14.3868546964498,.,0.0,.
