load_zone,timestamp,ZoneTotalCentralDispatch,ZoneTotalDistributedDispatch,GeneratePumpedHydro,zone_demand_mw,StorageNetCharge,ChargeEVs,ShiftDemand,StorePumpedHydro
Oahu,2020-01-12 00:00,698.51,0,0,651.532,0,0.627712,46.3505,0
Oahu,2020-01-12 02:00,722.451,0,0,596.794,0,0.454739,125.202,0
Oahu,2020-01-12 04:00,707.898,0,0,658.481,0,0.456864,48.9596,0
Oahu,2020-01-12 06:00,829.024,0,0,920.524,0,0.552476,-92.0524,0
Oahu,2020-01-12 08:00,951.659,0,0,1012.98,0,18.7078,-80.0304,0
Oahu,2020-01-12 10:00,1082.89,0,0,1069.9,0,1.45055,11.543,0
Oahu,2020-01-12 12:00,1153.85,0,0,1072.75,0,1.66309,79.4434,0
Oahu,2020-01-12 14:00,1204.43,0,0,1058.84,0,2.02797,143.565,0
Oahu,2020-01-12 16:00,1032.65,0,0,1027.68,0,2.18385,2.78331,0
Oahu,2020-01-12 18:00,975.012,0,0,1079.44,0,3.51914,-107.944,0
Oahu,2020-01-12 20:00,876.192,0,0,969.92,0,3.26472,-96.992,0
Oahu,2020-01-12 22:00,728.274,0,0,808.284,0,0.818167,-80.8284,0
Oahu,2020-01-19 00:00,753.09,0,0,613.468,0,0.627712,138.994,0
Oahu,2020-01-19 02:00,751.001,0,0,559.962,0,0.454739,190.585,0
Oahu,2020-01-19 04:00,711.576,0,0,630.413,0,0.456864,80.7057,0
Oahu,2020-01-19 06:00,803.528,0,0,892.195,0,0.552476,-89.2195,0
Oahu,2020-01-19 08:00,907.901,0,0,971.808,0,0.844256,-64.7518,0
Oahu,2020-01-19 10:00,1064.29,0,0,1018.96,3.82069,1.45055,40.0609,0
Oahu,2020-01-19 12:00,1132.4,0,0,1035.7,3.82069,19.5266,73.3591,0
Oahu,2020-01-19 14:00,1068.01,0,0,1031.83,22.2988,2.02797,11.8577,0
Oahu,2020-01-19 16:00,906.89,0,0,1005.23,0,2.18385,-100.523,0
Oahu,2020-01-19 18:00,957.733,0,0,1060.24,0,3.51914,-106.024,0
Oahu,2020-01-19 20:00,863.825,0,0,956.178,0,3.26472,-95.6178,0
Oahu,2020-01-19 22:00,715.653,0,0,794.261,0,0.818167,-79.4261,0
Oahu,2020-02-12 00:00,624.688,0,0,549.267,13.299,0.627712,61.4941,0
Oahu,2020-02-12 02:00,607.227,0,0,508.469,22.191,0.454739,76.1116,0
Oahu,2020-02-12 04:00,640.692,0,0,588.718,0,0.456864,51.517,0
Oahu,2020-02-12 06:00,765.092,0,0,849.489,0,0.552476,-84.9489,0
Oahu,2020-02-12 08:00,881.409,0,0,925.96,9.66286,0.844256,-55.0583,0
Oahu,2020-02-12 10:00,1089.45,0,0,974.677,0,19.3141,95.4552,0
Oahu,2020-02-12 12:00,1114,0,0,994.44,29.3761,1.66309,88.5178,0
Oahu,2020-02-12 14:00,1095.48,0,0,998.092,31.941,2.02797,63.4229,0
Oahu,2020-02-12 16:00,976.361,0,0,991.456,0,2.18385,-17.2782,0
Oahu,2020-02-12 18:00,974.167,0,0,1078.5,0,3.51914,-107.85,0
Oahu,2020-02-12 20:00,870.68,0,0,963.795,0,3.26472,-96.3795,0
Oahu,2020-02-12 22:00,675.855,0,0,750.041,0,0.818167,-75.0041,0
Oahu,2020-02-20 00:00,684.801,0,0,613.389,0,0.627712,70.7841,0
Oahu,2020-02-20 02:00,705.274,0,0,562.985,0,0.454739,141.835,0
Oahu,2020-02-20 04:00,704.437,0,0,634.009,0,0.456864,69.9707,0
Oahu,2020-02-20 06:00,794.736,0,0,882.426,0,0.552476,-88.2426,0
Oahu,2020-02-20 08:00,922.202,0,0,981.146,0,18.7078,-77.6523,0
Oahu,2020-02-20 10:00,1136.52,0,0,1041.25,0,1.45055,93.8217,0
Oahu,2020-02-20 12:00,1198.19,0,0,1061.8,0,1.66309,134.72,0
Oahu,2020-02-20 14:00,1072.59,0,0,1066.84,0,2.02797,3.72342,0
Oahu,2020-02-20 16:00,972.795,0,0,1057.64,0,2.18385,-87.0334,0
Oahu,2020-02-20 18:00,998.147,0,0,1105.14,0,3.51914,-110.514,0
Oahu,2020-02-20 20:00,891.174,0,0,986.566,0,3.26472,-98.6566,0
Oahu,2020-02-20 22:00,715.944,0,0,767.881,0,0.818167,-52.7552,0
Oahu,2020-04-10 00:00,787.011,0,0,589.905,0,0.627712,196.478,0
Oahu,2020-04-10 02:00,791.816,0,0,552.643,0,0.454739,238.718,0
Oahu,2020-04-10 04:00,796.971,0,0,639.599,0,0.456864,156.915,0
Oahu,2020-04-10 06:00,802.612,0,0,891.177,0,0.552476,-89.1177,0
Oahu,2020-04-10 08:00,905.02,0,0,984.477,0,0.844256,-80.3013,0
Oahu,2020-04-10 10:00,984.95,0,0,1032.66,0,1.45055,-49.1646,0
Oahu,2020-04-10 12:00,1025.08,0,0,1022.98,0,1.66309,0.434874,0
Oahu,2020-04-10 14:00,965.66,0,0,1044.45,0,2.02797,-80.8166,0
Oahu,2020-04-10 16:00,961.373,0,0,1037.13,0,20.0474,-95.8045,0
Oahu,2020-04-10 18:00,993.317,0,0,1099.78,0,3.51914,-109.978,0
Oahu,2020-04-10 20:00,911.25,0,0,1008.87,0,3.26472,-100.887,0
Oahu,2020-04-10 22:00,802.61,0,0,788.268,0,0.818167,13.5242,0
Oahu,2020-05-02 00:00,712.259,0,0,627.377,0,0.627712,84.2541,0
Oahu,2020-05-02 02:00,677.435,0,0,580.997,0,0.454739,95.983,0
Oahu,2020-05-02 04:00,667.97,0,0,635.849,0,0.456864,31.6637,0
Oahu,2020-05-02 06:00,809.811,0,0,899.176,0,0.552476,-89.9176,0
Oahu,2020-05-02 08:00,995.115,0,0,1002.21,31.941,0.844256,-39.8833,0
Oahu,2020-05-02 10:00,1190.7,0,0,1054.53,11.649,1.45055,123.07,0
Oahu,2020-05-02 12:00,1180.18,0,0,1074.78,0,1.66309,103.73,0
Oahu,2020-05-02 14:00,1172.01,0,0,1076.69,22.1092,2.02797,71.183,0
Oahu,2020-05-02 16:00,982.538,0,0,1054.9,0,20.0474,-92.4048,0
Oahu,2020-05-02 18:00,967.086,0,0,1070.63,0,3.51914,-107.063,0
Oahu,2020-05-02 20:00,909.971,0,0,1007.45,0,3.26472,-100.745,0
Oahu,2020-05-02 22:00,719.653,0,0,798.706,0,0.818167,-79.8706,0
Oahu,2020-06-17 00:00,790.912,0,0,681.783,0,0.627712,108.501,0
Oahu,2020-06-17 02:00,779.145,0,0,627.327,0,0.454739,151.363,0
Oahu,2020-06-17 04:00,789.028,0,0,689.368,0,18.3204,81.3403,0
Oahu,2020-06-17 06:00,837.839,0,0,901.954,0,0.552476,-64.6676,0
Oahu,2020-06-17 08:00,999.501,0,0,1042.82,0,0.844256,-44.1589,0
Oahu,2020-06-17 10:00,1104.36,0,0,1103.94,0,1.45055,-1.038,0
Oahu,2020-06-17 12:00,1201.06,0,0,1121.86,0,1.66309,77.5365,0
Oahu,2020-06-17 14:00,1170.1,0,0,1116.03,0,2.02797,52.0486,0
Oahu,2020-06-17 16:00,1018.37,0,0,1092.86,0,2.18385,-76.6726,0
Oahu,2020-06-17 18:00,974.425,0,0,1078.78,0,3.51914,-107.878,0
Oahu,2020-06-17 20:00,945.522,0,0,1046.95,0,3.26472,-104.695,0
Oahu,2020-06-17 22:00,766.592,0,0,837.452,0,0.818167,-71.6785,0
Oahu,2020-08-18 00:00,808.248,0,0,681.041,0,0.627712,126.58,0
Oahu,2020-08-18 02:00,825.864,0,0,634.402,0,0.454739,191.008,0
Oahu,2020-08-18 04:00,781.188,0,0,694.554,0,0.456864,86.1767,0
Oahu,2020-08-18 06:00,845.294,0,0,938.601,0,0.552476,-93.8601,0
Oahu,2020-08-18 08:00,1048.14,0,0,1081.39,0,0.844256,-34.0956,0
Oahu,2020-08-18 10:00,1187.11,0,0,1148.14,0,1.45055,37.5189,0
Oahu,2020-08-18 12:00,1240.19,0,0,1173.08,0,1.66309,65.4505,0
Oahu,2020-08-18 14:00,1197.95,0,0,1176.97,3.82069,2.02797,15.1327,0
Oahu,2020-08-18 16:00,1064.04,0,0,1151.12,0,2.18385,-89.27,0
Oahu,2020-08-18 18:00,1011.17,0,0,1119.61,0,3.51914,-111.961,0
Oahu,2020-08-18 20:00,975.268,0,0,1080,0,3.26472,-108,0
Oahu,2020-08-18 22:00,786.019,0,0,852.016,0,18.6817,-84.6791,0
Oahu,2020-09-10 00:00,752.466,0,0,679.333,0,0.627712,72.505,0
Oahu,2020-09-10 02:00,748.506,0,0,631.538,0,0.454739,116.514,0
Oahu,2020-09-10 04:00,743.396,0,0,695.148,0,0.456864,47.791,0
Oahu,2020-09-10 06:00,840.215,0,0,932.958,0,0.552476,-93.2958,0
Oahu,2020-09-10 08:00,1051.84,0,0,1056.21,0,0.844256,-5.2191,0
Oahu,2020-09-10 10:00,1186.16,0,0,1129.35,0,1.45055,55.3659,0
Oahu,2020-09-10 12:00,1271.44,0,0,1141.31,0,1.66309,128.465,0
Oahu,2020-09-10 14:00,1211.06,0,0,1141.35,0,2.02797,67.6764,0
Oahu,2020-09-10 16:00,1051.07,0,0,1126.69,0,20.0474,-95.6593,0
Oahu,2020-09-10 18:00,1030.13,0,0,1140.68,0,3.51914,-114.068,0
Oahu,2020-09-10 20:00,946.285,0,0,1047.8,0,3.26472,-104.78,0
Oahu,2020-09-10 22:00,748.518,0,0,822.995,0,0.818167,-75.2953,0
Oahu,2020-09-22 00:00,709.108,0,0,706.958,0,0.627712,1.52242,0
Oahu,2020-09-22 02:00,713.43,0,0,646.315,0,0.454739,66.6602,0
Oahu,2020-09-22 04:00,725.051,0,0,663.197,0,0.456864,61.3973,0
Oahu,2020-09-22 06:00,723.122,0,0,800.761,0,2.4373,-80.0761,0
Oahu,2020-09-22 08:00,1023.59,0,0,996.934,0,0.844256,25.8107,0
Oahu,2020-09-22 10:00,1125.35,0,0,1067.55,25.7092,1.45055,30.6369,0
Oahu,2020-09-22 12:00,1254.08,0,0,1069.15,3.82069,17.6418,163.466,0
Oahu,2020-09-22 14:00,1172.56,0,0,1061.98,9.50913,2.02797,99.0383,0
Oahu,2020-09-22 16:00,1005.54,0,0,1048.71,31.941,2.18385,-77.2955,0
Oahu,2020-09-22 18:00,969.753,0,0,1073.59,0,3.51914,-107.359,0
Oahu,2020-09-22 20:00,887.442,0,0,982.42,0,3.26472,-98.242,0
Oahu,2020-09-22 22:00,770.851,0,0,855.593,0,0.818167,-85.5593,0
Oahu,2020-10-27 00:00,748.134,0,0,695.199,0,0.627712,52.3071,0
Oahu,2020-10-27 02:00,751.929,0,0,634.483,0,0.454739,116.992,0
Oahu,2020-10-27 04:00,687.922,0,0,656.655,0,0.456864,30.8102,0
Oahu,2020-10-27 06:00,764.692,0,0,792.257,0,0.552476,-28.118,0
Oahu,2020-10-27 08:00,1049.57,0,0,995.483,0,0.844256,53.2413,0
Oahu,2020-10-27 10:00,1108.83,0,0,1058.19,3.82069,1.45055,45.3707,0
Oahu,2020-10-27 12:00,1133.38,0,0,1057.76,3.82069,1.66309,70.1346,0
Oahu,2020-10-27 14:00,1072.95,0,0,1024.56,3.82069,2.02797,42.5356,0
Oahu,2020-10-27 16:00,908.851,0,0,1006.75,0,2.77424,-100.675,0
Oahu,2020-10-27 18:00,953.742,0,0,1055.8,0,3.51914,-105.58,0
Oahu,2020-10-27 20:00,875.253,0,0,968.876,0,3.26472,-96.8876,0
Oahu,2020-10-27 22:00,775.764,0,0,837.802,0,18.0913,-80.13,0
Oahu,2020-11-22 00:00,725.273,0,0,636.608,0,0.627712,88.0371,0
Oahu,2020-11-22 02:00,704.228,0,0,572.849,0,0.454739,130.924,0
Oahu,2020-11-22 04:00,701.2,0,0,594.986,0,0.456864,105.757,0
Oahu,2020-11-22 06:00,702.934,0,0,721.751,0,0.552476,-19.369,0
Oahu,2020-11-22 08:00,832.294,0,0,893.044,0,0.844256,-61.5946,0
Oahu,2020-11-22 10:00,976.685,0,0,965.628,0,1.45055,9.60626,0
Oahu,2020-11-22 12:00,991.181,0,0,950.661,0,1.66309,38.8567,0
Oahu,2020-11-22 14:00,936.444,0,0,909.983,0,2.02797,24.4322,0
Oahu,2020-11-22 16:00,871.059,0,0,935.037,0,20.0474,-84.0257,0
Oahu,2020-11-22 18:00,884.24,0,0,978.579,0,3.51914,-97.8579,0
Oahu,2020-11-22 20:00,796.885,0,0,881.801,0,3.26472,-88.1801,0
Oahu,2020-11-22 22:00,709.905,0,0,755.672,0,0.818167,-46.5858,0
Oahu,2020-12-15 00:00,719.374,0,0,660.151,0,0.627712,58.5958,0
Oahu,2020-12-15 02:00,737.798,0,0,592.412,0,0.454739,144.931,0
Oahu,2020-12-15 04:00,725.376,0,0,617.83,0,0.456864,107.09,0
Oahu,2020-12-15 06:00,747.894,0,0,750.489,0,0.552476,-3.14767,0
Oahu,2020-12-15 08:00,846.854,0,0,928.569,0,0.844256,-82.5593,0
Oahu,2020-12-15 10:00,1014.61,0,0,981.157,7.72069,1.45055,24.277,0
Oahu,2020-12-15 12:00,1071.87,0,0,968.897,20.0486,1.66309,81.2573,0
Oahu,2020-12-15 14:00,951.017,0,0,936.614,7.72069,2.02797,4.6544,0
Oahu,2020-12-15 16:00,883.683,0,0,951.628,0,20.0474,-87.9926,0
Oahu,2020-12-15 18:00,920.02,0,0,1018.33,0,3.51914,-101.833,0
Oahu,2020-12-15 20:00,845.24,0,0,935.529,0,3.26472,-93.5529,0
Oahu,2020-12-15 22:00,748.628,0,0,799.53,0,0.818167,-51.7196,0
Oahu,2022-01-12 00:00,600.35,0,0,644.918,19.0533,0.870698,-64.4918,0
Oahu,2022-01-12 02:00,623.228,0,0,591.725,90.0446,0.630766,-59.1725,0
Oahu,2022-01-12 04:00,589.838,0,0,651.671,2.70011,0.633715,-65.1671,0
Oahu,2022-01-12 06:00,751.019,0,65.432,906.317,0,0.766338,-90.6317,0
Oahu,2022-01-12 08:00,1000.26,0,0,996.164,56.504,1.17107,-99.6164,46.0367
Oahu,2022-01-12 10:00,1360.79,0,0,1051.48,100.154,2.01206,127.041,80.1063
Oahu,2022-01-12 12:00,1386.7,0,0,1054.24,98.9723,27.0853,102.709,103.691
Oahu,2022-01-12 14:00,1502.45,0,0,1040.73,54.602,2.81299,404.311,0
Oahu,2022-01-12 16:00,1160.83,0,0,1010.45,121.106,3.0292,26.2492,0
Oahu,2022-01-12 18:00,856.888,0,102.661,1060.74,0,4.88138,-106.074,0
Oahu,2022-01-12 20:00,851.784,0,11.6302,954.318,0,4.52849,-95.4318,0
Oahu,2022-01-12 22:00,601.407,0,117.249,797.245,0,1.13488,-79.7245,0
Oahu,2022-01-19 00:00,599.67,0,0,607.929,51.6631,0.870698,-60.7929,0
Oahu,2022-01-19 02:00,581.301,0,0,555.933,80.3311,0.630766,-55.5933,0
Oahu,2022-01-19 04:00,566.296,0,0,624.395,3.70626,0.633715,-62.4395,0
Oahu,2022-01-19 06:00,791.675,0,0,878.788,0,0.766338,-87.8788,0
Oahu,2022-01-19 08:00,1102.14,0,0,956.153,52.42,1.17107,92.399,0
Oahu,2022-01-19 10:00,1280.92,0,0,1001.97,194.102,26.7905,58.0509,0
Oahu,2022-01-19 12:00,1454.71,0,0,1018.24,107.015,2.30687,327.148,0
Oahu,2022-01-19 14:00,1257.77,0,0,1014.48,75.8413,2.81299,164.636,0
Oahu,2022-01-19 16:00,857.083,0,35.7135,988.63,0,3.0292,-98.863,0
Oahu,2022-01-19 18:00,916.192,0,26.5668,1042.09,0,4.88138,-104.209,0
Oahu,2022-01-19 20:00,793.676,0,57.7197,940.964,0,4.52849,-94.0964,0
Oahu,2022-01-19 22:00,706.391,0,0,783.617,0,1.13488,-78.3617,0
Oahu,2022-02-12 00:00,491.856,0,0,545.54,0,0.870698,-54.554,0
Oahu,2022-02-12 02:00,434.767,0,21.1686,505.894,0,0.630766,-50.5894,0
Oahu,2022-02-12 04:00,468.232,0,57.8912,583.877,0,0.633715,-58.3877,0
Oahu,2022-02-12 06:00,604.324,0,150,837.286,0,0.766338,-83.7286,0
Oahu,2022-02-12 08:00,955.579,0,0,911.599,54.602,1.17107,-91.1599,79.3669
Oahu,2022-02-12 10:00,1430.57,0,0,958.941,194.102,2.01206,125.517,150
Oahu,2022-02-12 12:00,1458.26,0,0,978.146,37.2288,27.0853,265.802,150
Oahu,2022-02-12 14:00,1446.93,0,0,981.694,68.3939,2.81299,275.099,118.926
Oahu,2022-02-12 16:00,1130.53,0,0,975.246,77.0111,3.0292,-53.1146,128.363
Oahu,2022-02-12 18:00,816.313,0,142.416,1059.83,0,4.88138,-105.983,0
Oahu,2022-02-12 20:00,708.057,0,150,948.366,0,4.52849,-94.8366,0
Oahu,2022-02-12 22:00,586.666,0,81.0498,740.646,0,1.13488,-74.0646,0
Oahu,2022-02-20 00:00,571.741,0,0,607.852,23.8037,0.870698,-60.7852,0
Oahu,2022-02-20 02:00,573.508,0,0,558.87,69.8938,0.630766,-55.887,0
Oahu,2022-02-20 04:00,571.477,0,0,627.89,5.74225,0.633715,-62.789,0
Oahu,2022-02-20 06:00,690.783,0,92.3483,869.294,0,0.766338,-86.9294,0
Oahu,2022-02-20 08:00,1060.67,0,0,965.227,103.667,1.17107,-96.5227,87.127
Oahu,2022-02-20 10:00,1488.41,0,0,1023.63,137.713,26.7905,300.28,0
Oahu,2022-02-20 12:00,1515.54,0,0,1043.61,54.602,2.30687,265.021,150
Oahu,2022-02-20 14:00,1344.47,0,0,1048.5,110.167,2.81299,182.989,0
Oahu,2022-02-20 16:00,1007.36,0,0,1039.57,25.1892,3.0292,-103.957,43.5367
Oahu,2022-02-20 18:00,864.945,0,117.087,1085.72,0,4.88138,-108.572,0
Oahu,2022-02-20 20:00,851.633,0,26.3403,970.494,0,4.52849,-97.0494,0
Oahu,2022-02-20 22:00,582.984,0,100.335,757.982,0,1.13488,-75.7982,0
Oahu,2022-04-10 00:00,581.711,0,0,585.031,54.3123,0.870698,-58.5031,0
Oahu,2022-04-10 02:00,587.901,0,0,548.82,92.5551,1.40766,-54.882,0
Oahu,2022-04-10 04:00,591.671,0,0,633.322,21.0472,0.633715,-63.3322,0
Oahu,2022-04-10 06:00,749.955,0,40.8301,877.798,0,0.766338,-87.7798,0
Oahu,2022-04-10 08:00,885.111,0,0,968.464,5.94633,1.17107,-90.4698,0
Oahu,2022-04-10 10:00,1194.88,0,0,1015.29,116.615,2.01206,60.9653,0
Oahu,2022-04-10 12:00,1358.85,0,0,1005.88,94.2113,2.30687,256.447,0
Oahu,2022-04-10 14:00,1421.3,0,0,1026.74,110.532,26.8146,257.213,0
Oahu,2022-04-10 16:00,1192.08,0,0,1019.63,104.033,3.0292,65.3894,0
Oahu,2022-04-10 18:00,977.338,0,0,1080.51,0,4.88138,-108.051,0
Oahu,2022-04-10 20:00,852.198,0,45.285,992.171,0,4.52849,-99.2171,0
Oahu,2022-04-10 22:00,667.264,0,33.885,777.794,0,1.13488,-77.7794,0
Oahu,2022-05-02 00:00,558.959,0,1.2122,621.445,0,0.870698,-62.1445,0
Oahu,2022-05-02 02:00,519.367,0,0,576.374,0,0.630766,-57.6374,0
Oahu,2022-05-02 04:00,514.67,0,52.674,629.678,0,0.633715,-62.9678,0
Oahu,2022-05-02 06:00,681.041,0,116.739,885.571,0,0.766338,-88.5571,0
Oahu,2022-05-02 08:00,1242.05,0,0,985.7,33.8497,3.91432,68.5869,150
Oahu,2022-05-02 10:00,1699.69,0,0,1036.54,189.947,2.01206,380.105,91.0857
Oahu,2022-05-02 12:00,1425.46,0,0,1056.22,117.025,2.30687,99.9111,150
Oahu,2022-05-02 14:00,1360.32,0,0,1058.08,39.9473,2.81299,109.484,150
Oahu,2022-05-02 16:00,1008.84,0,0,1036.89,50.5689,25.0644,-103.689,0
Oahu,2022-05-02 18:00,839.952,0,111.896,1052.18,0,4.88138,-105.218,0
Oahu,2022-05-02 20:00,776.544,0,119.695,990.79,0,4.52849,-99.079,0
Oahu,2022-05-02 22:00,575.859,0,134.419,787.937,0,1.13488,-78.7937,0
Oahu,2022-06-17 00:00,607.755,0,0,674.315,0,0.870698,-67.4315,0
Oahu,2022-06-17 02:00,589.385,0,0,621.396,29.4976,0.630766,-62.1396,0
Oahu,2022-06-17 04:00,614.151,0,0,681.685,0,0.633715,-68.1685,0
Oahu,2022-06-17 06:00,754.743,0,45.4664,888.271,0,0.766338,-88.8271,0
Oahu,2022-06-17 08:00,1233.15,0,0,1025.16,54.602,25.9495,124.062,3.38182
Oahu,2022-06-17 10:00,1456.41,0,0,1084.56,147.364,2.01206,222.48,0
Oahu,2022-06-17 12:00,1433.85,0,0,1101.97,143.77,2.30687,35.8008,150
Oahu,2022-06-17 14:00,1456.8,0,0,1096.3,54.602,2.81299,303.09,0
Oahu,2022-06-17 16:00,1000.44,0,0,1073.79,31,3.0292,-107.379,0
Oahu,2022-06-17 18:00,904.855,0,54.1247,1060.11,0,4.88138,-106.011,0
Oahu,2022-06-17 20:00,792.274,0,138.513,1029.18,0,4.52849,-102.918,0
Oahu,2022-06-17 22:00,744.166,0,0,825.59,0,1.13488,-82.559,0
Oahu,2022-08-18 00:00,607.105,0,0,673.594,0,0.870698,-67.3594,0
Oahu,2022-08-18 02:00,566.075,0,0,628.271,0,0.630766,-62.8271,0
Oahu,2022-08-18 04:00,556.822,0,61.8645,686.726,0,0.633715,-68.6726,0
Oahu,2022-08-18 06:00,682.261,0,150,923.883,0,0.766338,-92.3883,0
Oahu,2022-08-18 08:00,1365.93,0,0,1062.64,151.634,25.9495,-24.3014,150
Oahu,2022-08-18 10:00,1419.69,0,0,1127.51,68.2075,2.01206,71.9572,150
Oahu,2022-08-18 12:00,1636.75,0,0,1151.74,54.602,2.30687,292.757,135.345
Oahu,2022-08-18 14:00,1547.95,0,0,1155.53,60.4108,2.81299,179.199,150
Oahu,2022-08-18 16:00,1380.71,0,0,1130.41,96.4837,3.0292,71.718,79.0768
Oahu,2022-08-18 18:00,844.686,0,150,1099.78,0,4.88138,-109.978,0
Oahu,2022-08-18 20:00,809.693,0,150,1061.29,0,4.52849,-106.129,0
Oahu,2022-08-18 22:00,637.162,0,119.74,839.742,0,1.13488,-83.9742,0
Oahu,2022-09-10 00:00,590.806,0,14.8057,671.934,0,0.870698,-67.1934,0
Oahu,2022-09-10 02:00,566.196,0,0,625.488,2.62595,0.630766,-62.5488,0
Oahu,2022-09-10 04:00,584.1,0,35.1068,687.303,0,0.633715,-68.7303,0
Oahu,2022-09-10 06:00,677.326,0,150,918.4,0,0.766338,-91.84,0
Oahu,2022-09-10 08:00,1268.86,0,0,1038.17,54.602,1.17107,24.9089,150
Oahu,2022-09-10 10:00,1475.85,0,0,1109.25,44.3703,26.7905,145.442,150
Oahu,2022-09-10 12:00,1568.59,0,0,1120.87,81.645,2.30687,213.765,150
Oahu,2022-09-10 14:00,1505.47,0,0,1120.91,56.6186,2.81299,277.533,47.5903
Oahu,2022-09-10 16:00,1358.42,0,0,1106.66,194.102,3.0292,-75.1573,129.788
Oahu,2022-09-10 18:00,863.11,0,150,1120.25,0,4.88138,-112.025,0
Oahu,2022-09-10 20:00,800.511,0,131.017,1030,0,4.52849,-103,0
Oahu,2022-09-10 22:00,609.37,0,122.152,811.541,0,1.13488,-81.1541,0
Oahu,2022-09-22 00:00,535.588,0,94.1839,698.779,0,0.870698,-69.8779,0
Oahu,2022-09-22 02:00,570.213,0,6.28116,639.848,0,0.630766,-63.9848,0
Oahu,2022-09-22 04:00,591.262,0,0,656.254,0,0.633715,-65.6254,0
Oahu,2022-09-22 06:00,564.672,0,147.035,789.934,0,0.766338,-78.9934,0
Oahu,2022-09-22 08:00,1260.21,0,0,980.569,139.5,1.17107,-11.0293,150
Oahu,2022-09-22 10:00,1442.35,0,0,1049.19,43.1338,2.01206,198.011,150
Oahu,2022-09-22 12:00,1534.49,0,0,1050.75,54.602,27.0853,252.058,150
Oahu,2022-09-22 14:00,1489.46,0,0,1043.78,139.5,2.81299,153.365,150
Oahu,2022-09-22 16:00,1211.06,0,0,1030.88,54.602,3.0292,-27.4486,150
Oahu,2022-09-22 18:00,804.44,0,150,1055.06,0,4.88138,-105.506,0
Oahu,2022-09-22 20:00,724.347,0,150,966.465,0,4.52849,-96.6465,0
Oahu,2022-09-22 22:00,610.031,0,150,843.218,0,1.13488,-84.3218,0
Oahu,2022-10-27 00:00,619.488,0,0,687.352,0,0.870698,-68.7352,0
Oahu,2022-10-27 02:00,566.146,0,0,628.35,0,0.630766,-62.835,0
Oahu,2022-10-27 04:00,584.382,0,1.1586,649.896,0,0.633715,-64.9896,0
Oahu,2022-10-27 06:00,704.27,0,0,781.671,0,0.766338,-78.1671,0
Oahu,2022-10-27 08:00,1318.04,0,0,979.16,93.7913,25.9495,219.142,0
Oahu,2022-10-27 10:00,1352.69,0,0,1040.1,76.7154,2.01206,233.864,0
Oahu,2022-10-27 12:00,1366.88,0,0,1039.68,147.654,2.30687,177.231,0
Oahu,2022-10-27 14:00,1262.8,0,0,1007.42,113.177,2.81299,25.201,114.188
Oahu,2022-10-27 16:00,894.128,0,0,990.11,0,3.0292,-99.011,0
Oahu,2022-10-27 18:00,813.882,0,124.998,1037.78,0,4.88138,-103.778,0
Oahu,2022-10-27 20:00,862.502,0,0,953.304,0,4.52849,-95.3304,0
Oahu,2022-10-27 22:00,662.704,0,81.7682,825.93,0,1.13488,-82.593,0
Oahu,2022-11-22 00:00,673.048,0,0,630.415,0,25.6492,16.9838,0
Oahu,2022-11-22 02:00,692.368,0,0,568.456,0,0.630766,123.281,0
Oahu,2022-11-22 04:00,576.34,0,0,589.968,0,0.633715,-14.2619,0
Oahu,2022-11-22 06:00,597.449,0,45.1562,713.155,0,0.766338,-71.3155,0
Oahu,2022-11-22 08:00,792.822,0,0,879.612,0,1.17107,-87.9612,0
Oahu,2022-11-22 10:00,1047.61,0,0,950.147,2.98511,2.01206,92.4636,0
Oahu,2022-11-22 12:00,1163.26,0,0,935.603,60.5582,2.30687,164.79,0
Oahu,2022-11-22 14:00,1038.53,0,0,896.073,34.0398,2.81299,105.603,0
Oahu,2022-11-22 16:00,831.407,0,0,920.42,0,3.0292,-92.042,0
Oahu,2022-11-22 18:00,796.497,0,74.8438,962.733,0,4.88138,-96.2733,0
Oahu,2022-11-22 20:00,786.346,0,0,868.686,0,4.52849,-86.8686,0
Oahu,2022-11-22 22:00,692.855,0,0,746.118,0,1.13488,-54.3983,0
Oahu,2022-12-15 00:00,588.835,0,0,653.293,0,0.870698,-65.3293,0
Oahu,2022-12-15 02:00,529.351,0,0,587.467,0,0.630766,-58.7467,0
Oahu,2022-12-15 04:00,551.584,0,0,612.167,0,0.633715,-61.2167,0
Oahu,2022-12-15 06:00,667.74,0,0,741.082,0,0.766338,-74.1082,0
Oahu,2022-12-15 08:00,940.274,0,0,914.134,49.9101,1.17107,-24.9413,0
Oahu,2022-12-15 10:00,1158.79,0,0,965.238,125.014,2.01206,66.5298,0
Oahu,2022-12-15 12:00,1405.02,0,0,953.324,143.67,27.0853,280.945,0
Oahu,2022-12-15 14:00,1266.33,0,0,921.952,39.9473,2.81299,301.622,0
Oahu,2022-12-15 16:00,858.573,0,0,936.543,12.6554,3.0292,-93.6543,0
Oahu,2022-12-15 18:00,901.19,0,4.91992,1001.37,0,4.88138,-100.137,0
Oahu,2022-12-15 20:00,764.458,0,68.8782,920.897,0,4.52849,-92.0897,0
Oahu,2022-12-15 22:00,664.797,0,46.2018,788.738,0,1.13488,-78.8738,0
Oahu,2025-01-12 00:00,587.077,0,0,650.598,0,1.53891,-65.0598,0
Oahu,2025-01-12 02:00,596.904,0,0,602.638,53.4149,1.11484,-60.2638,0
Oahu,2025-01-12 04:00,592.138,0,0,656.687,0,1.12005,-65.6687,0
Oahu,2025-01-12 06:00,787.642,0,11.3664,886.282,0,1.35446,-88.6282,0
Oahu,2025-01-12 08:00,958.498,0,0,967.29,85.8667,2.06979,-96.729,0
Oahu,2025-01-12 10:00,1340,0,0,1017.16,73.3099,3.55619,108.341,137.633
Oahu,2025-01-12 12:00,1358.68,0,0,1019.66,66.8868,4.07727,268.062,0
Oahu,2025-01-12 14:00,1473.67,0,0,1007.47,88.9667,4.9718,372.265,0
Oahu,2025-01-12 16:00,1117.71,0,0,980.171,141.661,49.1484,-98.0171,44.7483
Oahu,2025-01-12 18:00,861.171,0,70.4209,1025.52,0,8.62756,-102.552,0
Oahu,2025-01-12 20:00,746.265,0,98.3431,929.561,0,8.00384,-92.9561,0
Oahu,2025-01-12 22:00,630.849,0,80.303,787.94,0,2.00583,-78.794,0
Oahu,2025-01-19 00:00,594.372,0,0,617.248,37.3099,1.53891,-61.7248,0
Oahu,2025-01-19 02:00,579.919,0,0,570.367,65.4741,1.11484,-57.0367,0
Oahu,2025-01-19 04:00,570.005,0,0,632.094,0,1.12005,-63.2094,0
Oahu,2025-01-19 06:00,776.669,0,0,861.461,0,1.35446,-86.1461,0
Oahu,2025-01-19 08:00,1081.27,0,0,931.215,205.511,2.06979,-57.5233,0
Oahu,2025-01-19 10:00,1261.33,0,0,972.529,106.235,3.55619,179.007,0
Oahu,2025-01-19 12:00,1459.97,0,0,987.193,51.6346,47.8718,321.412,51.8549
Oahu,2025-01-19 14:00,1273.54,0,0,983.801,93.3102,4.9718,191.458,0
Oahu,2025-01-19 16:00,845.027,0,24.7744,960.498,0,5.35394,-96.0498,0
Oahu,2025-01-19 18:00,911.338,0,5.11482,1008.69,0,8.62756,-100.869,0
Oahu,2025-01-19 20:00,703.733,0,130.039,917.521,0,8.00384,-91.7521,0
Oahu,2025-01-19 22:00,700.094,0,0,775.653,0,2.00583,-77.5653,0
Oahu,2025-02-12 00:00,502.734,0,3.70137,560.996,0,1.53891,-56.0996,0
Oahu,2025-02-12 02:00,473.84,0,0,525.25,0,1.11484,-52.525,0
Oahu,2025-02-12 04:00,523.232,0,13.8944,595.562,0,1.12005,-59.5562,0
Oahu,2025-02-12 06:00,611.375,0,131.617,824.042,0,1.35446,-82.4042,0
Oahu,2025-02-12 08:00,927.927,0,0,891.045,69.951,10.755,-89.1045,45.281
Oahu,2025-02-12 10:00,1420,0,0,933.73,87.3909,3.55619,245.323,150
Oahu,2025-02-12 12:00,1454.86,0,0,951.045,79.5747,4.07727,270.162,150
Oahu,2025-02-12 14:00,1436.34,0,0,954.244,139.5,4.9718,187.627,150
Oahu,2025-02-12 16:00,1101.4,0,0,948.43,80.2745,40.4632,-94.843,127.074
Oahu,2025-02-12 18:00,780.852,0,150,1024.69,0,8.62756,-102.469,0
Oahu,2025-02-12 20:00,689.779,0,150,924.194,0,8.00384,-92.4194,0
Oahu,2025-02-12 22:00,515.224,0,150,736.909,0,2.00583,-73.6909,0
Oahu,2025-02-20 00:00,557,0,0,617.178,0,1.53891,-61.7178,0
Oahu,2025-02-20 02:00,516.829,0,0,573.015,0,1.11484,-57.3015,0
Oahu,2025-02-20 04:00,572.841,0,0,635.245,0,1.12005,-63.5245,0
Oahu,2025-02-20 06:00,648.791,0,120.175,852.902,0,1.35446,-85.2902,0
Oahu,2025-02-20 08:00,1050.37,0,0,939.397,83.1294,45.8643,-93.9397,75.9202
Oahu,2025-02-20 10:00,1502.01,0,0,992.055,66.011,3.55619,290.387,150
Oahu,2025-02-20 12:00,1542.04,0,0,1010.07,86.2473,4.07727,356.204,85.445
Oahu,2025-02-20 14:00,1360.75,0,0,1014.48,126.536,4.9718,90.2974,124.468
Oahu,2025-02-20 16:00,1005.9,0,0,1006.42,94.7676,5.35394,-100.642,0
Oahu,2025-02-20 18:00,824.415,0,127.448,1048.04,0,8.62756,-104.804,0
Oahu,2025-02-20 20:00,738.453,0,119.282,944.146,0,8.00384,-94.4146,0
Oahu,2025-02-20 22:00,590.605,0,88.6866,752.54,0,2.00583,-75.254,0
Oahu,2025-04-10 00:00,584.441,0,0,596.602,45.9604,1.53891,-59.6602,0
Oahu,2025-04-10 02:00,591.177,0,0,563.954,82.5037,1.11484,-56.3954,0
Oahu,2025-04-10 04:00,597.966,0,0,640.143,20.7175,1.12005,-64.0143,0
Oahu,2025-04-10 06:00,775.866,0,0,860.569,0,1.35446,-86.0569,0
Oahu,2025-04-10 08:00,902.472,0,0,942.315,8.52415,45.8643,-94.2315,0
Oahu,2025-04-10 10:00,1231.93,0,0,984.536,138.298,3.55619,105.541,0
Oahu,2025-04-10 12:00,1284.31,0,0,976.051,102.108,4.07727,202.075,0
Oahu,2025-04-10 14:00,1320.37,0,0,994.861,98.647,4.9718,221.894,0
Oahu,2025-04-10 16:00,1211.51,0,0,988.449,109.114,5.35394,108.591,0
Oahu,2025-04-10 18:00,899.926,0,47.7044,1043.34,0,8.62756,-104.334,0
Oahu,2025-04-10 20:00,803.03,0,72.2956,963.691,0,8.00384,-96.3691,0
Oahu,2025-04-10 22:00,695.368,0,0,770.402,0,2.00583,-77.0402,0
Oahu,2025-05-02 00:00,560.263,0,7.76654,629.434,0,1.53891,-62.9434,0
Oahu,2025-05-02 02:00,531.032,0,0,588.797,0,1.11484,-58.8797,0
Oahu,2025-05-02 04:00,485.327,0,88.9645,636.857,0,1.12005,-63.6857,0
Oahu,2025-05-02 06:00,748.905,0,33.2688,867.577,0,1.35446,-86.7577,0
Oahu,2025-05-02 08:00,1196.88,0,0,957.856,116.697,2.06979,-29.7469,150
Oahu,2025-05-02 10:00,1678.05,0,0,1003.69,154.169,3.55619,366.628,150
Oahu,2025-05-02 12:00,1401.75,0,0,1021.44,109.968,47.8718,72.4737,150
Oahu,2025-05-02 14:00,1333.39,0,0,1023.11,66.011,4.9718,239.292,0
Oahu,2025-05-02 16:00,961.661,0,0,1004.01,9.84538,5.35394,-100.401,42.8489
Oahu,2025-05-02 18:00,774.648,0,150,1017.8,0,8.62756,-101.78,0
Oahu,2025-05-02 20:00,724.204,0,150,962.445,0,8.00384,-96.2445,0
Oahu,2025-05-02 22:00,634.105,0,69.4938,779.548,0,2.00583,-77.9548,0
Oahu,2025-06-17 00:00,610.932,0,0,677.104,0,1.53891,-67.7104,0
Oahu,2025-06-17 02:00,594.098,0,0,629.39,26.5315,1.11484,-62.939,0
Oahu,2025-06-17 04:00,616.494,0,0,683.749,0,1.12005,-68.3749,0
Oahu,2025-06-17 06:00,729.994,0,54.3709,870.011,0,1.35446,-87.0011,0
Oahu,2025-06-17 08:00,1158.17,0,0,993.43,72.8154,2.06979,89.8579,0
Oahu,2025-06-17 10:00,1419.16,0,0,1046.99,152.445,47.3507,172.376,0
Oahu,2025-06-17 12:00,1409.07,0,0,1062.69,105.187,4.07727,237.122,0
Oahu,2025-06-17 14:00,1416.78,0,0,1057.57,126.244,4.9718,173.947,54.0435
Oahu,2025-06-17 16:00,938.904,0,0,1037.28,0,5.35394,-103.728,0
Oahu,2025-06-17 18:00,931.078,0,0,1024.94,0,8.62756,-102.494,0
Oahu,2025-06-17 20:00,798.11,0,107.243,997.055,0,8.00384,-99.7055,0
Oahu,2025-06-17 22:00,734.153,0,0,813.497,0,2.00583,-81.3497,0
Oahu,2025-08-18 00:00,610.347,0,0,676.453,0,1.53891,-67.6453,0
Oahu,2025-08-18 02:00,573.145,0,0,635.589,0,1.11484,-63.5589,0
Oahu,2025-08-18 04:00,543.57,0,77.0135,688.293,0,1.12005,-68.8293,0
Oahu,2025-08-18 06:00,718.005,0,95.2582,902.121,0,1.35446,-90.2121,0
Oahu,2025-08-18 08:00,1309.08,0,0,1027.23,66.011,2.06979,63.771,150
Oahu,2025-08-18 10:00,1385.92,0,0,1085.72,66.011,47.3507,36.8442,150
Oahu,2025-08-18 12:00,1613.55,0,0,1107.57,48.7088,4.07727,303.204,150
Oahu,2025-08-18 14:00,1524.7,0,0,1110.98,136.46,4.9718,122.293,150
Oahu,2025-08-18 16:00,1340.91,0,0,1088.33,139.5,5.35394,55.4324,52.3009
Oahu,2025-08-18 18:00,813.272,0,150,1060.72,0,8.62756,-106.072,0
Oahu,2025-08-18 20:00,781.416,0,150,1026.01,0,8.00384,-102.601,0
Oahu,2025-08-18 22:00,595.637,0,150,826.257,0,2.00583,-82.6257,0
Oahu,2025-09-10 00:00,601.198,0,7.80206,674.957,0,1.53891,-67.4957,0
Oahu,2025-09-10 02:00,570.887,0,0,633.08,0,1.11484,-63.308,0
Oahu,2025-09-10 04:00,572.396,0,48.656,688.814,0,1.12005,-68.8814,0
Oahu,2025-09-10 06:00,658.813,0,150,897.176,0,1.35446,-89.7176,0
Oahu,2025-09-10 08:00,1212.92,0,0,1005.17,33.4558,2.06979,22.2225,150
Oahu,2025-09-10 10:00,1435.47,0,0,1069.25,139.5,3.55619,73.1641,150
Oahu,2025-09-10 12:00,1537.59,0,0,1079.73,98.1664,47.8718,161.817,150
Oahu,2025-09-10 14:00,1468.46,0,0,1079.77,138.345,4.9718,245.372,0
Oahu,2025-09-10 16:00,1310.44,0,0,1066.91,47.2243,5.35394,74.6067,116.345
Oahu,2025-09-10 18:00,868.834,0,111.05,1079.17,0,8.62756,-107.917,0
Oahu,2025-09-10 20:00,794.757,0,111.265,997.798,0,8.00384,-99.7798,0
Oahu,2025-09-10 22:00,595.44,0,127.312,800.829,0,2.00583,-80.0829,0
Oahu,2025-09-22 00:00,507.955,0,122.829,699.161,0,1.53891,-69.9161,0
Oahu,2025-09-22 02:00,582.539,0,0,646.027,0,1.11484,-64.6027,0
Oahu,2025-09-22 04:00,530.633,0,65.2238,660.819,0,1.12005,-66.0819,0
Oahu,2025-09-22 06:00,561,0,143.568,781.349,0,1.35446,-78.1349,0
Oahu,2025-09-22 08:00,1232.53,0,0,953.23,66.011,45.8643,17.4218,150
Oahu,2025-09-22 10:00,1423.87,0,0,1015.1,69.4507,3.55619,185.758,150
Oahu,2025-09-22 12:00,1524.34,0,0,1016.5,84.9006,4.07727,268.859,150
Oahu,2025-09-22 14:00,1454.93,0,0,1010.22,104.152,4.9718,185.585,150
Oahu,2025-09-22 16:00,1186.26,0,0,998.593,132.177,5.35394,-99.8593,150
Oahu,2025-09-22 18:00,776.985,0,150,1020.4,0,8.62756,-102.04,0
Oahu,2025-09-22 20:00,704.466,0,150,940.513,0,8.00384,-94.0513,0
Oahu,2025-09-22 22:00,682.578,0,65.8792,829.39,0,2.00583,-82.939,0
Oahu,2025-10-27 00:00,621.511,0,0,688.858,0,1.53891,-68.8858,0
Oahu,2025-10-27 02:00,573.209,0,0,635.66,0,1.11484,-63.566,0
Oahu,2025-10-27 04:00,590.698,0,0,655.087,0,1.12005,-65.5087,0
Oahu,2025-10-27 06:00,589.341,0,108.522,773.898,0,1.35446,-77.3898,0
Oahu,2025-10-27 08:00,1356.94,0,0,951.959,123.402,45.8643,85.712,150
Oahu,2025-10-27 10:00,1403.95,0,0,1006.9,139.5,3.55619,103.991,150
Oahu,2025-10-27 12:00,1422.53,0,0,1006.53,66.011,4.07727,252.389,93.5251
Oahu,2025-10-27 14:00,1314.36,0,0,977.438,127.778,4.9718,204.167,0
Oahu,2025-10-27 16:00,871.003,0,0,961.832,0,5.35394,-96.1832,0
Oahu,2025-10-27 18:00,809.403,0,103.553,1004.81,0,8.62756,-100.481,0
Oahu,2025-10-27 20:00,735.01,0,108.776,928.647,0,8.00384,-92.8647,0
Oahu,2025-10-27 22:00,632.265,0,102.164,813.803,0,2.00583,-81.3803,0
Oahu,2025-11-22 00:00,600.819,0,0,637.522,0,4.9498,-41.6532,0
Oahu,2025-11-22 02:00,579.368,0,0,581.658,0,1.11484,-3.4055,0
Oahu,2025-11-22 04:00,576.605,0,0,601.054,0,35.6565,-60.1054,0
Oahu,2025-11-22 06:00,586.852,0,61.2595,712.122,0,7.20164,-71.2122,0
Oahu,2025-11-22 08:00,798.67,0,0,862.204,0,2.06979,-65.6044,0
Oahu,2025-11-22 10:00,1092.51,0,0,925.801,11.4261,3.55619,151.73,0
Oahu,2025-11-22 12:00,1208.28,0,0,912.687,68.7451,4.07727,222.772,0
Oahu,2025-11-22 14:00,1077.25,0,0,877.046,41.7474,4.9718,153.489,0
Oahu,2025-11-22 16:00,847.554,0,0,898.998,0,5.35394,-56.7983,0
Oahu,2025-11-22 18:00,805.373,0,46.6879,937.148,0,8.62756,-93.7148,0
Oahu,2025-11-22 20:00,763.069,0,12.0526,852.353,0,8.00384,-85.2353,0
Oahu,2025-11-22 22:00,693.587,0,0,741.843,0,2.00583,-50.2623,0
Oahu,2025-12-15 00:00,593.873,0,0,658.149,0,1.53891,-65.8149,0
Oahu,2025-12-15 02:00,540.034,0,0,598.799,0,1.11484,-59.8799,0
Oahu,2025-12-15 04:00,560.082,0,0,621.069,0,1.12005,-62.1069,0
Oahu,2025-12-15 06:00,630.06,0,34.8661,737.302,0,1.35446,-73.7302,0
Oahu,2025-12-15 08:00,917.404,0,0,893.33,67.5428,45.8643,-89.333,0
Oahu,2025-12-15 10:00,1158.97,0,0,939.407,84.7088,3.55619,131.299,0
Oahu,2025-12-15 12:00,1408.91,0,0,928.665,113.032,4.07727,363.135,0
Oahu,2025-12-15 14:00,1257.8,0,0,900.379,139.5,4.9718,212.952,0
Oahu,2025-12-15 16:00,860.651,0,0,913.535,33.1156,5.35394,-91.3535,0
Oahu,2025-12-15 18:00,840.091,0,43.3183,971.98,0,8.62756,-97.198,0
Oahu,2025-12-15 20:00,775.674,0,41.8155,899.428,0,8.00384,-89.9428,0
Oahu,2025-12-15 22:00,704.249,0,0,780.27,0,2.00583,-78.027,0
Oahu,2030-01-12 00:00,626.802,0,9.70498,703.428,0,3.42205,-70.3428,0
Oahu,2030-01-12 02:00,608.863,0,0,673.76,0,2.47906,-67.376,0
Oahu,2030-01-12 04:00,607.392,0,31.5734,707.194,0,2.49065,-70.7194,0
Oahu,2030-01-12 06:00,617.31,0,150,849.22,0,3.01189,-84.922,0
Oahu,2030-01-12 08:00,890.686,0,0,899.332,76.6846,4.60256,-89.9332,0
Oahu,2030-01-12 10:00,1306.45,0,0,930.181,99.398,105.293,38.497,133.079
Oahu,2030-01-12 12:00,1333.38,0,0,931.725,114.7,9.06655,277.889,0
Oahu,2030-01-12 14:00,1446.91,0,0,924.187,94.0568,11.0557,417.61,0
Oahu,2030-01-12 16:00,1054.38,0,0,907.3,146.045,11.9055,-90.73,79.8632
Oahu,2030-01-12 18:00,770.949,0,90.0513,935.35,0,19.185,-93.535,0
Oahu,2030-01-12 20:00,803.556,0,2.63549,875.992,0,17.798,-87.5992,0
Oahu,2030-01-12 22:00,714.008,0,0,788.387,0,4.46033,-78.8387,0
Oahu,2030-01-19 00:00,617.94,0,0,682.797,0,3.42205,-68.2797,0
Oahu,2030-01-19 02:00,590.896,0,0,653.797,0,2.47906,-65.3797,0
Oahu,2030-01-19 04:00,625.274,0,0,691.981,0,2.49065,-69.1981,0
Oahu,2030-01-19 06:00,700.571,0,52.9207,833.866,0,3.01189,-83.3866,0
Oahu,2030-01-19 08:00,1008.43,0,0,877.016,120.159,4.60256,6.65174,0
Oahu,2030-01-19 10:00,1225.44,0,0,902.572,99.398,7.90785,215.561,0
Oahu,2030-01-19 12:00,1447.89,0,0,911.643,161.588,106.452,247.653,20.5565
Oahu,2030-01-19 14:00,1233.66,0,0,909.545,149.739,11.0557,163.319,0
Oahu,2030-01-19 16:00,817.522,0,0,895.13,0,11.9055,-89.513,0
Oahu,2030-01-19 18:00,832.977,0,18.6584,924.944,0,19.185,-92.4944,0
Oahu,2030-01-19 20:00,735.239,0,64.2494,868.544,0,17.798,-86.8544,0
Oahu,2030-01-19 22:00,707.168,0,0,780.786,0,4.46033,-78.0786,0
Oahu,2030-02-12 00:00,523.758,0,62.8646,648,0,3.42205,-64.8,0
Oahu,2030-02-12 02:00,508.974,0,56.8045,625.888,0,2.47906,-62.5888,0
Oahu,2030-02-12 04:00,542.248,0,62.6875,669.383,0,2.49065,-66.9383,0
Oahu,2030-02-12 06:00,582.659,0,150,810.719,0,3.01189,-81.0719,0
Oahu,2030-02-12 08:00,945.943,0,0,852.167,24.3904,4.60256,-85.2167,150
Oahu,2030-02-12 10:00,1293.61,0,0,878.571,46.5,7.90785,210.628,150
Oahu,2030-02-12 12:00,1671.82,0,0,889.282,238.898,106.452,287.192,150
Oahu,2030-02-12 14:00,1499.21,0,0,891.262,238.898,11.0557,207.996,150
Oahu,2030-02-12 16:00,1199.7,0,0,887.665,238.898,11.9055,-88.7665,150
Oahu,2030-02-12 18:00,746.801,0,113.741,934.841,0,19.185,-93.4841,0
Oahu,2030-02-12 20:00,701.801,0,101.402,872.673,0,17.798,-87.2673,0
Oahu,2030-02-12 22:00,535.597,0,150,756.819,0,4.46033,-75.6819,0
Oahu,2030-02-20 00:00,551.949,0,65.9521,682.755,0,3.42205,-68.2755,0
Oahu,2030-02-20 02:00,551.826,0,40.5449,655.435,0,2.47906,-65.5435,0
Oahu,2030-02-20 04:00,535.062,0,91.9666,693.931,0,2.49065,-69.3931,0
Oahu,2030-02-20 06:00,683.79,0,64.9365,828.572,0,3.01189,-82.8572,0
Oahu,2030-02-20 08:00,995.71,0,0,882.077,21.7505,4.60256,-62.7204,150
Oahu,2030-02-20 10:00,1498.82,0,0,914.651,162.924,105.293,165.956,150
Oahu,2030-02-20 12:00,1562.96,0,0,925.793,161.588,9.06655,316.508,150
Oahu,2030-02-20 14:00,1358.09,0,0,928.523,99.398,11.0557,218.758,100.36
Oahu,2030-02-20 16:00,966.696,0,0,923.539,85.223,11.9055,-92.3539,38.3822
Oahu,2030-02-20 18:00,814.059,0,59.4802,949.283,0,19.185,-94.9283,0
Oahu,2030-02-20 20:00,664.312,0,150,885.015,0,17.798,-88.5015,0
Oahu,2030-02-20 22:00,593.849,0,100.451,766.488,0,4.46033,-76.6488,0
Oahu,2030-04-10 00:00,606.446,0,0,670.026,0,3.42205,-67.0026,0
Oahu,2030-04-10 02:00,587.358,0,0,649.83,0.0320847,2.47906,-64.983,0
Oahu,2030-04-10 04:00,629.755,0,0,696.96,0,2.49065,-69.696,0
Oahu,2030-04-10 06:00,706.054,0,46.9409,833.314,0,3.01189,-83.3314,0
Oahu,2030-04-10 08:00,853.917,0,0,883.882,0,4.60256,-88.3882,53.8202
Oahu,2030-04-10 10:00,1207.06,0,0,910,161.588,7.90785,106.414,21.1446
Oahu,2030-04-10 12:00,1260.1,0,0,904.751,139.5,106.452,109.399,0
Oahu,2030-04-10 14:00,1298.57,0,0,916.387,130.398,11.0557,240.728,0
Oahu,2030-04-10 16:00,1202.69,0,0,912.42,99.398,11.9055,178.962,0
Oahu,2030-04-10 18:00,841.769,0,29.1523,946.374,0,19.185,-94.6374,0
Oahu,2030-04-10 20:00,794.21,0,30.9823,897.105,0,17.798,-89.7105,0
Oahu,2030-04-10 22:00,633.597,0,70.6474,777.538,0,4.46033,-77.7538,0
Oahu,2030-05-02 00:00,581.965,0,42.7588,690.336,0,3.42205,-69.0336,0
Oahu,2030-05-02 02:00,571.13,0,30.0269,665.198,0,2.47906,-66.5198,0
Oahu,2030-05-02 04:00,495.666,0,132.26,694.928,0,2.49065,-69.4928,0
Oahu,2030-05-02 06:00,628.579,0,128.318,837.65,0,3.01189,-83.765,0
Oahu,2030-05-02 08:00,1205.99,0,0,893.496,142.841,4.60256,15.0533,150
Oahu,2030-05-02 10:00,1734.21,0,0,921.851,130.398,7.90785,524.055,150
Oahu,2030-05-02 12:00,1433.33,0,0,932.828,99.398,106.452,144.651,150
Oahu,2030-05-02 14:00,1211.43,0,0,933.863,158.247,11.0557,-41.7326,150
Oahu,2030-05-02 16:00,991.75,0,0,922.049,0,11.9055,-92.2049,150
Oahu,2030-05-02 18:00,706.704,0,150,930.577,0,19.185,-93.0577,0
Oahu,2030-05-02 20:00,703.527,0,120.972,896.334,0,17.798,-89.6334,0
Oahu,2030-05-02 22:00,616.172,0,93.1642,783.195,0,4.46033,-78.3195,0
Oahu,2030-06-17 00:00,596.766,0,54.4971,719.824,0,3.42205,-71.9824,0
Oahu,2030-06-17 02:00,623.757,0,0,690.309,0,2.47906,-69.0309,0
Oahu,2030-06-17 04:00,654.032,0,0,723.934,0,2.49065,-72.3934,0
Oahu,2030-06-17 06:00,659.405,0,98.8466,839.155,0,3.01189,-83.9155,0
Oahu,2030-06-17 08:00,1125.37,0,0,915.502,137.459,4.60256,67.805,0
Oahu,2030-06-17 10:00,1430.93,0,0,948.633,132.439,105.293,94.5617,150
Oahu,2030-06-17 12:00,1441.6,0,0,958.343,161.588,9.06655,280.754,31.8491
Oahu,2030-06-17 14:00,1429.79,0,0,955.181,99.398,11.0557,214.158,150
Oahu,2030-06-17 16:00,904.027,0,0,942.626,0,11.9055,-94.2626,43.7582
Oahu,2030-06-17 18:00,741.156,0,119.526,934.997,0,19.185,-93.4997,0
Oahu,2030-06-17 20:00,780.335,0,63.4322,917.744,0,17.798,-91.7744,0
Oahu,2030-06-17 22:00,655.321,0,72.9157,804.196,0,4.46033,-80.4196,0
Oahu,2030-08-18 00:00,566.983,0,83.918,719.421,0,3.42205,-71.9421,0
Oahu,2030-08-18 02:00,533.39,0,93.8183,694.143,0,2.47906,-69.4143,0
Oahu,2030-08-18 04:00,616.293,0,40.2685,726.746,0,2.49065,-72.6746,0
Oahu,2030-08-18 06:00,626.128,0,150,859.018,0,3.01189,-85.9018,0
Oahu,2030-08-18 08:00,1276.21,0,0,936.411,238.898,4.60256,-53.7006,150
Oahu,2030-08-18 10:00,1303.79,0,0,972.589,119.118,105.293,-43.2141,150
Oahu,2030-08-18 12:00,1572.34,0,0,986.105,155.069,9.06655,272.103,150
Oahu,2030-08-18 14:00,1708.46,0,0,988.215,238.898,11.0557,320.287,150
Oahu,2030-08-18 16:00,1310.45,0,0,974.205,99.398,11.9055,74.9447,150
Oahu,2030-08-18 18:00,730.597,0,150,957.124,0,19.185,-95.7124,0
Oahu,2030-08-18 20:00,709.89,0,150,935.658,0,17.798,-93.5658,0
Oahu,2030-08-18 22:00,705.845,0,29.4952,812.089,0,4.46033,-81.2089,0
Oahu,2030-09-10 00:00,585.474,0,64.594,718.496,0,3.42205,-71.8496,0
Oahu,2030-09-10 02:00,582.657,0,43.1544,692.591,0,2.47906,-69.2591,0
Oahu,2030-09-10 04:00,600.801,0,56.0506,727.068,0,2.49065,-72.7068,0
Oahu,2030-09-10 06:00,700.588,0,72.7871,855.96,0,3.01189,-85.596,0
Oahu,2030-09-10 08:00,1121.92,0,0,922.763,46.2396,95.1932,-92.2763,150
Oahu,2030-09-10 10:00,1379.36,0,0,962.402,99.398,14.7023,152.857,150
Oahu,2030-09-10 12:00,1502.55,0,0,968.887,143.784,9.06655,230.809,150
Oahu,2030-09-10 14:00,1418.98,0,0,968.91,116.905,11.0557,172.105,150
Oahu,2030-09-10 16:00,1285.23,0,0,960.959,124.558,11.9055,104.227,83.5834
Oahu,2030-09-10 18:00,740.873,0,150,968.542,0,19.185,-96.8542,0
Oahu,2030-09-10 20:00,719.849,0,124.332,918.204,0,17.798,-91.8204,0
Oahu,2030-09-10 22:00,585.743,0,135.441,796.36,0,4.46033,-79.636,0
Oahu,2030-09-22 00:00,525.704,0,137.84,733.468,0,3.42205,-73.3468,0
Oahu,2030-09-22 02:00,541.225,0,91.7937,700.6,0,2.47906,-70.06,0
Oahu,2030-09-22 04:00,587.76,0,53.506,709.75,0,2.49065,-70.975,0
Oahu,2030-09-22 06:00,588.653,0,120.237,784.309,0,3.01189,-78.4309,0
Oahu,2030-09-22 08:00,1237.17,0,0,890.634,141.889,4.60256,50.0417,150
Oahu,2030-09-22 10:00,1131.04,0,0,928.909,39.7328,105.293,-92.8909,150
Oahu,2030-09-22 12:00,1415.85,0,0,929.774,103.776,9.06655,223.229,150
Oahu,2030-09-22 14:00,1697.3,0,0,925.889,221.216,11.0557,389.139,150
Oahu,2030-09-22 16:00,1305.69,0,0,918.695,238.898,11.9055,-13.8085,150
Oahu,2030-09-22 18:00,794.175,0,63.975,932.183,0,19.185,-93.2183,0
Oahu,2030-09-22 20:00,732.14,0,80.1486,882.767,0,17.798,-88.2767,0
Oahu,2030-09-22 22:00,587.085,0,150,814.028,0,4.46033,-81.4028,0
Oahu,2030-10-27 00:00,537.77,0,120.037,727.095,0,3.42205,-72.7095,0
Oahu,2030-10-27 02:00,536.913,0,90.3343,694.187,0,2.47906,-69.4187,0
Oahu,2030-10-27 04:00,601.907,0,36.1674,706.204,0,2.49065,-70.6204,0
Oahu,2030-10-27 06:00,676.947,0,27.7947,779.7,0,3.01189,-77.97,0
Oahu,2030-10-27 08:00,1334.46,0,0,889.848,161.588,4.60256,128.42,150
Oahu,2030-10-27 10:00,1413.58,0,0,923.836,99.398,105.293,177.671,107.38
Oahu,2030-10-27 12:00,1435.9,0,0,923.604,176.653,9.06655,176.574,150
Oahu,2030-10-27 14:00,1317.79,0,0,905.609,93.2451,11.0557,157.884,150
Oahu,2030-10-27 16:00,818.265,0,0,895.956,0,11.9055,-89.5956,0
Oahu,2030-10-27 18:00,780.193,0,69.279,922.541,0,19.185,-92.2541,0
Oahu,2030-10-27 20:00,683.315,0,122.367,875.427,0,17.798,-87.5427,0
Oahu,2030-10-27 22:00,645.205,0,83.2024,804.385,0,4.46033,-80.4385,0
Oahu,2030-11-22 00:00,629.227,0,0,695.339,0,3.42205,-69.5339,0
Oahu,2030-11-22 02:00,579.368,0,17.8152,660.782,0,2.47906,-66.0782,0
Oahu,2030-11-22 04:00,576.943,0,31.0493,672.78,0,2.49065,-67.278,0
Oahu,2030-11-22 06:00,599.214,0,71.1355,741.486,0,3.01189,-74.1486,0
Oahu,2030-11-22 08:00,839.513,0,0,834.326,0,4.60256,0.584227,0
Oahu,2030-11-22 10:00,1183.27,0,0,873.667,139.5,105.293,64.8091,0
Oahu,2030-11-22 12:00,1299.5,0,0,865.555,229.94,9.06655,194.944,0
Oahu,2030-11-22 14:00,1155.48,0,0,843.507,62.7981,11.0557,238.12,0
Oahu,2030-11-22 16:00,894.452,0,0,857.086,0,11.9055,25.4604,0
Oahu,2030-11-22 18:00,811.802,0,0,880.686,0,19.185,-88.0686,0
Oahu,2030-11-22 20:00,763.207,0,0,828.232,0,17.798,-82.8232,0
Oahu,2030-11-22 22:00,688.344,0,0,759.871,0,4.46033,-75.9871,0
Oahu,2030-12-15 00:00,601.039,0,39.6723,708.099,0,3.42205,-70.8099,0
Oahu,2030-12-15 02:00,522.807,0,83.918,671.385,0,2.47906,-67.1385,0
Oahu,2030-12-15 04:00,540.022,0,79.1136,685.161,0,2.49065,-68.5161,0
Oahu,2030-12-15 06:00,534.368,0,150,757.062,0,3.01189,-75.7062,0
Oahu,2030-12-15 08:00,990.35,0,0,853.581,75.1335,4.60256,-85.3581,142.392
Oahu,2030-12-15 10:00,1283.99,0,0,882.083,216.853,7.90785,27.143,150
Oahu,2030-12-15 12:00,1539.47,0,0,875.438,99.398,106.452,329.301,128.88
Oahu,2030-12-15 14:00,1360.51,0,0,857.941,139.5,11.0557,352.015,0
Oahu,2030-12-15 16:00,909.364,0,0,866.079,0,11.9055,-86.6079,117.988
Oahu,2030-12-15 18:00,681.292,0,149.903,902.233,0,19.185,-90.2233,0
Oahu,2030-12-15 20:00,789.415,0,0,857.353,0,17.798,-85.7353,0
Oahu,2030-12-15 22:00,677.115,0,32.6229,783.642,0,4.46033,-78.3642,0
Oahu,2035-01-12 00:00,506.12,0,145.018,716.062,0,6.6821,-71.6062,0
Oahu,2035-01-12 02:00,554.424,0,67.2204,685.337,0,4.84077,-68.5337,0
Oahu,2035-01-12 04:00,652.83,0,0,719.963,0,4.86339,-71.9963,0
Oahu,2035-01-12 06:00,636.229,0,150,867.053,0,5.8812,-86.7053,0
Oahu,2035-01-12 08:00,1097.03,0,0,918.951,80.4762,8.98724,-61.3859,150
Oahu,2035-01-12 10:00,1451.97,0,0,950.9,154.612,205.602,-9.14229,150
Oahu,2035-01-12 12:00,1438.29,0,0,952.499,139.5,17.7039,178.586,150
Oahu,2035-01-12 14:00,1552.16,0,0,944.692,111.763,21.5881,366.344,107.776
Oahu,2035-01-12 16:00,1184.69,0,0,927.203,144.287,23.2474,89.9484,0
Oahu,2035-01-12 18:00,866.167,0,31.9227,956.253,0,37.4618,-95.6253,0
Oahu,2035-01-12 20:00,834.729,0,5.32586,894.779,0,34.7535,-89.4779,0
Oahu,2035-01-12 22:00,582.355,0,150,804.05,0,8.70951,-80.405,0
Oahu,2035-01-19 00:00,759.626,0,0,694.696,127.717,6.6821,-69.4696,0
Oahu,2035-01-19 02:00,660.274,0,0,664.662,57.237,4.84077,-66.4662,0
Oahu,2035-01-19 04:00,638.651,0,0,704.208,0,4.86339,-70.4208,0
Oahu,2035-01-19 06:00,771.918,0,0,851.151,0,5.8812,-85.1151,0
Oahu,2035-01-19 08:00,1086.65,0,0,895.84,175.287,8.98724,-89.3187,95.8538
Oahu,2035-01-19 10:00,1303.64,0,0,922.307,172.572,15.4414,193.321,0
Oahu,2035-01-19 12:00,1536.5,0,0,931.701,172.572,207.864,224.367,0
Oahu,2035-01-19 14:00,1324.88,0,0,929.528,56.3271,21.5881,317.434,0
Oahu,2035-01-19 16:00,846.387,0,0,914.599,0,23.2474,-91.4599,0
Oahu,2035-01-19 18:00,808.175,0,80.2154,945.477,0,37.4618,-94.5477,0
Oahu,2035-01-19 20:00,719.521,0,113.592,887.066,0,34.7535,-88.7066,0
Oahu,2035-01-19 22:00,725.27,0,0,796.179,0,8.70951,-79.6179,0
Oahu,2035-02-12 00:00,599.475,0,0,658.659,0,6.6821,-65.8659,0
Oahu,2035-02-12 02:00,525.773,0,51.2501,635.759,0,4.84077,-63.5759,0
Oahu,2035-02-12 04:00,566.292,0,51.2954,680.804,0,4.86339,-68.0804,0
Oahu,2035-02-12 06:00,600.343,0,150,827.179,0,5.8812,-82.7179,0
Oahu,2035-02-12 08:00,1081.58,0,0,870.104,139.5,8.98724,-87.0104,150
Oahu,2035-02-12 10:00,1230.08,0,0,897.45,92.9948,179.38,-89.745,150
Oahu,2035-02-12 12:00,1866.64,0,0,908.543,283.787,43.9252,480.382,150
Oahu,2035-02-12 14:00,1695.11,0,0,910.593,283.787,21.5881,329.143,150
Oahu,2035-02-12 16:00,1215.12,0,0,906.868,225.69,23.2474,-90.6868,150
Oahu,2035-02-12 18:00,747.615,0,150,955.726,0,37.4618,-95.5726,0
Oahu,2035-02-12 20:00,692.006,0,144.955,891.341,0,34.7535,-89.1341,0
Oahu,2035-02-12 22:00,552.931,0,150,771.357,0,8.70951,-77.1357,0
Oahu,2035-02-20 00:00,555.955,0,75.9137,694.652,0,6.6821,-69.4652,0
Oahu,2035-02-20 02:00,454.564,0,150,666.359,0,4.84077,-66.6359,0
Oahu,2035-02-20 04:00,570.372,0,70.0957,706.227,0,4.86339,-70.6227,0
Oahu,2035-02-20 06:00,616.982,0,150,845.668,0,5.8812,-84.5668,0
Oahu,2035-02-20 08:00,1009.19,0,0,901.081,76.3418,8.98724,-90.1081,112.892
Oahu,2035-02-20 10:00,1564.72,0,0,934.816,205.855,15.4414,258.608,150
Oahu,2035-02-20 12:00,1691.6,0,0,946.355,144.287,207.864,256.36,136.731
Oahu,2035-02-20 14:00,1480.25,0,0,949.183,139.5,21.5881,226.451,143.53
Oahu,2035-02-20 16:00,1087.52,0,0,944.021,64.6543,23.2474,-94.4021,150
Oahu,2035-02-20 18:00,850.362,0,60.7138,970.683,0,37.4618,-97.0683,0
Oahu,2035-02-20 20:00,701.46,0,147.005,904.124,0,34.7535,-90.4124,0
Oahu,2035-02-20 22:00,711.944,0,0,781.371,0,8.70951,-78.1371,0
Oahu,2035-04-10 00:00,608.946,0,11.0591,681.47,0,6.6821,-68.147,0
Oahu,2035-04-10 02:00,599.339,0,0,660.554,0,4.84077,-66.0554,0
Oahu,2035-04-10 04:00,643.291,0,0,709.364,0,4.86339,-70.9364,0
Oahu,2035-04-10 06:00,716.173,0,55.2298,850.58,0,5.8812,-85.058,0
Oahu,2035-04-10 08:00,854.112,0,0,902.951,0,8.98724,-57.826,0
Oahu,2035-04-10 10:00,1261.69,0,0,929.999,112.546,205.602,13.538,0
Oahu,2035-04-10 12:00,1244.45,0,0,924.564,0,17.7039,302.183,0
Oahu,2035-04-10 14:00,1256.46,0,0,936.614,144.287,21.5881,153.974,0
Oahu,2035-04-10 16:00,1101.79,0,0,932.506,0,23.2474,146.041,0
Oahu,2035-04-10 18:00,882.508,0,25.8573,967.67,0,37.4618,-96.767,0
Oahu,2035-04-10 20:00,831.88,0,27.8537,916.645,0,34.7535,-91.6645,0
Oahu,2035-04-10 22:00,722.243,0,0,792.815,0,8.70951,-79.2815,0
Oahu,2035-05-02 00:00,506.171,0,132.764,702.504,0,6.6821,-70.2504,0
Oahu,2035-05-02 02:00,476.61,0,137.054,676.47,0,4.84077,-67.647,0
Oahu,2035-05-02 04:00,539.967,0,101.43,707.26,0,4.86339,-70.726,0
Oahu,2035-05-02 06:00,625.444,0,150,855.07,0,5.8812,-85.507,0
Oahu,2035-05-02 08:00,1133.64,0,0,912.906,126.424,35.5968,-91.2906,150
Oahu,2035-05-02 10:00,1681.52,0,0,942.273,97.833,15.4414,475.977,150
Oahu,2035-05-02 12:00,1363.91,0,0,953.641,65.0601,181.255,13.9571,150
Oahu,2035-05-02 14:00,1558.37,0,0,954.713,239.319,21.5881,192.746,150
Oahu,2035-05-02 16:00,1294.9,0,0,942.478,209.847,23.2474,-30.6762,150
Oahu,2035-05-02 18:00,743.641,0,150,951.31,0,37.4618,-95.131,0
Oahu,2035-05-02 20:00,858.248,0,0.767275,915.847,0,34.7535,-91.5847,0
Oahu,2035-05-02 22:00,702.031,0,25.4853,798.674,0,8.70951,-79.8674,0
Oahu,2035-06-17 00:00,666.421,0,0,733.043,0,6.6821,-73.3043,0
Oahu,2035-06-17 02:00,609.996,0,27.073,702.476,0,4.84077,-70.2476,0
Oahu,2035-06-17 04:00,547.31,0,121.124,737.3,0,4.86339,-73.73,0
Oahu,2035-06-17 06:00,626.847,0,150,856.629,0,5.8812,-85.6629,0
Oahu,2035-06-17 08:00,1213.09,0,0,935.697,142.905,78.0603,-93.5697,150
Oahu,2035-06-17 10:00,1572.27,0,0,970.01,195.499,15.4414,241.319,150
Oahu,2035-06-17 12:00,1588.27,0,0,980.066,191.832,138.791,232.768,44.8095
Oahu,2035-06-17 14:00,1539.02,0,0,976.791,100.401,21.5881,290.24,150
Oahu,2035-06-17 16:00,972.34,0,0,963.788,0,23.2474,-96.3788,81.683
Oahu,2035-06-17 18:00,747.76,0,150,955.887,0,37.4618,-95.5887,0
Oahu,2035-06-17 20:00,811.927,0,67.044,938.019,0,34.7535,-93.8019,0
Oahu,2035-06-17 22:00,698.432,0,48.6585,820.423,0,8.70951,-82.0423,0
Oahu,2035-08-18 00:00,594.059,0,71.9869,732.626,0,6.6821,-73.2626,0
Oahu,2035-08-18 02:00,619.441,0,21.2021,706.447,0,4.84077,-70.6447,0
Oahu,2035-08-18 04:00,587.718,0,83.3361,740.212,0,4.86339,-74.0212,0
Oahu,2035-08-18 06:00,645.361,0,150,877.2,0,5.8812,-87.72,0
Oahu,2035-08-18 08:00,1103.2,0,0,957.352,82.599,8.98724,-95.7352,150
Oahu,2035-08-18 10:00,1556.12,0,0,994.82,240.991,205.602,-35.2941,150
Oahu,2035-08-18 12:00,1551.45,0,0,1008.82,32.1552,17.7039,342.768,150
Oahu,2035-08-18 14:00,1782.77,0,0,1011,199.643,21.5881,400.534,150
Oahu,2035-08-18 16:00,1214.76,0,0,996.493,75.2494,23.2474,-30.2269,150
Oahu,2035-08-18 18:00,826.218,0,92.1669,978.804,0,37.4618,-97.8804,0
Oahu,2035-08-18 20:00,766.86,0,128.808,956.572,0,34.7535,-95.6572,0
Oahu,2035-08-18 22:00,604.448,0,150,828.598,0,8.70951,-82.8598,0
Oahu,2035-09-10 00:00,590.501,0,74.6819,731.668,0,6.6821,-73.1668,0
Oahu,2035-09-10 02:00,527.316,0,111.881,704.839,0,4.84077,-70.4839,0
Oahu,2035-09-10 04:00,521.354,0,150,740.545,0,4.86339,-74.0545,0
Oahu,2035-09-10 06:00,642.51,0,150,874.032,0,5.8812,-87.4032,0
Oahu,2035-09-10 08:00,1396.87,0,0,943.217,283.787,8.98724,10.8822,150
Oahu,2035-09-10 10:00,1530.31,0,0,984.27,128.611,15.4414,251.988,150
Oahu,2035-09-10 12:00,1547.67,0,0,990.986,144.368,207.864,54.454,150
Oahu,2035-09-10 14:00,1541.31,0,0,991.009,186.176,21.5881,192.538,150
Oahu,2035-09-10 16:00,1509.2,0,0,982.775,283.787,23.2474,69.3899,150
Oahu,2035-09-10 18:00,780.708,0,148.319,990.628,0,37.4618,-99.0628,0
Oahu,2035-09-10 20:00,853.868,0,25.532,938.496,0,34.7535,-93.8496,0
Oahu,2035-09-10 22:00,702.7,0,37.0864,812.308,0,8.70951,-81.2308,0
Oahu,2035-09-22 00:00,529.139,0,150,747.174,0,6.6821,-74.7174,0
Oahu,2035-09-22 02:00,558.168,0,88.4931,713.134,0,4.84077,-71.3134,0
Oahu,2035-09-22 04:00,609.194,0,46.0188,722.61,0,4.86339,-72.261,0
Oahu,2035-09-22 06:00,725.726,0,0,799.828,0,5.8812,-79.9828,0
Oahu,2035-09-22 08:00,1212.78,0,0,909.943,124.262,119.573,-90.9943,150
Oahu,2035-09-22 10:00,1453.52,0,0,949.582,168.537,95.0156,90.3798,150
Oahu,2035-09-22 12:00,1574.87,0,0,950.478,139.5,17.7039,317.187,150
Oahu,2035-09-22 14:00,1534.3,0,0,946.455,139.5,21.5881,276.756,150
Oahu,2035-09-22 16:00,1267.52,0,0,939.005,181.787,23.2474,-26.517,150
Oahu,2035-09-22 18:00,761.603,0,133.535,952.973,0,37.4618,-95.2973,0
Oahu,2035-09-22 20:00,697.478,0,148.892,901.796,0,34.7535,-90.1796,0
Oahu,2035-09-22 22:00,625.694,0,130.561,830.606,0,8.70951,-83.0606,0
Oahu,2035-10-27 00:00,557.684,0,115.514,740.573,0,6.6821,-74.0573,0
Oahu,2035-10-27 02:00,640.684,0,0,706.492,0,4.84077,-70.6492,0
Oahu,2035-10-27 04:00,501.908,0,150,718.938,0,4.86339,-71.8938,0
Oahu,2035-10-27 06:00,681.471,0,39.9587,795.054,0,5.8812,-79.5054,0
Oahu,2035-10-27 08:00,1592.77,0,0,909.129,283.787,199.148,50.7113,150
Oahu,2035-10-27 10:00,1685.6,0,0,944.329,283.787,15.4414,292.042,150
Oahu,2035-10-27 12:00,1360.38,0,0,944.089,159.728,17.7039,88.8619,150
Oahu,2035-10-27 14:00,1596.14,0,0,925.452,277.287,21.5881,221.816,150
Oahu,2035-10-27 16:00,954.888,0,0,915.454,0,23.2474,-91.5454,107.732
Oahu,2035-10-27 18:00,776.365,0,109.786,942.987,0,37.4618,-94.2987,0
Oahu,2035-10-27 20:00,691.262,0,148.266,894.194,0,34.7535,-89.4194,0
Oahu,2035-10-27 22:00,645.838,0,101.43,820.62,0,8.70951,-82.062,0
Oahu,2035-11-22 00:00,643.599,0,0,707.685,0,6.6821,-70.7685,0
Oahu,2035-11-22 02:00,609.547,0,0,671.896,0,4.84077,-67.1896,0
Oahu,2035-11-22 04:00,571.761,0,48.9928,684.322,0,4.86339,-68.4322,0
Oahu,2035-11-22 06:00,614.804,0,71.0072,755.478,0,5.8812,-75.5478,0
Oahu,2035-11-22 08:00,832.856,0,0,851.628,0,8.98724,-27.7586,0
Oahu,2035-11-22 10:00,1225.33,0,0,892.371,139.5,15.4414,178.023,0
Oahu,2035-11-22 12:00,1406.38,0,0,883.97,144.287,17.7039,360.416,0
Oahu,2035-11-22 14:00,1193.28,0,0,861.136,131.449,89.9675,110.725,0
Oahu,2035-11-22 16:00,1026.73,0,0,875.199,94.0236,145.028,-87.5199,0
Oahu,2035-11-22 18:00,847.138,0,0,899.64,0,37.4618,-89.964,0
Oahu,2035-11-22 20:00,795.538,0,0,845.317,0,34.7535,-84.5317,0
Oahu,2035-11-22 22:00,705.776,0,0,774.518,0,8.70951,-77.4518,0
Oahu,2035-12-15 00:00,527.686,0,127.806,720.9,0,6.6821,-72.09,0
Oahu,2035-12-15 02:00,538.795,0,80.6355,682.877,0,4.84077,-68.2877,0
Oahu,2035-12-15 04:00,605.935,0,26.3591,697.145,0,4.86339,-69.7145,0
Oahu,2035-12-15 06:00,550.329,0,150,771.609,0,5.8812,-77.1609,0
Oahu,2035-12-15 08:00,1179.83,0,0,871.569,139.5,105.915,-87.1569,150
Oahu,2035-12-15 10:00,1429.1,0,0,901.087,144.287,15.4414,218.281,150
Oahu,2035-12-15 12:00,1705.12,0,0,894.205,258.344,110.936,291.634,150
Oahu,2035-12-15 14:00,1544.06,0,0,876.084,283.787,21.5881,212.603,150
Oahu,2035-12-15 16:00,1022.73,0,0,884.512,53.4188,23.2474,-88.4512,150
Oahu,2035-12-15 18:00,782.269,0,84.9528,921.955,0,37.4618,-92.1955,0
Oahu,2035-12-15 20:00,696.364,0,126.317,875.475,0,34.7535,-87.5475,0
Oahu,2035-12-15 22:00,626.503,0,101.43,799.136,0,8.70951,-79.9136,0
Oahu,2040-01-12 00:00,684.214,0,0,746.941,0,11.967,-74.6941,0
Oahu,2040-01-12 02:00,588.855,0,64.609,716.439,0,8.66937,-71.6439,0
Oahu,2040-01-12 04:00,684.442,0,0,750.813,0,8.7099,-75.0813,0
Oahu,2040-01-12 06:00,815.153,0,2.52981,896.833,0,10.5327,-89.6833,0
Oahu,2040-01-12 08:00,1190.19,0,0,948.354,298.978,16.0953,-73.2377,0
Oahu,2040-01-12 10:00,1585.53,0,0,980.071,235.065,368.214,2.18422,0
Oahu,2040-01-12 12:00,1563.95,0,0,981.658,251.342,31.7061,299.24,0
Oahu,2040-01-12 14:00,1677.54,0,0,973.908,295.608,38.6623,369.358,0
Oahu,2040-01-12 16:00,1266.61,0,0,956.546,280.464,41.634,-12.0384,0
Oahu,2040-01-12 18:00,953.937,0,0,985.385,0,67.0907,-98.5385,0
Oahu,2040-01-12 20:00,894.163,0,0,924.358,0,62.2404,-92.4358,0
Oahu,2040-01-12 22:00,713.597,0,52.8612,834.289,0,15.5979,-83.4289,0
Oahu,2040-01-19 00:00,792.352,0,0,725.73,127.227,11.967,-72.573,0
Oahu,2040-01-19 02:00,762.95,0,0,695.915,67.15,69.4772,-69.5915,0
Oahu,2040-01-19 04:00,670.365,0,0,735.173,0,8.7099,-73.5173,0
Oahu,2040-01-19 06:00,787.775,0,15.7,881.047,0,10.5327,-88.1047,0
Oahu,2040-01-19 08:00,1215.44,0,0,925.411,124.426,16.0953,149.508,0
Oahu,2040-01-19 10:00,1489.94,0,0,951.685,326.571,27.6541,184.025,0
Oahu,2040-01-19 12:00,1735.81,0,0,961.011,315.942,311.458,147.396,0
Oahu,2040-01-19 14:00,1510.95,0,0,958.854,324.384,38.6623,189.047,0
Oahu,2040-01-19 16:00,880.553,0,10.7115,944.034,0,41.634,-94.4034,0
Oahu,2040-01-19 18:00,944.309,0,0,974.687,0,67.0907,-97.4687,0
Oahu,2040-01-19 20:00,793.683,0,93.5885,916.701,0,62.2404,-91.6701,0
Oahu,2040-01-19 22:00,759.425,0,0,826.475,0,15.5979,-82.6475,0
Oahu,2040-02-12 00:00,632.926,0,0,689.955,0,11.967,-68.9955,0
Oahu,2040-02-12 02:00,502.725,0,106.444,667.221,0,8.66937,-66.7221,0
Oahu,2040-02-12 04:00,644.919,0,4.53596,711.939,0,8.7099,-71.1939,0
Oahu,2040-02-12 06:00,782.057,0,0,857.25,0,10.5327,-85.725,0
Oahu,2040-02-12 08:00,1205.87,0,0,899.863,324.734,16.0953,-89.9863,55.1621
Oahu,2040-02-12 10:00,1783.74,0,0,927.009,477.07,368.214,-92.7009,104.149
Oahu,2040-02-12 12:00,1824.91,0,0,938.022,333.302,31.7061,521.882,0
Oahu,2040-02-12 14:00,1749.48,0,0,940.057,333.302,38.6623,317.841,119.612
Oahu,2040-02-12 16:00,1284.81,0,0,936.359,400.453,41.634,-93.6359,0
Oahu,2040-02-12 18:00,914.257,0,39.2087,984.862,0,67.0907,-98.4862,0
Oahu,2040-02-12 20:00,799.66,0,91.4305,920.945,0,62.2404,-92.0945,0
Oahu,2040-02-12 22:00,644.096,0,93.1524,801.834,0,15.5979,-80.1834,0
Oahu,2040-02-20 00:00,665.085,0,0,725.686,0,11.967,-72.5686,0
Oahu,2040-02-20 02:00,636.508,0,0,697.599,0,8.66937,-69.7599,0
Oahu,2040-02-20 04:00,672.169,0,0,737.177,0,8.7099,-73.7177,0
Oahu,2040-02-20 06:00,765.423,0,33.1529,875.604,0,10.5327,-87.5604,0
Oahu,2040-02-20 08:00,1187.62,0,0,930.614,292.572,16.0953,-93.0614,41.3981
Oahu,2040-02-20 10:00,1816.42,0,0,964.104,481.311,368.214,2.78825,0
Oahu,2040-02-20 12:00,1940.92,0,0,975.559,326.923,31.7061,566.112,40.6186
Oahu,2040-02-20 14:00,1697.94,0,0,978.366,481.311,38.6623,199.604,0
Oahu,2040-02-20 16:00,1204.29,0,0,973.242,286.743,41.634,-97.3242,0
Oahu,2040-02-20 18:00,816.829,0,150,999.709,0,67.0907,-99.9709,0
Oahu,2040-02-20 20:00,902.511,0,0,933.634,0,62.2404,-93.3634,0
Oahu,2040-02-20 22:00,746.195,0,0,811.775,0,15.5979,-81.1775,0
Oahu,2040-04-10 00:00,653.307,0,0,712.6,0,11.967,-71.26,0
Oahu,2040-04-10 02:00,626.034,0,5.28796,691.836,0,8.66937,-69.1836,0
Oahu,2040-04-10 04:00,672.322,0,2.6507,740.291,0,8.7099,-74.0291,0
Oahu,2040-04-10 06:00,690.903,0,112.061,880.48,0,10.5327,-88.048,0
Oahu,2040-04-10 08:00,930.508,0,0,932.47,0,16.0953,-18.0576,0
Oahu,2040-04-10 10:00,1384.48,0,0,959.322,146.916,27.6541,250.588,0
Oahu,2040-04-10 12:00,1385.76,0,0,953.926,116.96,372.266,-57.3891,0
Oahu,2040-04-10 14:00,1369.01,0,0,965.889,77.1216,38.6623,287.341,0
Oahu,2040-04-10 16:00,1197.66,0,0,961.81,77.5874,41.634,116.63,0
Oahu,2040-04-10 18:00,964.137,0,0,996.719,0,67.0907,-99.6719,0
Oahu,2040-04-10 20:00,913.698,0,0,946.064,0,62.2404,-94.6064,0
Oahu,2040-04-10 22:00,756.419,0,0,823.135,0,15.5979,-82.3135,0
Oahu,2040-05-02 00:00,672.1,0,0,733.481,0,11.967,-73.3481,0
Oahu,2040-05-02 02:00,645.542,0,0,707.636,0,8.66937,-70.7636,0
Oahu,2040-05-02 04:00,620.894,0,52.1973,738.202,0,8.7099,-73.8202,0
Oahu,2040-05-02 06:00,656.976,0,150,884.937,0,10.5327,-88.4937,0
Oahu,2040-05-02 08:00,1302.52,0,0,942.353,288.302,16.0953,-94.2353,150
Oahu,2040-05-02 10:00,2156.93,0,0,971.506,290.579,368.214,449.753,76.8805
Oahu,2040-05-02 12:00,1397.53,0,0,982.792,481.311,31.7061,-98.2792,0
Oahu,2040-05-02 14:00,1699.19,0,0,983.856,254.839,38.6623,421.828,0
Oahu,2040-05-02 16:00,1329.91,0,0,971.71,413.741,41.634,-97.171,0
Oahu,2040-05-02 18:00,936.726,0,12.795,980.478,0,67.0907,-98.0478,0
Oahu,2040-05-02 20:00,833.28,0,79.7056,945.272,0,62.2404,-94.5272,0
Oahu,2040-05-02 22:00,761.654,0,0,828.951,0,15.5979,-82.8951,0
Oahu,2040-06-17 00:00,699.385,0,0,763.798,0,11.967,-76.3798,0
Oahu,2040-06-17 02:00,668.777,0,0,733.453,0,8.66937,-73.3453,0
Oahu,2040-06-17 04:00,698.551,0,1.38036,768.024,0,8.7099,-76.8024,0
Oahu,2040-06-17 06:00,808.369,0,0,886.485,0,10.5327,-88.6485,0
Oahu,2040-06-17 08:00,1414.49,0,0,964.978,311.575,16.0953,111.227,10.6095
Oahu,2040-06-17 10:00,1757.75,0,0,999.042,355.452,27.6541,375.606,0
Oahu,2040-06-17 12:00,1778.46,0,0,1009.02,481.311,372.266,-84.1435,0
Oahu,2040-06-17 14:00,1770.27,0,0,1005.77,433.78,38.6623,292.058,0
Oahu,2040-06-17 16:00,1165.97,0,0,992.865,230.762,41.634,-99.2865,0
Oahu,2040-06-17 18:00,953.61,0,0,985.021,0,67.0907,-98.5021,0
Oahu,2040-06-17 20:00,832.023,0,100.773,967.284,0,62.2404,-96.7284,0
Oahu,2040-06-17 22:00,755.07,0,26.0162,850.543,0,15.5979,-85.0543,0
Oahu,2040-08-18 00:00,549.013,0,150,763.384,0,11.967,-76.3384,0
Oahu,2040-08-18 02:00,571.833,0,100.492,737.395,0,8.66937,-73.7395,0
Oahu,2040-08-18 04:00,552.533,0,150,770.915,0,8.7099,-77.0915,0
Oahu,2040-08-18 06:00,680.915,0,145.834,906.906,0,10.5327,-90.6906,0
Oahu,2040-08-18 08:00,1379.73,0,0,986.475,325.802,16.0953,-98.6475,150
Oahu,2040-08-18 10:00,1771.36,0,0,1023.67,307.458,27.6541,262.573,150
Oahu,2040-08-18 12:00,2063.83,0,0,1037.57,481.311,372.266,22.6826,150
Oahu,2040-08-18 14:00,2035.7,0,0,1039.74,288.302,38.6623,518.998,150
Oahu,2040-08-18 16:00,1595.74,0,0,1025.33,481.311,41.634,-102.533,150
Oahu,2040-08-18 18:00,974.085,0,0,1007.77,0,67.0907,-100.777,0
Oahu,2040-08-18 20:00,829.195,0,120.177,985.701,0,62.2404,-98.5701,0
Oahu,2040-08-18 22:00,757.392,0,30.998,858.658,0,15.5979,-85.8658,0
Oahu,2040-09-10 00:00,698.157,0,0,762.433,0,11.967,-76.2433,0
Oahu,2040-09-10 02:00,554.275,0,116.614,735.799,0,8.66937,-73.5799,0
Oahu,2040-09-10 04:00,636.309,0,66.5222,771.246,0,8.7099,-77.1246,0
Oahu,2040-09-10 06:00,713.61,0,110.309,903.762,0,10.5327,-90.3762,0
Oahu,2040-09-10 08:00,1401.78,0,0,972.444,288.302,163.021,-97.2444,75.2528
Oahu,2040-09-10 10:00,1681.47,0,0,1013.2,331.193,27.6541,309.422,0
Oahu,2040-09-10 12:00,1842.65,0,0,1019.86,286.743,94.9135,291.125,150
Oahu,2040-09-10 14:00,1738.03,0,0,1019.89,481.311,38.6623,198.168,0
Oahu,2040-09-10 16:00,1563.92,0,0,1011.71,481.311,172.061,-101.171,0
Oahu,2040-09-10 18:00,984.65,0,0,1019.51,0,67.0907,-101.951,0
Oahu,2040-09-10 20:00,933.221,0,0,967.757,0,62.2404,-96.7757,0
Oahu,2040-09-10 22:00,773.836,0,0,842.486,0,15.5979,-84.2486,0
Oahu,2040-09-22 00:00,662.041,0,49.9693,777.826,0,11.967,-77.7826,0
Oahu,2040-09-22 02:00,678.3,0,0,744.034,0,8.66937,-74.4034,0
Oahu,2040-09-22 04:00,536.807,0,150,753.441,0,8.7099,-75.3441,0
Oahu,2040-09-22 06:00,607.62,0,150,830.097,0,10.5327,-83.0097,0
Oahu,2040-09-22 08:00,1610.05,0,0,939.411,333.302,16.0953,171.244,150
Oahu,2040-09-22 10:00,1742.41,0,0,978.762,291.186,27.6541,294.808,150
Oahu,2040-09-22 12:00,1885.26,0,0,979.652,481.311,372.266,-97.9652,150
Oahu,2040-09-22 14:00,1782.52,0,0,975.658,481.311,38.6623,136.892,150
Oahu,2040-09-22 16:00,1562.16,0,0,968.262,319.297,41.634,82.9718,150
Oahu,2040-09-22 18:00,872.429,0,78.578,982.129,0,67.0907,-98.2129,0
Oahu,2040-09-22 20:00,750.432,0,150,931.324,0,62.2404,-93.1324,0
Oahu,2040-09-22 22:00,671.231,0,118.953,860.651,0,15.5979,-86.0651,0
Oahu,2040-10-27 00:00,678.892,0,27.2208,771.274,0,11.967,-77.1274,0
Oahu,2040-10-27 02:00,672.366,0,0,737.44,0,8.66937,-73.744,0
Oahu,2040-10-27 04:00,600.867,0,82.6585,749.796,0,8.7099,-74.9796,0
Oahu,2040-10-27 06:00,753.355,0,0,825.358,0,10.5327,-82.5358,0
Oahu,2040-10-27 08:00,1600.39,0,0,938.603,333.302,16.0953,162.387,150
Oahu,2040-10-27 10:00,1721.27,0,0,973.547,442.892,368.214,-63.3866,0
Oahu,2040-10-27 12:00,1768.26,0,0,973.309,481.311,31.7061,266.469,15.466
Oahu,2040-10-27 14:00,1630.16,0,0,954.808,324.613,38.6623,312.079,0
Oahu,2040-10-27 16:00,975.38,0,0,944.883,83.3512,41.634,-94.4883,0
Oahu,2040-10-27 18:00,822.004,0,120.081,972.216,0,67.0907,-97.2216,0
Oahu,2040-10-27 20:00,893.639,0,0,923.777,0,62.2404,-92.3777,0
Oahu,2040-10-27 22:00,781.262,0,0,850.738,0,15.5979,-85.0738,0
Oahu,2040-11-22 00:00,676.729,0,0,738.625,0,11.967,-73.8625,0
Oahu,2040-11-22 02:00,571.368,0,70.0881,703.096,0,8.66937,-70.3096,0
Oahu,2040-11-22 04:00,652.598,0,0,715.431,0,8.7099,-71.5431,0
Oahu,2040-11-22 06:00,668.083,0,49.9119,786.069,0,10.5327,-78.6069,0
Oahu,2040-11-22 08:00,946.179,0,0,881.52,55.8707,96.9399,-88.152,0
Oahu,2040-11-22 10:00,1414.67,0,0,921.967,193.009,227.167,72.5248,0
Oahu,2040-11-22 12:00,1533.47,0,0,913.627,213.543,31.7061,374.592,0
Oahu,2040-11-22 14:00,1349.46,0,0,890.96,133.045,38.6623,286.791,0
Oahu,2040-11-22 16:00,1109.35,0,0,904.921,193.083,101.836,-90.4921,0
Oahu,2040-11-22 18:00,903.356,0,0,929.184,0,67.0907,-92.9184,0
Oahu,2040-11-22 20:00,849.97,0,0,875.255,0,62.2404,-87.5255,0
Oahu,2040-11-22 22:00,740.072,0,0,804.972,0,15.5979,-80.4972,0
Oahu,2040-12-15 00:00,688.536,0,0,751.743,0,11.967,-75.1743,0
Oahu,2040-12-15 02:00,651.267,0,0,713.997,0,8.66937,-71.3997,0
Oahu,2040-12-15 04:00,664.054,0,0,728.161,0,8.7099,-72.8161,0
Oahu,2040-12-15 06:00,732.408,0,0,802.084,0,10.5327,-80.2084,0
Oahu,2040-12-15 08:00,1159.41,0,0,901.316,288.302,16.0953,-46.3003,0
Oahu,2040-12-15 10:00,1541.13,0,0,930.62,422.46,27.6541,160.394,0
Oahu,2040-12-15 12:00,1835.92,0,0,923.788,324.476,372.266,215.391,0
Oahu,2040-12-15 14:00,1587.87,0,0,905.799,313.283,38.6623,330.125,0
Oahu,2040-12-15 16:00,1072.83,0,0,914.166,208.447,41.634,-91.4166,0
Oahu,2040-12-15 18:00,835.169,0,88.1249,951.336,0,67.0907,-95.1336,0
Oahu,2040-12-15 20:00,845.04,0,31.8751,905.194,0,62.2404,-90.5194,0
Oahu,2040-12-15 22:00,762.068,0,0,829.411,0,15.5979,-82.9411,0
Oahu,2045-01-12 00:00,709.415,0,0,763.715,0,22.0712,-76.3715,0
Oahu,2045-01-12 02:00,674.934,0,0,732.161,0,15.9892,-73.2161,0
Oahu,2045-01-12 04:00,557.013,0,150,767.721,0,16.0639,-76.7721,0
Oahu,2045-01-12 06:00,766.555,0,79.7717,918.779,0,19.4258,-91.8779,0
Oahu,2045-01-12 08:00,1148.69,0,0,972.077,244.132,29.6851,-97.2077,0
Oahu,2045-01-12 10:00,1540.79,0,0,1004.89,185.52,51.0033,299.376,0
Oahu,2045-01-12 12:00,2498.07,0,0,1006.53,675.307,686.582,-20.3456,150
Oahu,2045-01-12 14:00,2504.9,0,0,998.512,919.439,71.3061,515.642,0
Oahu,2045-01-12 16:00,1844.77,0,0,980.552,735.489,76.7868,-98.0552,150
Oahu,2045-01-12 18:00,911.856,0,121.228,1010.39,0,123.737,-101.039,0
Oahu,2045-01-12 20:00,967.32,0,0,947.253,0,114.792,-94.7253,0
Oahu,2045-01-12 22:00,797.437,0,0,854.077,0,28.7678,-85.4077,0
Oahu,2045-01-19 00:00,689.667,0,0,741.773,0,22.0712,-74.1773,0
Oahu,2045-01-19 02:00,655.825,0,0,710.929,0,15.9892,-71.0929,0
Oahu,2045-01-19 04:00,692.451,0,0,751.541,0,16.0639,-75.1541,0
Oahu,2045-01-19 06:00,831.629,0,0,902.448,0,19.4258,-90.2448,0
Oahu,2045-01-19 08:00,1703.86,0,0,948.342,687.541,162.81,-94.8342,0
Oahu,2045-01-19 10:00,2250.81,0,0,975.523,919.439,453.398,-97.5523,0
Oahu,2045-01-19 12:00,2508.61,0,0,985.171,675.307,151.063,697.066,0
Oahu,2045-01-19 14:00,2154.9,0,0,982.939,919.439,71.3061,181.215,0
Oahu,2045-01-19 16:00,827.634,0,120,967.608,0,76.7868,-96.7608,0
Oahu,2045-01-19 18:00,1023.12,0,0,999.318,0,123.737,-99.9318,0
Oahu,2045-01-19 20:00,960.19,0,0,939.332,0,114.792,-93.9332,0
Oahu,2045-01-19 22:00,790.161,0,0,845.993,0,28.7678,-84.5993,0
Oahu,2045-02-12 00:00,548.9,0,107.459,704.764,0,22.0712,-70.4764,0
Oahu,2045-02-12 02:00,601.91,0,150,681.246,122.799,15.9892,-68.1246,0
Oahu,2045-02-12 04:00,703.769,0,65.8564,727.506,98.8059,16.0639,-72.7506,0
Oahu,2045-02-12 06:00,659.472,0,150,877.83,0,19.4258,-87.783,0
Oahu,2045-02-12 08:00,1401.78,0,0,921.913,158.365,78.6477,92.8518,150
Oahu,2045-02-12 10:00,1729.8,0,0,949.996,244.132,480.669,-94.9996,150
Oahu,2045-02-12 12:00,1773.91,0,0,961.388,850.185,58.4766,-96.1388,0
Oahu,2045-02-12 14:00,2630.9,0,0,963.493,675.307,71.3061,770.795,150
Oahu,2045-02-12 16:00,1944.36,0,0,959.668,704.395,226.264,-95.9668,150
Oahu,2045-02-12 18:00,978.084,0,54.5127,1009.84,0,123.737,-100.984,0
Oahu,2045-02-12 20:00,964.142,0,0,943.722,0,114.792,-94.3722,0
Oahu,2045-02-12 22:00,713.047,0,54.1722,820.502,0,28.7678,-82.0502,0
Oahu,2045-02-20 00:00,539.626,0,150,741.728,0,22.0712,-74.1728,0
Oahu,2045-02-20 02:00,627.829,0,29.5649,712.671,0,15.9892,-71.2671,0
Oahu,2045-02-20 04:00,575.816,0,118.501,753.614,0,16.0639,-75.3614,0
Oahu,2045-02-20 06:00,727.127,0,99.4337,896.817,0,19.4258,-89.6817,0
Oahu,2045-02-20 08:00,1870.07,0,0,953.725,832.033,29.6851,-95.3725,150
Oahu,2045-02-20 10:00,2578.46,0,0,988.37,919.439,51.0033,469.65,150
Oahu,2045-02-20 12:00,2510,0,0,1000.22,773.217,686.582,-100.022,150
Oahu,2045-02-20 14:00,2561.16,0,0,1003.12,919.439,71.3061,417.294,150
Oahu,2045-02-20 16:00,1585.02,0,0,997.823,460.19,76.7868,-99.7823,150
Oahu,2045-02-20 18:00,896.421,0,150,1025.2,0,123.737,-102.52,0
Oahu,2045-02-20 20:00,825.956,0,150,956.849,0,114.792,-95.6849,0
Oahu,2045-02-20 22:00,776.475,0,0,830.786,0,28.7678,-83.0786,0
Oahu,2045-04-10 00:00,677.442,0,0,728.19,0,22.0712,-72.819,0
Oahu,2045-04-10 02:00,652.028,0,0,706.71,0,15.9892,-70.671,0
Oahu,2045-04-10 04:00,691.787,0,5.42978,756.837,0,16.0639,-75.6837,0
Oahu,2045-04-10 06:00,716.531,0,114.57,901.861,0,19.4258,-90.1861,0
Oahu,2045-04-10 08:00,1123.45,0,0,955.645,233.685,29.6851,-95.5645,0
Oahu,2045-04-10 10:00,1928.22,0,0,983.423,504.207,538.932,-98.3423,0
Oahu,2045-04-10 12:00,1868.47,0,0,977.841,504.207,198.653,187.77,0
Oahu,2045-04-10 14:00,2069.17,0,0,990.216,632.884,71.3061,374.763,0
Oahu,2045-04-10 16:00,1801.31,0,0,985.997,514.354,76.7868,224.169,0
Oahu,2045-04-10 18:00,1043.64,0,0,1022.11,0,123.737,-102.211,0
Oahu,2045-04-10 20:00,987.529,0,0,969.708,0,114.792,-96.9708,0
Oahu,2045-04-10 22:00,787.052,0,0,842.538,0,28.7678,-84.2538,0
Oahu,2045-05-02 00:00,652.016,0,44.8669,749.791,0,22.0712,-74.9791,0
Oahu,2045-05-02 02:00,649.339,0,17.3993,723.055,0,15.9892,-72.3055,0
Oahu,2045-05-02 04:00,695.272,0,0,754.675,0,16.0639,-75.4675,0
Oahu,2045-05-02 06:00,751.639,0,83.6123,906.472,0,19.4258,-90.6472,0
Oahu,2045-05-02 08:00,1005.21,0,0,965.869,0,29.6851,-96.5869,106.247
Oahu,2045-05-02 10:00,1843.85,0,0,996.028,0,51.0033,796.822,0
Oahu,2045-05-02 12:00,1118.67,0,0,1007.7,29.7437,58.4766,-100.77,123.521
Oahu,2045-05-02 14:00,2153.05,0,0,1008.8,545.716,699.411,-100.88,0
Oahu,2045-05-02 16:00,1700.46,0,0,996.238,530.34,76.7868,97.0899,0
Oahu,2045-05-02 18:00,1019.84,0,45.172,1005.31,36.5,123.737,-100.531,0
Oahu,2045-05-02 20:00,880.92,0,105.871,968.889,0,114.792,-96.8889,0
Oahu,2045-05-02 22:00,792.467,0,0,848.555,0,28.7678,-84.8555,0
Oahu,2045-06-17 00:00,606.095,0,119.015,781.154,0,22.0712,-78.1154,0
Oahu,2045-06-17 02:00,540.775,0,150,749.762,0,15.9892,-74.9762,0
Oahu,2045-06-17 04:00,573.037,0,150,785.526,0,16.0639,-78.5526,0
Oahu,2045-06-17 06:00,686.692,0,150,908.074,0,19.4258,-90.8074,0
Oahu,2045-06-17 08:00,1887.91,0,0,989.275,817.874,29.6851,-98.9275,150
Oahu,2045-06-17 10:00,2380.05,0,0,1024.51,675.307,632.678,-102.451,150
Oahu,2045-06-17 12:00,2534.57,0,0,1034.84,919.439,104.907,325.385,150
Oahu,2045-06-17 14:00,2671.42,0,0,1031.48,831.124,71.3061,587.514,150
Oahu,2045-06-17 16:00,1582.49,0,0,1018.12,460.19,76.7868,-101.812,129.207
Oahu,2045-06-17 18:00,1032.75,0,0,1010.01,0,123.737,-101.001,0
Oahu,2045-06-17 20:00,930.285,0,77,991.66,0,114.792,-99.166,0
Oahu,2045-06-17 22:00,777.095,0,35.4748,870.891,0,28.7678,-87.0891,0
Oahu,2045-08-18 00:00,724.725,0,0,780.726,0,22.0712,-78.0726,0
Oahu,2045-08-18 02:00,694.446,0,0,753.841,0,15.9892,-75.3841,0
Oahu,2045-08-18 04:00,725.729,0,0,788.516,0,16.0639,-78.8516,0
Oahu,2045-08-18 06:00,855.705,0,0,929.199,0,19.4258,-92.9199,0
Oahu,2045-08-18 08:00,1801.25,0,0,1011.51,861.198,29.6851,-101.151,0
Oahu,2045-08-18 10:00,1495.47,0,0,1049.99,148.393,220.036,77.0525,0
Oahu,2045-08-18 12:00,2148.65,0,0,1064.37,673.175,517.549,-106.437,0
Oahu,2045-08-18 14:00,2666.51,0,0,1066.61,675.307,71.3061,853.289,0
Oahu,2045-08-18 16:00,1717.87,0,0,1051.71,694.548,76.7868,-105.171,0
Oahu,2045-08-18 18:00,933.927,0,120,1033.54,0,123.737,-103.354,0
Oahu,2045-08-18 20:00,1110.22,0,0,1010.71,85.7854,114.792,-101.071,0
Oahu,2045-08-18 22:00,820.126,0,0,879.286,0,28.7678,-87.9286,0
Oahu,2045-09-10 00:00,646.839,0,77,779.742,0,22.0712,-77.9742,0
Oahu,2045-09-10 02:00,542.96,0,150,752.19,0,15.9892,-75.219,0
Oahu,2045-09-10 04:00,576.037,0,150,788.859,0,16.0639,-78.8859,0
Oahu,2045-09-10 06:00,702.778,0,150,925.947,0,19.4258,-92.5947,0
Oahu,2045-09-10 08:00,2253.89,0,0,996.997,460.19,556.57,90.1333,150
Oahu,2045-09-10 10:00,1912.77,0,0,1039.16,675.307,152.223,-103.916,150
Oahu,2045-09-10 12:00,2069.36,0,0,1046.05,919.439,58.4766,-104.605,150
Oahu,2045-09-10 14:00,2915.64,0,0,1046.08,811.391,71.3061,836.863,150
Oahu,2045-09-10 16:00,2080.09,0,0,1037.62,919.439,76.7868,-103.762,150
Oahu,2045-09-10 18:00,1064.86,0,0,1045.69,0,123.737,-104.569,0
Oahu,2045-09-10 20:00,934.379,0,73.3463,992.149,0,114.792,-99.2149,0
Oahu,2045-09-10 22:00,728.069,0,77,862.557,0,28.7678,-86.2557,0
Oahu,2045-09-22 00:00,749.055,0,0,795.666,0,22.0712,-68.6826,0
Oahu,2045-09-22 02:00,700.626,0,0,760.708,0,15.9892,-76.0708,0
Oahu,2045-09-22 04:00,745.96,0,0,770.44,36.5,16.0639,-77.044,0
Oahu,2045-09-22 06:00,672.633,0,111.559,849.74,0,19.4258,-84.974,0
Oahu,2045-09-22 08:00,1259.15,0,0,962.826,25.7821,29.6851,90.862,150
Oahu,2045-09-22 10:00,1250.88,0,0,1003.53,0,197.696,-100.353,150
Oahu,2045-09-22 12:00,1294.65,0,0,1004.45,332.163,58.4766,-100.445,0
Oahu,2045-09-22 14:00,2865.77,0,0,1000.32,919.439,71.3061,800.258,74.4463
Oahu,2045-09-22 16:00,2335.05,0,0,992.671,883.447,558.199,-99.2671,0
Oahu,2045-09-22 18:00,880.053,0,150,1007.02,0,123.737,-100.702,0
Oahu,2045-09-22 20:00,827.04,0,146.765,954.459,0,114.792,-95.4459,0
Oahu,2045-09-22 22:00,821.981,0,0,881.348,0,28.7678,-88.1348,0
Oahu,2045-10-27 00:00,732.07,0,0,788.888,0,22.0712,-78.8888,0
Oahu,2045-10-27 02:00,557.987,0,136.501,753.887,0,15.9892,-75.3887,0
Oahu,2045-10-27 04:00,611.417,0,150,766.669,55.3511,16.0639,-76.6669,0
Oahu,2045-10-27 06:00,629.78,0,150,844.838,0,19.4258,-84.4838,0
Oahu,2045-10-27 08:00,1853.24,0,31.2733,961.99,215.299,596.9,110.328,0
Oahu,2045-10-27 10:00,1099.33,0,0,998.139,0,51.0033,-99.8139,150
Oahu,2045-10-27 12:00,1350.71,0,0,997.892,244.132,58.4766,-99.7892,150
Oahu,2045-10-27 14:00,2527.11,0,0,978.753,546.22,71.3061,783.002,147.832
Oahu,2045-10-27 16:00,1605.1,0,0,968.486,509.065,76.7868,-96.8486,147.606
Oahu,2045-10-27 18:00,1071.84,0,0,996.762,0,123.737,-99.6762,51.0216
Oahu,2045-10-27 20:00,966.778,0,0,946.652,0,114.792,-94.6652,0
Oahu,2045-10-27 22:00,723.642,0,150,871.093,0,89.6585,-87.1093,0
Oahu,2045-11-22 00:00,701.672,0,0,755.112,0,22.0712,-75.5112,0
Oahu,2045-11-22 02:00,579.511,0,83,718.358,0,15.9892,-71.8358,0
Oahu,2045-11-22 04:00,637.071,0,37,731.119,0,16.0639,-73.1119,0
Oahu,2045-11-22 06:00,743.2,0,0,804.194,0,19.4258,-80.4194,0
Oahu,2045-11-22 08:00,981.17,0,0,902.938,0,168.526,-90.2938,0
Oahu,2045-11-22 10:00,1624.4,0,0,944.779,0,51.0033,628.612,0
Oahu,2045-11-22 12:00,1827.46,0,0,936.152,412.521,264.995,213.789,0
Oahu,2045-11-22 14:00,1650.91,0,0,912.702,475.43,354.052,-91.2702,0
Oahu,2045-11-22 16:00,1250.93,0,0,927.145,339.712,76.7868,-92.7145,0
Oahu,2045-11-22 18:00,980.758,0,0,952.245,0,123.737,-95.2245,0
Oahu,2045-11-22 20:00,921.602,0,0,896.456,0,114.792,-89.6456,0
Oahu,2045-11-22 22:00,770.141,0,0,823.748,0,28.7678,-82.3748,0
Oahu,2045-12-15 00:00,664.312,0,49.5748,768.684,0,22.0712,-76.8684,0
Oahu,2045-12-15 02:00,916.793,0,0,729.635,244.132,15.9892,-72.9635,0
Oahu,2045-12-15 04:00,629.104,0,93.3187,744.287,36.5,16.0639,-74.4287,0
Oahu,2045-12-15 06:00,677.358,0,80.752,820.76,0,19.4258,-82.076,0
Oahu,2045-12-15 08:00,981.581,0,0,923.416,18.5912,29.6851,-92.3416,102.23
Oahu,2045-12-15 10:00,1041.71,0,0,953.731,21.7932,161.56,-95.3731,0
Oahu,2045-12-15 12:00,1927.62,0,0,946.664,284.49,576.025,120.441,0
Oahu,2045-12-15 14:00,2043.57,0,0,928.054,301.77,71.3061,742.443,0
Oahu,2045-12-15 16:00,1196.33,0,0,936.709,244.132,76.7868,-93.6709,32.3741
Oahu,2045-12-15 18:00,1001.38,0,0,975.162,0,123.737,-97.5162,0
Oahu,2045-12-15 20:00,985.977,0,0,927.428,36.5,114.792,-92.7428,0
Oahu,2045-12-15 22:00,792.895,0,0,849.03,0,28.7678,-84.903,0
