BALANCING_AREA_TIMEPOINTS_1,BALANCING_AREA_TIMEPOINTS_2,MaximumContingencyDown
system_wide_balancing_area,2007011200,65.1531928883888
system_wide_balancing_area,2007011202,59.6794371458854
system_wide_balancing_area,2007011204,65.84810426802561
system_wide_balancing_area,2007011206,92.05242225460181
system_wide_balancing_area,2007011208,101.29812463927901
system_wide_balancing_area,2007011210,106.98994411658201
system_wide_balancing_area,2007011212,107.27479428830901
system_wide_balancing_area,2007011214,105.88392709538901
system_wide_balancing_area,2007011216,102.768292367398
system_wide_balancing_area,2007011218,107.94362666926
system_wide_balancing_area,2007011220,96.9919501866612
system_wide_balancing_area,2007011222,80.8284096985458
system_wide_balancing_area,2007011900,61.3468117783533
system_wide_balancing_area,2007011902,55.996184573235496
system_wide_balancing_area,2007011904,63.0413225801497
system_wide_balancing_area,2007011906,89.2195488310443
system_wide_balancing_area,2007011908,97.1808079903318
system_wide_balancing_area,2007011910,101.89599921721201
system_wide_balancing_area,2007011912,103.569627714566
system_wide_balancing_area,2007011914,103.18252494139699
system_wide_balancing_area,2007011916,100.522861922299
system_wide_balancing_area,2007011918,106.02374109713502
system_wide_balancing_area,2007011920,95.6177684581013
system_wide_balancing_area,2007011922,79.4260601040059
system_wide_balancing_area,2007021200,54.9266845187005
system_wide_balancing_area,2007021202,50.8469356385567
system_wide_balancing_area,2007021204,58.8718351968353
system_wide_balancing_area,2007021206,84.9488532799358
system_wide_balancing_area,2007021208,92.596043599371
system_wide_balancing_area,2007021210,97.4677470293534
system_wide_balancing_area,2007021212,99.4439747019364
system_wide_balancing_area,2007021214,99.8091698425093
system_wide_balancing_area,2007021216,99.14555962979351
system_wide_balancing_area,2007021218,107.84971679999902
system_wide_balancing_area,2007021220,96.37945990616811
system_wide_balancing_area,2007021222,75.0040681495319
system_wide_balancing_area,2007050200,62.7376853397717
system_wide_balancing_area,2007050202,58.0997057807963
system_wide_balancing_area,2007050204,63.58493755642101
system_wide_balancing_area,2007050206,89.9175935116221
system_wide_balancing_area,2007050208,100.221313549215
system_wide_balancing_area,2007050210,105.45299632003301
system_wide_balancing_area,2007050212,107.47826779454002
system_wide_balancing_area,2007050214,107.66920809700702
system_wide_balancing_area,2007050216,105.48951328669101
system_wide_balancing_area,2007050218,107.06299078689402
system_wide_balancing_area,2007050220,100.74510976018401
system_wide_balancing_area,2007050222,79.8705557797772
system_wide_balancing_area,2007092200,70.6958111981183
system_wide_balancing_area,2007092202,64.6314855447132
system_wide_balancing_area,2007092204,66.31972974462761
system_wide_balancing_area,2007092206,80.0761054163064
system_wide_balancing_area,2007092208,99.69335234065281
system_wide_balancing_area,2007092210,106.75517581192801
system_wide_balancing_area,2007092212,106.914821315971
system_wide_balancing_area,2007092214,106.19799593524101
system_wide_balancing_area,2007092216,104.87077550980901
system_wide_balancing_area,2007092218,107.35931699174301
system_wide_balancing_area,2007092220,98.24195894418861
system_wide_balancing_area,2007092222,85.5592546931349
system_wide_balancing_area,2007102700,69.5198808075542
system_wide_balancing_area,2007102702,63.448250487118
system_wide_balancing_area,2007102704,65.6655066977391
system_wide_balancing_area,2007102706,79.2257262672139
system_wide_balancing_area,2007102708,99.54831617067151
system_wide_balancing_area,2007102710,105.81923589425301
system_wide_balancing_area,2007102712,105.776452325713
system_wide_balancing_area,2007102714,102.45631239483902
system_wide_balancing_area,2007102716,100.67519639081301
system_wide_balancing_area,2007102718,105.58028985501102
system_wide_balancing_area,2007102720,96.88760871792611
system_wide_balancing_area,2007102722,83.780227556403
system_wide_balancing_area,2007121500,66.01505443910051
system_wide_balancing_area,2007121502,59.241201703498405
system_wide_balancing_area,2007121504,61.7829647219441
system_wide_balancing_area,2007121506,75.0489342168683
system_wide_balancing_area,2007121508,92.85689727120881
system_wide_balancing_area,2007121510,98.11570984285771
system_wide_balancing_area,2007121512,96.88969121672231
system_wide_balancing_area,2007121514,93.66136591931792
system_wide_balancing_area,2007121516,95.1628411828557
system_wide_balancing_area,2007121518,101.83339688337001
system_wide_balancing_area,2007121520,93.5528530844926
system_wide_balancing_area,2007121522,79.9529832474187
system_wide_balancing_area,2008022000,61.33892959200321
system_wide_balancing_area,2008022002,56.2984598995938
system_wide_balancing_area,2008022004,63.4009393321683
system_wide_balancing_area,2008022006,88.242639212261
system_wide_balancing_area,2008022008,98.1146099768288
system_wide_balancing_area,2008022010,104.124565104599
system_wide_balancing_area,2008022012,106.18021087693201
system_wide_balancing_area,2008022014,106.684045498111
system_wide_balancing_area,2008022016,105.764410065102
system_wide_balancing_area,2008022018,110.51424776977001
system_wide_balancing_area,2008022020,98.6566348790308
system_wide_balancing_area,2008022022,76.78808624963321
system_wide_balancing_area,2008041000,58.990528351310104
system_wide_balancing_area,2008041002,55.264273045594905
system_wide_balancing_area,2008041004,63.9599261832227
system_wide_balancing_area,2008041006,89.11772039641392
system_wide_balancing_area,2008041008,98.447672732806
system_wide_balancing_area,2008041010,103.26645881735101
system_wide_balancing_area,2008041012,102.2980351223
system_wide_balancing_area,2008041014,104.44489992491101
system_wide_balancing_area,2008041016,103.71301125400902
system_wide_balancing_area,2008041018,109.97753804314401
system_wide_balancing_area,2008041020,100.887293003778
system_wide_balancing_area,2008041022,78.8267635990868
system_wide_balancing_area,2008061700,68.1783499147611
system_wide_balancing_area,2008061702,62.7326968136204
system_wide_balancing_area,2008061704,68.9367561973042
system_wide_balancing_area,2008061706,90.1953932849325
system_wide_balancing_area,2008061708,104.28154729382601
system_wide_balancing_area,2008061710,110.394387647231
system_wide_balancing_area,2008061712,112.185919043463
system_wide_balancing_area,2008061714,111.602531587361
system_wide_balancing_area,2008061716,109.285956659858
system_wide_balancing_area,2008061718,107.87839976226502
system_wide_balancing_area,2008061720,104.69522462503602
system_wide_balancing_area,2008061722,83.74524968833711
system_wide_balancing_area,2008081800,68.10409930736111
system_wide_balancing_area,2008081802,63.4401848794749
system_wide_balancing_area,2008081804,69.4554422347684
system_wide_balancing_area,2008081806,93.8601259189133
system_wide_balancing_area,2008081808,108.139328917436
system_wide_balancing_area,2008081810,114.81434781685101
system_wide_balancing_area,2008081812,117.308065051415
system_wide_balancing_area,2008081814,117.697335303551
system_wide_balancing_area,2008081816,115.11239903870901
system_wide_balancing_area,2008081818,111.961050214669
system_wide_balancing_area,2008081820,108.00038336542501
system_wide_balancing_area,2008081822,85.2015948479723
system_wide_balancing_area,2008091000,67.9333274421594
system_wide_balancing_area,2008091002,63.1537933789468
system_wide_balancing_area,2008091004,69.5148414258832
system_wide_balancing_area,2008091006,93.2958303663097
system_wide_balancing_area,2008091008,105.62121755185102
system_wide_balancing_area,2008091010,112.93476966321701
system_wide_balancing_area,2008091012,114.13124740799202
system_wide_balancing_area,2008091014,114.135494369231
system_wide_balancing_area,2008091016,112.66854475455
system_wide_balancing_area,2008091018,114.067607729664
system_wide_balancing_area,2008091020,104.78008616150801
system_wide_balancing_area,2008091022,82.2995089837478
system_wide_balancing_area,2008112200,63.6608132210553
system_wide_balancing_area,2008112202,57.284913757833706
system_wide_balancing_area,2008112204,59.4986034597021
system_wide_balancing_area,2008112206,72.17508356440929
system_wide_balancing_area,2008112208,89.30439894418451
system_wide_balancing_area,2008112210,96.56280529970171
system_wide_balancing_area,2008112212,95.06614637842381
system_wide_balancing_area,2008112214,90.99834734230511
system_wide_balancing_area,2008112216,93.50373077222461
system_wide_balancing_area,2008112218,97.85792130887131
system_wide_balancing_area,2008112220,88.18005480021661
system_wide_balancing_area,2008112222,75.56722084786371
system_wide_balancing_area,2207011200,64.4917843282429
system_wide_balancing_area,2207011202,59.172548909583305
system_wide_balancing_area,2207011204,65.1670788421525
system_wide_balancing_area,2207011206,90.6316671272462
system_wide_balancing_area,2207011208,99.6163697534666
system_wide_balancing_area,2207011210,105.147513119108
system_wide_balancing_area,2207011212,105.42432216827599
system_wide_balancing_area,2207011214,104.072718190447
system_wide_balancing_area,2207011216,101.045035667449
system_wide_balancing_area,2207011218,106.07427387552501
system_wide_balancing_area,2207011220,95.43175561560331
system_wide_balancing_area,2207011222,79.7245006521216
system_wide_balancing_area,2207011900,60.792854713937906
system_wide_balancing_area,2207011902,55.5932719995492
system_wide_balancing_area,2207011904,62.439530652403306
system_wide_balancing_area,2207011906,87.87876375339651
system_wide_balancing_area,2207011908,95.615282094612
system_wide_balancing_area,2207011910,100.197366747206
system_wide_balancing_area,2207011912,101.82374987418301
system_wide_balancing_area,2207011914,101.447574743512
system_wide_balancing_area,2207011916,98.8629921646741
system_wide_balancing_area,2207011918,104.208585340005
system_wide_balancing_area,2207011920,94.0963660830613
system_wide_balancing_area,2207011922,78.36173841289761
system_wide_balancing_area,2207021200,54.55396318893381
system_wide_balancing_area,2207021202,50.5893827868544
system_wide_balancing_area,2207021204,58.38774500278691
system_wide_balancing_area,2207021206,83.72862697228781
system_wide_balancing_area,2207021208,91.15994241892251
system_wide_balancing_area,2207021210,95.8941210438015
system_wide_balancing_area,2207021212,97.8145611814045
system_wide_balancing_area,2207021214,98.1694471167366
system_wide_balancing_area,2207021216,97.5245701595401
system_wide_balancing_area,2207021218,105.983015016666
system_wide_balancing_area,2207021220,94.8365555104386
system_wide_balancing_area,2207021222,74.0645762208359
system_wide_balancing_area,2207050200,62.14446488048711
system_wide_balancing_area,2207050202,57.6374122640255
system_wide_balancing_area,2207050204,62.967799755360005
system_wide_balancing_area,2207050206,88.5571031173372
system_wide_balancing_area,2207050208,98.56995629277861
system_wide_balancing_area,2207050210,103.65395229165699
system_wide_balancing_area,2207050212,105.622051758711
system_wide_balancing_area,2207050214,105.807601949021
system_wide_balancing_area,2207050216,103.68943840970302
system_wide_balancing_area,2207050218,105.21849773263801
system_wide_balancing_area,2207050220,99.07896610041661
system_wide_balancing_area,2207050222,78.7936862843826
system_wide_balancing_area,2207092200,69.8779383716714
system_wide_balancing_area,2207092202,63.9848044206256
system_wide_balancing_area,2207092204,65.62539065902881
system_wide_balancing_area,2207092206,78.9934333973984
system_wide_balancing_area,2207092208,98.0568990625383
system_wide_balancing_area,2207092210,104.91937216068
system_wide_balancing_area,2207092212,105.074510982996
system_wide_balancing_area,2207092214,104.37792108502799
system_wide_balancing_area,2207092216,103.08816717063502
system_wide_balancing_area,2207092218,105.50645885448101
system_wide_balancing_area,2207092220,96.646477493864
system_wide_balancing_area,2207092222,84.3217971774318
system_wide_balancing_area,2207102700,68.7352036795118
system_wide_balancing_area,2207102702,62.834971267113
system_wide_balancing_area,2207102704,64.9896358744865
system_wide_balancing_area,2207102706,78.167059861214
system_wide_balancing_area,2207102708,97.91595716292801
system_wide_balancing_area,2207102710,104.009853177
system_wide_balancing_area,2207102712,103.96827735889201
system_wide_balancing_area,2207102714,100.741862672889
system_wide_balancing_area,2207102716,99.01102633691781
system_wide_balancing_area,2207102718,103.77765241853102
system_wide_balancing_area,2207102720,95.3303596340798
system_wide_balancing_area,2207102722,82.5929907414812
system_wide_balancing_area,2207121500,65.3293161258218
system_wide_balancing_area,2207121502,58.7466845494409
system_wide_balancing_area,2207121504,61.216695362779205
system_wide_balancing_area,2207121506,74.1081757502446
system_wide_balancing_area,2207121508,91.41343237273111
system_wide_balancing_area,2207121510,96.52379231700121
system_wide_balancing_area,2207121512,95.332383345381
system_wide_balancing_area,2207121514,92.1951914294964
system_wide_balancing_area,2207121516,93.65428108891172
system_wide_balancing_area,2207121518,100.13653163378001
system_wide_balancing_area,2207121520,92.08974183665111
system_wide_balancing_area,2207121522,78.87378688184711
system_wide_balancing_area,2208022000,60.78519503623541
system_wide_balancing_area,2208022002,55.887014303332904
system_wide_balancing_area,2208022004,62.7889956732166
system_wide_balancing_area,2208022006,86.9294316148227
system_wide_balancing_area,2208022008,96.5227234994265
system_wide_balancing_area,2208022010,102.36302176702401
system_wide_balancing_area,2208022012,104.360638086565
system_wide_balancing_area,2208022014,104.850249806232
system_wide_balancing_area,2208022016,103.956575042937
system_wide_balancing_area,2208022018,108.57232812730899
system_wide_balancing_area,2208022020,97.04944741500081
system_wide_balancing_area,2208022022,75.7982327287254
system_wide_balancing_area,2208041000,58.503087531926894
system_wide_balancing_area,2208041002,54.882021826122504
system_wide_balancing_area,2208041004,63.3322027136048
system_wide_balancing_area,2208041006,87.77980986477002
system_wide_balancing_area,2208041008,96.8463841250686
system_wide_balancing_area,2208041010,101.52913922442801
system_wide_balancing_area,2208041012,100.58805345785201
system_wide_balancing_area,2208041014,102.674313757786
system_wide_balancing_area,2208041016,101.96308579586801
system_wide_balancing_area,2208041018,108.050769343594
system_wide_balancing_area,2208041020,99.2171356097702
system_wide_balancing_area,2208041022,77.7793596321837
system_wide_balancing_area,2208061700,67.4315432723144
system_wide_balancing_area,2208061702,62.1396171769651
system_wide_balancing_area,2208061704,68.16854027210971
system_wide_balancing_area,2208061706,88.82706079594061
system_wide_balancing_area,2208061708,102.515572458051
system_wide_balancing_area,2208061710,108.455851572802
system_wide_balancing_area,2208061712,110.19680928169001
system_wide_balancing_area,2208061714,109.62989044839202
system_wide_balancing_area,2208061716,107.37871082255101
system_wide_balancing_area,2208061718,106.010888278823
system_wide_balancing_area,2208061720,102.917571965442
system_wide_balancing_area,2208061722,82.5590002743435
system_wide_balancing_area,2208081800,67.3593887080045
system_wide_balancing_area,2208081802,62.8271333459733
system_wide_balancing_area,2208081804,68.67258416289211
system_wide_balancing_area,2208081806,92.3883405723146
system_wide_balancing_area,2208081808,106.264451585123
system_wide_balancing_area,2208081810,112.751039335886
system_wide_balancing_area,2208081812,115.17436066446001
system_wide_balancing_area,2208081814,115.55264208767301
system_wide_balancing_area,2208081816,113.04067677870601
system_wide_balancing_area,2208081818,109.978288343793
system_wide_balancing_area,2208081820,106.129428369566
system_wide_balancing_area,2208081822,83.97423382135281
system_wide_balancing_area,2208091000,67.19343761397991
system_wide_balancing_area,2208091002,62.5488264786458
system_wide_balancing_area,2208091004,68.7303065560862
system_wide_balancing_area,2208091006,91.83997469133571
system_wide_balancing_area,2208091008,103.81742475490802
system_wide_balancing_area,2208091010,110.92452036842201
system_wide_balancing_area,2208091012,112.08722237725001
system_wide_balancing_area,2208091014,112.091349449722
system_wide_balancing_area,2208091016,110.66581080407
system_wide_balancing_area,2208091018,112.025379202852
system_wide_balancing_area,2208091020,103.00003791966502
system_wide_balancing_area,2208091022,81.15407182597761
system_wide_balancing_area,2208112200,63.0415335026668
system_wide_balancing_area,2208112202,56.8456212541106
system_wide_balancing_area,2208112204,58.996820032797
system_wide_balancing_area,2208112206,71.3154519062123
system_wide_balancing_area,2208112208,87.96121860675942
system_wide_balancing_area,2208112210,95.0147251908208
system_wide_balancing_area,2208112212,93.56031591166771
system_wide_balancing_area,2208112214,89.6073480178143
system_wide_balancing_area,2208112216,92.0420062131497
system_wide_balancing_area,2208112218,96.2732809743306
system_wide_balancing_area,2208112220,86.8686139172741
system_wide_balancing_area,2208112222,74.6118315095255
system_wide_balancing_area,2507011200,65.05980192911731
system_wide_balancing_area,2507011202,60.2638431309269
system_wide_balancing_area,2507011204,65.6686647468812
system_wide_balancing_area,2507011206,88.6281893055758
system_wide_balancing_area,2507011208,96.72902715497591
system_wide_balancing_area,2507011210,101.716047581905
system_wide_balancing_area,2507011212,101.965625705506
system_wide_balancing_area,2507011214,100.74698496507101
system_wide_balancing_area,2507011216,98.0171489094302
system_wide_balancing_area,2507011218,102.55163880014
system_wide_balancing_area,2507011220,92.9560719439476
system_wide_balancing_area,2507011222,78.79400884494041
system_wide_balancing_area,2507011900,61.7247523155238
system_wide_balancing_area,2507011902,57.036675457990206
system_wide_balancing_area,2507011904,63.209437487973304
system_wide_balancing_area,2507011906,86.14610116372221
system_wide_balancing_area,2507011908,93.121544114744
system_wide_balancing_area,2507011910,97.25286891502861
system_wide_balancing_area,2507011912,98.7192575692504
system_wide_balancing_area,2507011914,98.3800884433125
system_wide_balancing_area,2507011916,96.0497626383775
system_wide_balancing_area,2507011918,100.869486264604
system_wide_balancing_area,2507011920,91.7520505623897
system_wide_balancing_area,2507011922,77.56530753043921
system_wide_balancing_area,2507021200,56.0996080334459
system_wide_balancing_area,2507021202,52.5250408703183
system_wide_balancing_area,2507021204,59.556243841666
system_wide_balancing_area,2507021206,82.40423161998471
system_wide_balancing_area,2507021208,89.1044958296477
system_wide_balancing_area,2507021210,93.3729524481583
system_wide_balancing_area,2507021212,95.1044704294881
system_wide_balancing_area,2507021214,95.4244446720154
system_wide_balancing_area,2507021216,94.8430071019151
system_wide_balancing_area,2507021218,102.46935747724102
system_wide_balancing_area,2507021220,92.4194242951079
system_wide_balancing_area,2507021222,73.69087611310161
system_wide_balancing_area,2507050200,62.9433986358664
system_wide_balancing_area,2507050202,58.87972463978801
system_wide_balancing_area,2507050204,63.6857384321371
system_wide_balancing_area,2507050206,86.7577092962065
system_wide_balancing_area,2507050208,95.7855539960841
system_wide_balancing_area,2507050210,100.369414912496
system_wide_balancing_area,2507050212,102.14390376508901
system_wide_balancing_area,2507050214,102.31120056579101
system_wide_balancing_area,2507050216,100.40141010478601
system_wide_balancing_area,2507050218,101.78004912630001
system_wide_balancing_area,2507050220,96.244490266651
system_wide_balancing_area,2507050222,77.95476278698631
system_wide_balancing_area,2507092200,69.9160962721677
system_wide_balancing_area,2507092202,64.60269586836401
system_wide_balancing_area,2507092204,66.0818904113728
system_wide_balancing_area,2507092206,78.1348598965673
system_wide_balancing_area,2507092208,95.3229684657061
system_wide_balancing_area,2507092210,101.51034985456602
system_wide_balancing_area,2507092212,101.650226987512
system_wide_balancing_area,2507092214,101.02216370643
system_wide_balancing_area,2507092216,99.85928856622921
system_wide_balancing_area,2507092218,102.03968224405901
system_wide_balancing_area,2507092220,94.05129627994191
system_wide_balancing_area,2507092222,82.93904905901081
system_wide_balancing_area,2507102700,68.8857774256593
system_wide_balancing_area,2507102702,63.565976867416104
system_wide_balancing_area,2507102704,65.50867762561761
system_wide_balancing_area,2507102706,77.38978036548421
system_wide_balancing_area,2507102708,95.19589164163881
system_wide_balancing_area,2507102710,100.69030425993
system_wide_balancing_area,2507102712,100.6528184382
system_wide_balancing_area,2507102714,97.74380037788501
system_wide_balancing_area,2507102716,96.1832340369763
system_wide_balancing_area,2507102718,100.480946112964
system_wide_balancing_area,2507102720,92.86465073179691
system_wide_balancing_area,2507102722,81.38031292791571
system_wide_balancing_area,2507121500,65.8149420342671
system_wide_balancing_area,2507121502,59.8798729239125
system_wide_balancing_area,2507121504,62.10689789263261
system_wide_balancing_area,2507121506,73.73018656473751
system_wide_balancing_area,2507121508,89.3330488600243
system_wide_balancing_area,2507121510,93.94068018438071
system_wide_balancing_area,2507121512,92.8664753617025
system_wide_balancing_area,2507121514,90.0379028345648
system_wide_balancing_area,2507121516,91.3534554165907
system_wide_balancing_area,2507121518,97.1980184197014
system_wide_balancing_area,2507121520,89.94282678269501
system_wide_balancing_area,2507121522,78.0269835358185
system_wide_balancing_area,2508022000,61.7178461540594
system_wide_balancing_area,2508022002,57.30152103735491
system_wide_balancing_area,2508022004,63.52452409522321
system_wide_balancing_area,2508022006,85.29015900962492
system_wide_balancing_area,2508022008,93.9397165110993
system_wide_balancing_area,2508022010,99.2054789103874
system_wide_balancing_area,2508022012,101.00658091266101
system_wide_balancing_area,2508022014,101.44802737062301
system_wide_balancing_area,2508022016,100.64226733061601
system_wide_balancing_area,2508022018,104.803948450728
system_wide_balancing_area,2508022020,94.4146242747703
system_wide_balancing_area,2508022022,75.2539851931934
system_wide_balancing_area,2508041000,59.6602396181067
system_wide_balancing_area,2508041002,56.39539409732801
system_wide_balancing_area,2508041004,64.0142934661087
system_wide_balancing_area,2508041006,86.0568818050323
system_wide_balancing_area,2508041008,94.2315372152047
system_wide_balancing_area,2508041010,98.4536290669328
system_wide_balancing_area,2508041012,97.60512205289251
system_wide_balancing_area,2508041014,99.48614773671281
system_wide_balancing_area,2508041016,98.8448864025154
system_wide_balancing_area,2508041018,104.33369770214199
system_wide_balancing_area,2508041020,96.36906743270411
system_wide_balancing_area,2508041022,77.0402199158835
system_wide_balancing_area,2508061700,67.7103638356124
system_wide_balancing_area,2508061702,62.939027822295
system_wide_balancing_area,2508061704,68.3748591939132
system_wide_balancing_area,2508061706,87.00111004874611
system_wide_balancing_area,2508061708,99.3430225179205
system_wide_balancing_area,2508061710,104.698930207992
system_wide_balancing_area,2508061712,106.26862223777601
system_wide_balancing_area,2508061714,105.75747370750501
system_wide_balancing_area,2508061716,103.72775253837102
system_wide_balancing_area,2508061718,102.49448872381299
system_wide_balancing_area,2508061720,99.70547556287892
system_wide_balancing_area,2508061722,81.3496662527655
system_wide_balancing_area,2508081800,67.6453074336495
system_wide_balancing_area,2508081802,63.558909997106504
system_wide_balancing_area,2508081804,68.82931806674141
system_wide_balancing_area,2508081806,90.21205104534191
system_wide_balancing_area,2508081808,102.72310789067201
system_wide_balancing_area,2508081810,108.57158142962801
system_wide_balancing_area,2508081812,110.75650996387702
system_wide_balancing_area,2508081814,111.09757817708001
system_wide_balancing_area,2508081816,108.832725961285
system_wide_balancing_area,2508081818,106.07159816717001
system_wide_balancing_area,2508081820,102.601367503635
system_wide_balancing_area,2508081822,82.62567704135802
system_wide_balancing_area,2508091000,67.49568167979321
system_wide_balancing_area,2508091002,63.3079814023175
system_wide_balancing_area,2508091004,68.8813620538379
system_wide_balancing_area,2508091006,89.71763033174031
system_wide_balancing_area,2508091008,100.51680586940601
system_wide_balancing_area,2508091010,106.924745179188
system_wide_balancing_area,2508091012,107.973067069464
system_wide_balancing_area,2508091014,107.97678814363701
system_wide_balancing_area,2508091016,106.691486014351
system_wide_balancing_area,2508091018,107.91730768056401
system_wide_balancing_area,2508091020,99.7798289779047
system_wide_balancing_area,2508091022,80.08294680486651
system_wide_balancing_area,2508112200,63.752218665908906
system_wide_balancing_area,2508112202,58.1658255995221
system_wide_balancing_area,2508112204,60.10540147787211
system_wide_balancing_area,2508112206,71.21219526777051
system_wide_balancing_area,2508112208,86.2204445699291
system_wide_balancing_area,2508112210,92.5800666391565
system_wide_balancing_area,2508112212,91.2687340077683
system_wide_balancing_area,2508112214,87.70463697927691
system_wide_balancing_area,2508112216,89.8997871227628
system_wide_balancing_area,2508112218,93.71481274604321
system_wide_balancing_area,2508112220,85.2353242168988
system_wide_balancing_area,2508112222,74.1842954882697
system_wide_balancing_area,3007011200,70.34276779782469
system_wide_balancing_area,3007011202,67.3760137373589
system_wide_balancing_area,3007011204,70.71940702949391
system_wide_balancing_area,3007011206,84.9220442032267
system_wide_balancing_area,3007011208,89.9331784923599
system_wide_balancing_area,3007011210,93.0181222384988
system_wide_balancing_area,3007011212,93.1725099100266
system_wide_balancing_area,3007011214,92.41866536776371
system_wide_balancing_area,3007011216,90.73000361246801
system_wide_balancing_area,3007011218,93.5350144270896
system_wide_balancing_area,3007011220,87.5992488938619
system_wide_balancing_area,3007011222,78.83867359046181
system_wide_balancing_area,3007011900,68.27972422315581
system_wide_balancing_area,3007011902,65.37970534515561
system_wide_balancing_area,3007011904,69.19814240588491
system_wide_balancing_area,3007011906,83.38663796161
system_wide_balancing_area,3007011908,87.70160907985631
system_wide_balancing_area,3007011910,90.25722415957131
system_wide_balancing_area,3007011912,91.1643242155131
system_wide_balancing_area,3007011914,90.95451603660631
system_wide_balancing_area,3007011916,89.51298915222031
system_wide_balancing_area,3007011918,92.49444400621661
system_wide_balancing_area,3007011920,86.8544478075865
system_wide_balancing_area,3007011922,78.0786056317313
system_wide_balancing_area,3007021200,64.80004052657
system_wide_balancing_area,3007021202,62.588832696840996
system_wide_balancing_area,3007021204,66.9382966607674
system_wide_balancing_area,3007021206,81.07193778803781
system_wide_balancing_area,3007021208,85.2166848316761
system_wide_balancing_area,3007021210,87.85712890923291
system_wide_balancing_area,3007021212,88.9282365267166
system_wide_balancing_area,3007021214,89.1261708550141
system_wide_balancing_area,3007021216,88.7664967325731
system_wide_balancing_area,3007021218,93.4841156477042
system_wide_balancing_area,3007021220,87.2672815734097
system_wide_balancing_area,3007021222,75.68190340323859
system_wide_balancing_area,3007050200,69.0335722171194
system_wide_balancing_area,3007050202,66.5198055574009
system_wide_balancing_area,3007050204,69.4927795826336
system_wide_balancing_area,3007050206,83.7649754300524
system_wide_balancing_area,3007050208,89.3495511213036
system_wide_balancing_area,3007050210,92.1851025842366
system_wide_balancing_area,3007050212,93.2827917492618
system_wide_balancing_area,3007050214,93.3862806414042
system_wide_balancing_area,3007050216,92.2048946363861
system_wide_balancing_area,3007050218,93.05771324619921
system_wide_balancing_area,3007050220,89.63344660529171
system_wide_balancing_area,3007050222,78.3195205378741
system_wide_balancing_area,3007092200,73.3468450985925
system_wide_balancing_area,3007092202,70.0600044716854
system_wide_balancing_area,3007092204,70.9750261808681
system_wide_balancing_area,3007092206,78.4309276315566
system_wide_balancing_area,3007092208,89.0633982250194
system_wide_balancing_area,3007092210,92.89087874173612
system_wide_balancing_area,3007092212,92.97740597635111
system_wide_balancing_area,3007092214,92.58888944237171
system_wide_balancing_area,3007092216,91.8695411974897
system_wide_balancing_area,3007092218,93.21832088249391
system_wide_balancing_area,3007092220,88.2767487187474
system_wide_balancing_area,3007092222,81.4027729506413
system_wide_balancing_area,3007102700,72.7094954569303
system_wide_balancing_area,3007102702,69.4186957292531
system_wide_balancing_area,3007102704,70.6204398653451
system_wide_balancing_area,3007102706,77.97002548097001
system_wide_balancing_area,3007102708,88.98478919194451
system_wide_balancing_area,3007102710,92.3836029914585
system_wide_balancing_area,3007102712,92.3604144657627
system_wide_balancing_area,3007102714,90.56091169570891
system_wide_balancing_area,3007102716,89.59555383436451
system_wide_balancing_area,3007102718,92.2540951789983
system_wide_balancing_area,3007102720,87.5426962286341
system_wide_balancing_area,3007102722,80.4385472471457
system_wide_balancing_area,3007121500,70.8098933648789
system_wide_balancing_area,3007121502,67.13849185306171
system_wide_balancing_area,3007121504,68.516117401305
system_wide_balancing_area,3007121506,75.7062206350824
system_wide_balancing_area,3007121508,85.3580664947458
system_wide_balancing_area,3007121510,88.20832220291021
system_wide_balancing_area,3007121512,87.54382493478211
system_wide_balancing_area,3007121514,85.7940853345641
system_wide_balancing_area,3007121516,86.60787901560121
system_wide_balancing_area,3007121518,90.2232939411149
system_wide_balancing_area,3007121520,85.73527180533941
system_wide_balancing_area,3007121522,78.36419590079191
system_wide_balancing_area,3008022000,68.2754521091889
system_wide_balancing_area,3008022002,65.5435373818848
system_wide_balancing_area,3008022004,69.3930532695499
system_wide_balancing_area,3008022006,82.8571567946429
system_wide_balancing_area,3008022008,88.2077260798531
system_wide_balancing_area,3008022010,91.4650980959409
system_wide_balancing_area,3008022012,92.5792500107936
system_wide_balancing_area,3008022014,92.8523263917106
system_wide_balancing_area,3008022016,92.35388760792601
system_wide_balancing_area,3008022018,94.92828094218791
system_wide_balancing_area,3008022020,88.5015014427168
system_wide_balancing_area,3008022022,76.6488341892293
system_wide_balancing_area,3008041000,67.00262788315881
system_wide_balancing_area,3008041002,64.9830121789501
system_wide_balancing_area,3008041004,69.69602194190689
system_wide_balancing_area,3008041006,83.33144735097231
system_wide_balancing_area,3008041008,88.38824478221551
system_wide_balancing_area,3008041010,91.0000078668983
system_wide_balancing_area,3008041012,90.47512603718211
system_wide_balancing_area,3008041014,91.63871830728661
system_wide_balancing_area,3008041016,91.2420375293434
system_wide_balancing_area,3008041018,94.6373863835585
system_wide_balancing_area,3008041020,89.7105093634973
system_wide_balancing_area,3008041022,77.75378928569201
system_wide_balancing_area,3008061700,71.9823909950834
system_wide_balancing_area,3008061702,69.03086845558691
system_wide_balancing_area,3008061704,72.3934442141276
system_wide_balancing_area,3008061706,83.91554181339791
system_wide_balancing_area,3008061708,91.5501818244112
system_wide_balancing_area,3008061710,94.86331722770011
system_wide_balancing_area,3008061712,95.83432019061141
system_wide_balancing_area,3008061714,95.5181264863919
system_wide_balancing_area,3008061716,94.26255199680031
system_wide_balancing_area,3008061718,93.4996617003181
system_wide_balancing_area,3008061720,91.7743933091438
system_wide_balancing_area,3008061722,80.41958938037331
system_wide_balancing_area,3008081800,71.9421474582216
system_wide_balancing_area,3008081802,69.4143242016675
system_wide_balancing_area,3008081804,72.6745700041962
system_wide_balancing_area,3008081806,85.9018124717615
system_wide_balancing_area,3008081808,93.64108427505691
system_wide_balancing_area,3008081810,97.25891823680212
system_wide_balancing_area,3008081812,98.6105031593532
system_wide_balancing_area,3008081814,98.8214861033265
system_wide_balancing_area,3008081816,97.4204608255235
system_wide_balancing_area,3008081818,95.7124421707876
system_wide_balancing_area,3008081820,93.56577633294091
system_wide_balancing_area,3008081822,81.20892272278721
system_wide_balancing_area,3008091000,71.8495897796671
system_wide_balancing_area,3008091002,69.2591011359985
system_wide_balancing_area,3008091004,72.7067641319063
system_wide_balancing_area,3008091006,85.59596650406701
system_wide_balancing_area,3008091008,92.27627782953991
system_wide_balancing_area,3008091010,96.24019427804791
system_wide_balancing_area,3008091012,96.8886805047905
system_wide_balancing_area,3008091014,96.8909823410606
system_wide_balancing_area,3008091016,96.095901425765
system_wide_balancing_area,3008091018,96.8541880497071
system_wide_balancing_area,3008091020,91.82038792778411
system_wide_balancing_area,3008091022,79.636003610841
system_wide_balancing_area,3008112200,69.533903894118
system_wide_balancing_area,3008112202,66.0781914890585
system_wide_balancing_area,3008112204,67.27800259144911
system_wide_balancing_area,3008112206,74.1486048967419
system_wide_balancing_area,3008112208,83.43262638884931
system_wide_balancing_area,3008112210,87.366654054814
system_wide_balancing_area,3008112212,86.5554708123182
system_wide_balancing_area,3008112214,84.3507397510004
system_wide_balancing_area,3008112216,85.70864770550081
system_wide_balancing_area,3008112218,88.0686018324875
system_wide_balancing_area,3008112220,82.8232362897302
system_wide_balancing_area,3008112222,75.9871299484176
system_wide_balancing_area,3507011200,71.6062425468268
system_wide_balancing_area,3507011202,68.53371902654861
system_wide_balancing_area,3507011204,71.9963095609363
system_wide_balancing_area,3507011206,86.7052931426154
system_wide_balancing_area,3507011208,91.89508227000151
system_wide_balancing_area,3507011210,95.0900091245917
system_wide_balancing_area,3507011212,95.24990096002611
system_wide_balancing_area,3507011214,94.4691806712765
system_wide_balancing_area,3507011216,92.7203154619623
system_wide_balancing_area,3507011218,95.62532933466801
system_wide_balancing_area,3507011220,89.47794440150811
system_wide_balancing_area,3507011222,80.4050407761099
system_wide_balancing_area,3507011900,69.4696482160067
system_wide_balancing_area,3507011902,66.46623909266751
system_wide_balancing_area,3507011904,70.4208094549815
system_wide_balancing_area,3507011906,85.1151472476744
system_wide_balancing_area,3507011908,89.58395388952022
system_wide_balancing_area,3507011910,92.23068067615822
system_wide_balancing_area,3507011912,93.17012027928101
system_wide_balancing_area,3507011914,92.95283210800041
system_wide_balancing_area,3507011916,91.459912517391
system_wide_balancing_area,3507011918,94.5476609376672
system_wide_balancing_area,3507011920,88.7065899822103
system_wide_balancing_area,3507011922,79.6178751962834
system_wide_balancing_area,3507021200,65.8659083093662
system_wide_balancing_area,3507021202,63.57586743418861
system_wide_balancing_area,3507021204,68.0803966460465
system_wide_balancing_area,3507021206,82.7179243634236
system_wide_balancing_area,3507021208,87.0104381740165
system_wide_balancing_area,3507021210,89.7450182460157
system_wide_balancing_area,3507021212,90.8543125388332
system_wide_balancing_area,3507021214,91.0593035380092
system_wide_balancing_area,3507021216,90.6868064660201
system_wide_balancing_area,3507021218,95.57261593354761
system_wide_balancing_area,3507021220,89.1341419226828
system_wide_balancing_area,3507021222,77.135726754565
system_wide_balancing_area,3507050200,70.2503720795156
system_wide_balancing_area,3507050202,67.64698567502761
system_wide_balancing_area,3507050204,70.7259509116233
system_wide_balancing_area,3507050206,85.50697304337561
system_wide_balancing_area,3507050208,91.2906476629862
system_wide_balancing_area,3507050210,94.227291006268
system_wide_balancing_area,3507050212,95.3641145207068
system_wide_balancing_area,3507050214,95.47129295502071
system_wide_balancing_area,3507050216,94.2477886762818
system_wide_balancing_area,3507050218,95.1310116141381
system_wide_balancing_area,3507050220,91.5846644685846
system_wide_balancing_area,3507050222,79.86737909867071
system_wide_balancing_area,3507092200,74.7174199397698
system_wide_balancing_area,3507092202,71.31339826228951
system_wide_balancing_area,3507092204,72.26104193808091
system_wide_balancing_area,3507092206,79.9827580308938
system_wide_balancing_area,3507092208,90.99429296478421
system_wide_balancing_area,3507092210,94.95822919654991
system_wide_balancing_area,3507092212,95.0478412635028
system_wide_balancing_area,3507092214,94.6454735025294
system_wide_balancing_area,3507092216,93.90047935855111
system_wide_balancing_area,3507092218,95.29734516589001
system_wide_balancing_area,3507092220,90.17959816333641
system_wide_balancing_area,3507092222,83.0605543211878
system_wide_balancing_area,3507102700,74.0573477784998
system_wide_balancing_area,3507102702,70.649225852065
system_wide_balancing_area,3507102704,71.89381406134831
system_wide_balancing_area,3507102706,79.5054239919537
system_wide_balancing_area,3507102708,90.91288139574061
system_wide_balancing_area,3507102710,94.4328682659746
system_wide_balancing_area,3507102712,94.4088530327773
system_wide_balancing_area,3507102714,92.5451951517705
system_wide_balancing_area,3507102716,91.5454207606299
system_wide_balancing_area,3507102718,94.2987432958106
system_wide_balancing_area,3507102720,89.41937554460071
system_wide_balancing_area,3507102722,82.06195245110831
system_wide_balancing_area,3507121500,72.0900218768438
system_wide_balancing_area,3507121502,68.2877291125855
system_wide_balancing_area,3507121504,69.714469183668
system_wide_balancing_area,3507121506,77.1609109340641
system_wide_balancing_area,3507121508,87.1568603162852
system_wide_balancing_area,3507121510,90.10873213432431
system_wide_balancing_area,3507121512,89.4205444909025
system_wide_balancing_area,3507121514,87.6084239151956
system_wide_balancing_area,3507121516,88.4512306240361
system_wide_balancing_area,3507121518,92.1955407919175
system_wide_balancing_area,3507121520,87.5475135909252
system_wide_balancing_area,3507121522,79.91364720871421
system_wide_balancing_area,3508022000,69.4652237944411
system_wide_balancing_area,3508022002,66.6359119998132
system_wide_balancing_area,3508022004,70.622669198244
system_wide_balancing_area,3508022006,84.5667892422941
system_wide_balancing_area,3508022008,90.1081147585403
system_wide_balancing_area,3508022010,93.4816172227636
system_wide_balancing_area,3508022012,94.6354904100175
system_wide_balancing_area,3508022014,94.9183023944621
system_wide_balancing_area,3508022016,94.4020934821682
system_wide_balancing_area,3508022018,97.0682679977345
system_wide_balancing_area,3508022020,90.4123636762734
system_wide_balancing_area,3508022022,78.1371301475955
system_wide_balancing_area,3508041000,68.1470213779445
system_wide_balancing_area,3508041002,66.0554031896373
system_wide_balancing_area,3508041004,70.9364391814485
system_wide_balancing_area,3508041006,85.05798900475071
system_wide_balancing_area,3508041008,90.2950692372582
system_wide_balancing_area,3508041010,92.99994579376741
system_wide_balancing_area,3508041012,92.4563510992626
system_wide_balancing_area,3508041014,93.6614272683835
system_wide_balancing_area,3508041016,93.25060419527661
system_wide_balancing_area,3508041018,96.76700258944871
system_wide_balancing_area,3508041020,91.6644746356219
system_wide_balancing_area,3508041022,79.28147863538351
system_wide_balancing_area,3508061700,73.304320896193
system_wide_balancing_area,3508061702,70.24757192462151
system_wide_balancing_area,3508061704,73.7300288105864
system_wide_balancing_area,3508061706,85.66290735567901
system_wide_balancing_area,3508061708,93.5697343203018
system_wide_balancing_area,3508061710,97.0009882243997
system_wide_balancing_area,3508061712,98.0066089738785
system_wide_balancing_area,3508061714,97.6791424655741
system_wide_balancing_area,3508061716,96.37880476581691
system_wide_balancing_area,3508061718,95.588716227448
system_wide_balancing_area,3508061720,93.80193929797001
system_wide_balancing_area,3508061722,82.04231870649541
system_wide_balancing_area,3508081800,73.2626426137917
system_wide_balancing_area,3508081802,70.6446984726285
system_wide_balancing_area,3508081804,74.0211771783102
system_wide_balancing_area,3508081806,87.719991694683
system_wide_balancing_area,3508081808,95.7351807399513
system_wide_balancing_area,3508081810,99.48199618651981
system_wide_balancing_area,3508081812,100.88176724254701
system_wide_balancing_area,3508081814,101.100272061121
system_wide_balancing_area,3508081816,99.6492980232265
system_wide_balancing_area,3508081818,97.88038581048801
system_wide_balancing_area,3508081820,95.657187950964
system_wide_balancing_area,3508081822,82.85979302707521
system_wide_balancing_area,3508091000,73.1667851080649
system_wide_balancing_area,3508091002,70.48394145993471
system_wide_balancing_area,3508091004,74.0545190774324
system_wide_balancing_area,3508091006,87.4032418360256
system_wide_balancing_area,3508091008,94.3217167928185
system_wide_balancing_area,3508091010,98.42695311245672
system_wide_balancing_area,3508091012,99.0985588956238
system_wide_balancing_area,3508091014,99.1009427959861
system_wide_balancing_area,3508091016,98.2775159924895
system_wide_balancing_area,3508091018,99.06283673013381
system_wide_balancing_area,3508091020,93.84957369728261
system_wide_balancing_area,3508091022,81.2307968688325
system_wide_balancing_area,3508112200,70.7685413696512
system_wide_balancing_area,3508112202,67.18962736887441
system_wide_balancing_area,3508112204,68.432213628757
system_wide_balancing_area,3508112206,75.5477637388243
system_wide_balancing_area,3508112208,85.1627752348527
system_wide_balancing_area,3508112210,89.2370571897256
system_wide_balancing_area,3508112212,88.3969539856763
system_wide_balancing_area,3508112214,86.1136207859154
system_wide_balancing_area,3508112216,87.5199402999502
system_wide_balancing_area,3508112218,89.9640305124048
system_wide_balancing_area,3508112220,84.5316594179003
system_wide_balancing_area,3508112222,77.4518351073175
system_wide_balancing_area,4007011200,74.69408236465391
system_wide_balancing_area,4007011202,71.64390310774391
system_wide_balancing_area,4007011204,75.0813127006917
system_wide_balancing_area,4007011206,89.683328377696
system_wide_balancing_area,4007011208,94.8353758851002
system_wide_balancing_area,4007011210,98.0070683245231
system_wide_balancing_area,4007011212,98.16579738113481
system_wide_balancing_area,4007011214,97.39075471198151
system_wide_balancing_area,4007011216,95.65460774699471
system_wide_balancing_area,4007011218,98.53849553404751
system_wide_balancing_area,4007011220,92.43581612944291
system_wide_balancing_area,4007011222,83.4288932351221
system_wide_balancing_area,4007011900,72.573025954414
system_wide_balancing_area,4007011902,69.59145847492611
system_wide_balancing_area,4007011904,73.5172700788121
system_wide_balancing_area,4007011906,88.10474647516581
system_wide_balancing_area,4007011908,92.54105468636071
system_wide_balancing_area,4007011910,95.16853372436661
system_wide_balancing_area,4007011912,96.1011414559766
system_wide_balancing_area,4007011914,95.8854334659684
system_wide_balancing_area,4007011916,94.40337081048091
system_wide_balancing_area,4007011918,97.46866424759361
system_wide_balancing_area,4007011920,91.6700712184796
system_wide_balancing_area,4007011922,82.6474521468785
system_wide_balancing_area,4007021200,68.99549346752251
system_wide_balancing_area,4007021202,66.7221064197612
system_wide_balancing_area,4007021204,71.1938774162968
system_wide_balancing_area,4007021206,85.7249568763316
system_wide_balancing_area,4007021208,89.9862543077942
system_wide_balancing_area,4007021210,92.7009477371275
system_wide_balancing_area,4007021212,93.8021749269047
system_wide_balancing_area,4007021214,94.0056751733352
system_wide_balancing_area,4007021216,93.6358870058103
system_wide_balancing_area,4007021218,98.486165479746
system_wide_balancing_area,4007021220,92.09451387985351
system_wide_balancing_area,4007021222,80.18335459334202
system_wide_balancing_area,4007050200,73.3480721723299
system_wide_balancing_area,4007050202,70.7636183329101
system_wide_balancing_area,4007050204,73.82019246014771
system_wide_balancing_area,4007050206,88.49372280243631
system_wide_balancing_area,4007050208,94.2353368981538
system_wide_balancing_area,4007050210,97.1506241372926
system_wide_balancing_area,4007050212,98.2791803483756
system_wide_balancing_area,4007050214,98.3855793506859
system_wide_balancing_area,4007050216,97.17097274243051
system_wide_balancing_area,4007050218,98.04777263232441
system_wide_balancing_area,4007050220,94.52721553006671
system_wide_balancing_area,4007050222,82.89514158605022
system_wide_balancing_area,4007092200,77.78263439229221
system_wide_balancing_area,4007092202,74.40336772689601
system_wide_balancing_area,4007092204,75.3441198688289
system_wide_balancing_area,4007092206,83.0096814499207
system_wide_balancing_area,4007092208,93.94113737545601
system_wide_balancing_area,4007092210,97.8762467375321
system_wide_balancing_area,4007092212,97.9652071200921
system_wide_balancing_area,4007092214,97.5657654917138
system_wide_balancing_area,4007092216,96.8261891566639
system_wide_balancing_area,4007092218,98.21289655926381
system_wide_balancing_area,4007092220,93.13236726590661
system_wide_balancing_area,4007092222,86.06509513176582
system_wide_balancing_area,4007102700,77.12736246318201
system_wide_balancing_area,4007102702,73.7440253670056
system_wide_balancing_area,4007102704,74.9795625774765
system_wide_balancing_area,4007102706,82.53581871963301
system_wide_balancing_area,4007102708,93.8603178544563
system_wide_balancing_area,4007102710,97.35470638080061
system_wide_balancing_area,4007102712,97.3308657931973
system_wide_balancing_area,4007102714,95.4807609614175
system_wide_balancing_area,4007102716,94.48825721349812
system_wide_balancing_area,4007102718,97.2215568054994
system_wide_balancing_area,4007102720,92.3776732018913
system_wide_balancing_area,4007102722,85.07375537800151
system_wide_balancing_area,4007121500,75.1743435140318
system_wide_balancing_area,4007121502,71.3997021022748
system_wide_balancing_area,4007121504,72.8160665144907
system_wide_balancing_area,4007121506,80.2083556263376
system_wide_balancing_area,4007121508,90.1316116266731
system_wide_balancing_area,4007121510,93.0620165947773
system_wide_balancing_area,4007121512,92.37883364728371
system_wide_balancing_area,4007121514,90.5798913268876
system_wide_balancing_area,4007121516,91.4165689060578
system_wide_balancing_area,4007121518,95.13364938734081
system_wide_balancing_area,4007121520,90.51942395978861
system_wide_balancing_area,4007121522,82.9410732212614
system_wide_balancing_area,4008022000,72.56863370849821
system_wide_balancing_area,4008022002,69.7598974725187
system_wide_balancing_area,4008022004,73.717661840711
system_wide_balancing_area,4008022006,87.5603762848865
system_wide_balancing_area,4008022008,93.06140370872531
system_wide_balancing_area,4008022010,96.4103731052482
system_wide_balancing_area,4008022012,97.5558549990849
system_wide_balancing_area,4008022014,97.8366102944848
system_wide_balancing_area,4008022016,97.3241553999593
system_wide_balancing_area,4008022018,99.97094073748741
system_wide_balancing_area,4008022020,93.36344004194851
system_wide_balancing_area,4008022022,81.1774754965871
system_wide_balancing_area,4008041000,71.2600176342289
system_wide_balancing_area,4008041002,69.1836102872242
system_wide_balancing_area,4008041004,74.0291499995143
system_wide_balancing_area,4008041006,88.0480039032126
system_wide_balancing_area,4008041008,93.2469986013952
system_wide_balancing_area,4008041010,95.93220452763632
system_wide_balancing_area,4008041012,95.39256300808341
system_wide_balancing_area,4008041014,96.58887552116602
system_wide_balancing_area,4008041016,96.1810400700846
system_wide_balancing_area,4008041018,99.67186621678371
system_wide_balancing_area,4008041020,94.6064452949102
system_wide_balancing_area,4008041022,82.3135019572767
system_wide_balancing_area,4008061700,76.3798118061572
system_wide_balancing_area,4008061702,73.3452923809572
system_wide_balancing_area,4008061704,76.8024238517333
system_wide_balancing_area,4008061706,88.64852311614891
system_wide_balancing_area,4008061708,96.4978493902355
system_wide_balancing_area,4008061710,99.9041502417658
system_wide_balancing_area,4008061712,100.902457831646
system_wide_balancing_area,4008061714,100.57737275276202
system_wide_balancing_area,4008061716,99.2864914779398
system_wide_balancing_area,4008061718,98.5021486877381
system_wide_balancing_area,4008061720,96.7283657073801
system_wide_balancing_area,4008061722,85.0542644155537
system_wide_balancing_area,4008081800,76.3384366200586
system_wide_balancing_area,4008081802,73.7395309119578
system_wide_balancing_area,4008081804,77.09145490586631
system_wide_balancing_area,4008081806,90.69064775380701
system_wide_balancing_area,4008081808,98.64754806872341
system_wide_balancing_area,4008081810,102.367115609596
system_wide_balancing_area,4008081812,103.75670713309101
system_wide_balancing_area,4008081814,103.973622922587
system_wide_balancing_area,4008081816,102.533200779847
system_wide_balancing_area,4008081818,100.77715259893601
system_wide_balancing_area,4008081820,98.5701224654407
system_wide_balancing_area,4008081822,85.8657938307828
system_wide_balancing_area,4008091000,76.24327621732861
system_wide_balancing_area,4008091002,73.57994296990141
system_wide_balancing_area,4008091004,77.1245543332318
system_wide_balancing_area,4008091006,90.37620139005121
system_wide_balancing_area,4008091008,97.2443632327146
system_wide_balancing_area,4008091010,101.319745108307
system_wide_balancing_area,4008091012,101.98646678354201
system_wide_balancing_area,4008091014,101.988833347504
system_wide_balancing_area,4008091016,101.17139473750301
system_wide_balancing_area,4008091018,101.95100439978101
system_wide_balancing_area,4008091020,96.77565369581691
system_wide_balancing_area,4008091022,84.24864419509571
system_wide_balancing_area,4008112200,73.8624731882727
system_wide_balancing_area,4008112202,70.3095860662092
system_wide_balancing_area,4008112204,71.5431358860238
system_wide_balancing_area,4008112206,78.60693969549482
system_wide_balancing_area,4008112208,88.15202809809921
system_wide_balancing_area,4008112210,92.1966807178554
system_wide_balancing_area,4008112212,91.36268698282201
system_wide_balancing_area,4008112214,89.0959588303573
system_wide_balancing_area,4008112216,90.49205118961402
system_wide_balancing_area,4008112218,92.91836728413512
system_wide_balancing_area,4008112220,87.52550193454951
system_wide_balancing_area,4008112222,80.49716411640611
system_wide_balancing_area,4507011200,76.371544056163
system_wide_balancing_area,4507011202,73.2161417023268
system_wide_balancing_area,4507011204,76.7721328120673
system_wide_balancing_area,4507011206,91.8778793132255
system_wide_balancing_area,4507011208,97.2076587991724
system_wide_balancing_area,4507011210,100.488766218131
system_wide_balancing_area,4507011212,100.652971006331
system_wide_balancing_area,4507011214,99.85119142008901
system_wide_balancing_area,4507011216,98.05515198813941
system_wide_balancing_area,4507011218,101.03852625732401
system_wide_balancing_area,4507011220,94.7253205942885
system_wide_balancing_area,4507011222,85.4076827416355
system_wide_balancing_area,4507011900,74.1773168236722
system_wide_balancing_area,4507011902,71.09289317165751
system_wide_balancing_area,4507011904,75.1541348667338
system_wide_balancing_area,4507011906,90.2448405206094
system_wide_balancing_area,4507011908,94.8341896023839
system_wide_balancing_area,4507011910,97.5523097005379
system_wide_balancing_area,4507011912,98.51708992611361
system_wide_balancing_area,4507011914,98.29394058239181
system_wide_balancing_area,4507011916,96.76075069492411
system_wide_balancing_area,4507011918,99.93178862810541
system_wide_balancing_area,4507011920,93.9331595142412
system_wide_balancing_area,4507011922,84.59928400780962
system_wide_balancing_area,4507021200,70.4763689516776
system_wide_balancing_area,4507021202,68.12455607856991
system_wide_balancing_area,4507021204,72.7505913177512
system_wide_balancing_area,4507021206,87.78295449053921
system_wide_balancing_area,4507021208,92.1912553847153
system_wide_balancing_area,4507021210,94.99959853945171
system_wide_balancing_area,4507021212,96.1388151474132
system_wide_balancing_area,4507021214,96.34933561277221
system_wide_balancing_area,4507021216,95.9667907339473
system_wide_balancing_area,4507021218,100.98439095490001
system_wide_balancing_area,4507021220,94.37224432203861
system_wide_balancing_area,4507021222,82.0501816221392
system_wide_balancing_area,4507050200,74.9791000811
system_wide_balancing_area,4507050202,72.3054894368036
system_wide_balancing_area,4507050204,75.467507267038
system_wide_balancing_area,4507050206,90.64723549981441
system_wide_balancing_area,4507050208,96.5869200581575
system_wide_balancing_area,4507050210,99.60277697727061
system_wide_balancing_area,4507050212,100.770265385311
system_wide_balancing_area,4507050214,100.880334871088
system_wide_balancing_area,4507050216,99.6238275553322
system_wide_balancing_area,4507050218,100.53087471662501
system_wide_balancing_area,4507050220,96.888867728966
system_wide_balancing_area,4507050222,84.85551807589331
system_wide_balancing_area,4507092200,79.5666429395738
system_wide_balancing_area,4507092202,76.0708005342216
system_wide_balancing_area,4507092204,77.04400613068171
system_wide_balancing_area,4507092206,84.9740092613692
system_wide_balancing_area,4507092208,96.2825714319857
system_wide_balancing_area,4507092210,100.353431633257
system_wide_balancing_area,4507092212,100.44546091314001
system_wide_balancing_area,4507092214,100.032239607687
system_wide_balancing_area,4507092216,99.2671498500376
system_wide_balancing_area,4507092218,100.70169498122401
system_wide_balancing_area,4507092220,95.44590089808081
system_wide_balancing_area,4507092222,88.134826613922
system_wide_balancing_area,4507102700,78.8887658663385
system_wide_balancing_area,4507102702,75.38871261113681
system_wide_balancing_area,4507102704,76.6668725793878
system_wide_balancing_area,4507102706,84.48379952331601
system_wide_balancing_area,4507102708,96.19896385180151
system_wide_balancing_area,4507102710,99.8138995170631
system_wide_balancing_area,4507102712,99.78923649240001
system_wide_balancing_area,4507102714,97.87530794940811
system_wide_balancing_area,4507102716,96.84856545377231
system_wide_balancing_area,4507102718,99.6761566344552
system_wide_balancing_area,4507102720,94.66517188990031
system_wide_balancing_area,4507102722,87.1092882671533
system_wide_balancing_area,4507121500,76.8683729417999
system_wide_balancing_area,4507121502,72.96351640965891
system_wide_balancing_area,4507121504,74.42874163865851
system_wide_balancing_area,4507121506,82.07604512448391
system_wide_balancing_area,4507121508,92.341627145686
system_wide_balancing_area,4507121510,95.3731233153297
system_wide_balancing_area,4507121512,94.6663723675818
system_wide_balancing_area,4507121514,92.80537130696091
system_wide_balancing_area,4507121516,93.6709120441928
system_wide_balancing_area,4507121518,97.5162219463791
system_wide_balancing_area,4507121520,92.7428179760239
system_wide_balancing_area,4507121522,84.9030342307333
system_wide_balancing_area,4508022000,74.1727730569182
system_wide_balancing_area,4508022002,71.26714286805729
system_wide_balancing_area,4508022004,75.3614396130869
system_wide_balancing_area,4508022006,89.68169100214281
system_wide_balancing_area,4508022008,95.372489286334
system_wide_balancing_area,4508022010,98.8369892473688
system_wide_balancing_area,4508022012,100.02198722934001
system_wide_balancing_area,4508022014,100.312427838019
system_wide_balancing_area,4508022016,99.7822946083877
system_wide_balancing_area,4508022018,102.520387022207
system_wide_balancing_area,4508022020,95.68494507221521
system_wide_balancing_area,4508022022,83.07859706067171
system_wide_balancing_area,4508041000,72.8190131978336
system_wide_balancing_area,4508041002,70.6709753028743
system_wide_balancing_area,4508041004,75.6836732874696
system_wide_balancing_area,4508041006,90.1861404803746
system_wide_balancing_area,4508041008,95.56448671070301
system_wide_balancing_area,4508041010,98.34232512167551
system_wide_balancing_area,4508041012,97.7840674005376
system_wide_balancing_area,4508041014,99.02164952334321
system_wide_balancing_area,4508041016,98.59974483056021
system_wide_balancing_area,4508041018,102.21099522352401
system_wide_balancing_area,4508041020,96.9708307106219
system_wide_balancing_area,4508041022,84.2538134221231
system_wide_balancing_area,4508061700,78.11542669374921
system_wide_balancing_area,4508061702,74.9762243942954
system_wide_balancing_area,4508061704,78.55261773435751
system_wide_balancing_area,4508061706,90.8073760139028
system_wide_balancing_area,4508061708,98.92748323224811
system_wide_balancing_area,4508061710,102.45129243147602
system_wide_balancing_area,4508061712,103.48403898623101
system_wide_balancing_area,4508061714,103.14773933407702
system_wide_balancing_area,4508061716,101.812326077997
system_wide_balancing_area,4508061718,101.000925541189
system_wide_balancing_area,4508061720,99.16595175112872
system_wide_balancing_area,4508061722,87.0891249181806
system_wide_balancing_area,4508081800,78.0726241734349
system_wide_balancing_area,4508081802,75.38406310930671
system_wide_balancing_area,4508081804,78.8516195935029
system_wide_balancing_area,4508081806,92.91994853694251
system_wide_balancing_area,4508081808,101.151340815297
system_wide_balancing_area,4508081810,104.999223574034
system_wide_balancing_area,4508081812,106.43675232064
system_wide_balancing_area,4508081814,106.66115112973
system_wide_balancing_area,4508081816,105.17103824229001
system_wide_balancing_area,4508081818,103.354411055235
system_wide_balancing_area,4508081820,101.07124423399301
system_wide_balancing_area,4508081822,87.928649946495
system_wide_balancing_area,4508091000,77.974180989125
system_wide_balancing_area,4508091002,75.2189698063908
system_wide_balancing_area,4508091004,78.88586086335062
system_wide_balancing_area,4508091006,92.59465460737991
system_wide_balancing_area,4508091008,99.699749822939
system_wide_balancing_area,4508091010,103.915721567516
system_wide_balancing_area,4508091012,104.60544337275802
system_wide_balancing_area,4508091014,104.60789157690202
system_wide_balancing_area,4508091016,103.76225350226501
system_wide_balancing_area,4508091018,104.568757630785
system_wide_balancing_area,4508091020,99.21487104978421
system_wide_balancing_area,4508091022,86.25571293618901
system_wide_balancing_area,4508112200,75.51124656817761
system_wide_balancing_area,4508112202,71.8357942607512
system_wide_balancing_area,4508112204,73.1118982786378
system_wide_balancing_area,4508112206,80.41938459012191
system_wide_balancing_area,4508112208,90.2937532341685
system_wide_balancing_area,4508112210,94.47793564506
system_wide_balancing_area,4508112212,93.61517133747131
system_wide_balancing_area,4508112214,91.27024707389221
system_wide_balancing_area,4508112216,92.7145009178562
system_wide_balancing_area,4508112218,95.22451848435111
system_wide_balancing_area,4508112220,89.64561357918721
system_wide_balancing_area,4508112222,82.37481674169481
