PumpedHydroProjStoreMW_index_1,PumpedHydroProjStoreMW_index_2,PumpedHydroProjStoreMW
Lake_Wilson,2007011200,0.0
Lake_Wilson,2007011202,0.0
Lake_Wilson,2007011204,0.0
Lake_Wilson,2007011206,0.0
Lake_Wilson,2007011208,0.0
Lake_Wilson,2007011210,0.0
Lake_Wilson,2007011212,0.0
Lake_Wilson,2007011214,0.0
Lake_Wilson,2007011216,0.0
Lake_Wilson,2007011218,0.0
Lake_Wilson,2007011220,0.0
Lake_Wilson,2007011222,0.0
Lake_Wilson,2007011900,0.0
Lake_Wilson,2007011902,0.0
Lake_Wilson,2007011904,0.0
Lake_Wilson,2007011906,0.0
Lake_Wilson,2007011908,0.0
Lake_Wilson,2007011910,0.0
Lake_Wilson,2007011912,0.0
Lake_Wilson,2007011914,0.0
Lake_Wilson,2007011916,0.0
Lake_Wilson,2007011918,0.0
Lake_Wilson,2007011920,0.0
Lake_Wilson,2007011922,0.0
Lake_Wilson,2007021200,0.0
Lake_Wilson,2007021202,0.0
Lake_Wilson,2007021204,0.0
Lake_Wilson,2007021206,0.0
Lake_Wilson,2007021208,0.0
Lake_Wilson,2007021210,0.0
Lake_Wilson,2007021212,0.0
Lake_Wilson,2007021214,0.0
Lake_Wilson,2007021216,0.0
Lake_Wilson,2007021218,0.0
Lake_Wilson,2007021220,0.0
Lake_Wilson,2007021222,0.0
Lake_Wilson,2007050200,0.0
Lake_Wilson,2007050202,0.0
Lake_Wilson,2007050204,0.0
Lake_Wilson,2007050206,0.0
Lake_Wilson,2007050208,0.0
Lake_Wilson,2007050210,0.0
Lake_Wilson,2007050212,0.0
Lake_Wilson,2007050214,0.0
Lake_Wilson,2007050216,0.0
Lake_Wilson,2007050218,0.0
Lake_Wilson,2007050220,0.0
Lake_Wilson,2007050222,0.0
Lake_Wilson,2007092200,0.0
Lake_Wilson,2007092202,0.0
Lake_Wilson,2007092204,0.0
Lake_Wilson,2007092206,0.0
Lake_Wilson,2007092208,0.0
Lake_Wilson,2007092210,0.0
Lake_Wilson,2007092212,0.0
Lake_Wilson,2007092214,0.0
Lake_Wilson,2007092216,0.0
Lake_Wilson,2007092218,0.0
Lake_Wilson,2007092220,0.0
Lake_Wilson,2007092222,0.0
Lake_Wilson,2007102700,0.0
Lake_Wilson,2007102702,0.0
Lake_Wilson,2007102704,0.0
Lake_Wilson,2007102706,0.0
Lake_Wilson,2007102708,0.0
Lake_Wilson,2007102710,0.0
Lake_Wilson,2007102712,0.0
Lake_Wilson,2007102714,0.0
Lake_Wilson,2007102716,0.0
Lake_Wilson,2007102718,0.0
Lake_Wilson,2007102720,0.0
Lake_Wilson,2007102722,0.0
Lake_Wilson,2007121500,0.0
Lake_Wilson,2007121502,0.0
Lake_Wilson,2007121504,0.0
Lake_Wilson,2007121506,0.0
Lake_Wilson,2007121508,0.0
Lake_Wilson,2007121510,0.0
Lake_Wilson,2007121512,0.0
Lake_Wilson,2007121514,0.0
Lake_Wilson,2007121516,0.0
Lake_Wilson,2007121518,0.0
Lake_Wilson,2007121520,0.0
Lake_Wilson,2007121522,0.0
Lake_Wilson,2008022000,0.0
Lake_Wilson,2008022002,0.0
Lake_Wilson,2008022004,0.0
Lake_Wilson,2008022006,0.0
Lake_Wilson,2008022008,0.0
Lake_Wilson,2008022010,0.0
Lake_Wilson,2008022012,0.0
Lake_Wilson,2008022014,0.0
Lake_Wilson,2008022016,0.0
Lake_Wilson,2008022018,0.0
Lake_Wilson,2008022020,0.0
Lake_Wilson,2008022022,0.0
Lake_Wilson,2008041000,0.0
Lake_Wilson,2008041002,0.0
Lake_Wilson,2008041004,0.0
Lake_Wilson,2008041006,0.0
Lake_Wilson,2008041008,0.0
Lake_Wilson,2008041010,0.0
Lake_Wilson,2008041012,0.0
Lake_Wilson,2008041014,0.0
Lake_Wilson,2008041016,0.0
Lake_Wilson,2008041018,0.0
Lake_Wilson,2008041020,0.0
Lake_Wilson,2008041022,0.0
Lake_Wilson,2008061700,0.0
Lake_Wilson,2008061702,0.0
Lake_Wilson,2008061704,0.0
Lake_Wilson,2008061706,0.0
Lake_Wilson,2008061708,0.0
Lake_Wilson,2008061710,0.0
Lake_Wilson,2008061712,0.0
Lake_Wilson,2008061714,0.0
Lake_Wilson,2008061716,0.0
Lake_Wilson,2008061718,0.0
Lake_Wilson,2008061720,0.0
Lake_Wilson,2008061722,0.0
Lake_Wilson,2008081800,0.0
Lake_Wilson,2008081802,0.0
Lake_Wilson,2008081804,0.0
Lake_Wilson,2008081806,0.0
Lake_Wilson,2008081808,0.0
Lake_Wilson,2008081810,0.0
Lake_Wilson,2008081812,0.0
Lake_Wilson,2008081814,0.0
Lake_Wilson,2008081816,0.0
Lake_Wilson,2008081818,0.0
Lake_Wilson,2008081820,0.0
Lake_Wilson,2008081822,0.0
Lake_Wilson,2008091000,0.0
Lake_Wilson,2008091002,0.0
Lake_Wilson,2008091004,0.0
Lake_Wilson,2008091006,0.0
Lake_Wilson,2008091008,0.0
Lake_Wilson,2008091010,0.0
Lake_Wilson,2008091012,0.0
Lake_Wilson,2008091014,0.0
Lake_Wilson,2008091016,0.0
Lake_Wilson,2008091018,0.0
Lake_Wilson,2008091020,0.0
Lake_Wilson,2008091022,0.0
Lake_Wilson,2008112200,0.0
Lake_Wilson,2008112202,0.0
Lake_Wilson,2008112204,0.0
Lake_Wilson,2008112206,0.0
Lake_Wilson,2008112208,0.0
Lake_Wilson,2008112210,0.0
Lake_Wilson,2008112212,0.0
Lake_Wilson,2008112214,0.0
Lake_Wilson,2008112216,0.0
Lake_Wilson,2008112218,0.0
Lake_Wilson,2008112220,0.0
Lake_Wilson,2008112222,0.0
Lake_Wilson,2207011200,0.0
Lake_Wilson,2207011202,0.0
Lake_Wilson,2207011204,0.0
Lake_Wilson,2207011206,0.0
Lake_Wilson,2207011208,0.0
Lake_Wilson,2207011210,150.0
Lake_Wilson,2207011212,13.944965904401457
Lake_Wilson,2207011214,0.0
Lake_Wilson,2207011216,29.655416079362027
Lake_Wilson,2207011218,0.0
Lake_Wilson,2207011220,0.0
Lake_Wilson,2207011222,0.0
Lake_Wilson,2207011900,0.0
Lake_Wilson,2207011902,0.0
Lake_Wilson,2207011904,0.0
Lake_Wilson,2207011906,0.0
Lake_Wilson,2207011908,0.0
Lake_Wilson,2207011910,0.0
Lake_Wilson,2207011912,0.0
Lake_Wilson,2207011914,0.0
Lake_Wilson,2207011916,0.0
Lake_Wilson,2207011918,0.0
Lake_Wilson,2207011920,0.0
Lake_Wilson,2207011922,0.0
Lake_Wilson,2207021200,0.0
Lake_Wilson,2207021202,0.0
Lake_Wilson,2207021204,0.0
Lake_Wilson,2207021206,0.0
Lake_Wilson,2207021208,2.6969332635605383
Lake_Wilson,2207021210,150.0
Lake_Wilson,2207021212,150.0
Lake_Wilson,2207021214,150.0
Lake_Wilson,2207021216,150.0
Lake_Wilson,2207021218,0.0
Lake_Wilson,2207021220,0.0
Lake_Wilson,2207021222,0.0
Lake_Wilson,2207050200,0.0
Lake_Wilson,2207050202,0.0
Lake_Wilson,2207050204,0.0
Lake_Wilson,2207050206,0.0
Lake_Wilson,2207050208,87.24114838831433
Lake_Wilson,2207050210,150.0
Lake_Wilson,2207050212,150.0
Lake_Wilson,2207050214,0.0
Lake_Wilson,2207050216,65.96004551727657
Lake_Wilson,2207050218,0.0
Lake_Wilson,2207050220,0.0
Lake_Wilson,2207050222,0.0
Lake_Wilson,2207092200,0.0
Lake_Wilson,2207092202,0.0
Lake_Wilson,2207092204,0.0
Lake_Wilson,2207092206,0.0
Lake_Wilson,2207092208,113.51198185731573
Lake_Wilson,2207092210,127.00478030835984
Lake_Wilson,2207092212,150.0
Lake_Wilson,2207092214,150.0
Lake_Wilson,2207092216,139.81594236462257
Lake_Wilson,2207092218,0.0
Lake_Wilson,2207092220,0.0
Lake_Wilson,2207092222,0.0
Lake_Wilson,2207102700,0.0
Lake_Wilson,2207102702,0.0
Lake_Wilson,2207102704,0.0
Lake_Wilson,2207102706,0.0
Lake_Wilson,2207102708,150.0
Lake_Wilson,2207102710,149.46303217544605
Lake_Wilson,2207102712,0.0
Lake_Wilson,2207102714,0.0
Lake_Wilson,2207102716,0.0
Lake_Wilson,2207102718,0.0
Lake_Wilson,2207102720,0.0
Lake_Wilson,2207102722,0.0
Lake_Wilson,2207121500,0.0
Lake_Wilson,2207121502,0.0
Lake_Wilson,2207121504,0.0
Lake_Wilson,2207121506,0.0
Lake_Wilson,2207121508,0.0
Lake_Wilson,2207121510,0.0
Lake_Wilson,2207121512,41.08885635223055
Lake_Wilson,2207121514,0.0
Lake_Wilson,2207121516,7.065243190006299
Lake_Wilson,2207121518,0.0
Lake_Wilson,2207121520,0.0
Lake_Wilson,2207121522,0.0
Lake_Wilson,2208022000,0.0
Lake_Wilson,2208022002,0.0
Lake_Wilson,2208022004,0.0
Lake_Wilson,2208022006,0.0
Lake_Wilson,2208022008,40.39167384186837
Lake_Wilson,2208022010,150.0
Lake_Wilson,2208022012,105.94070508606612
Lake_Wilson,2208022014,150.0
Lake_Wilson,2208022016,0.0
Lake_Wilson,2208022018,0.0
Lake_Wilson,2208022020,0.0
Lake_Wilson,2208022022,0.0
Lake_Wilson,2208041000,0.0
Lake_Wilson,2208041002,0.0
Lake_Wilson,2208041004,0.0
Lake_Wilson,2208041006,0.0
Lake_Wilson,2208041008,0.0
Lake_Wilson,2208041010,0.0
Lake_Wilson,2208041012,0.0
Lake_Wilson,2208041014,0.0
Lake_Wilson,2208041016,0.0
Lake_Wilson,2208041018,0.0
Lake_Wilson,2208041020,0.0
Lake_Wilson,2208041022,0.0
Lake_Wilson,2208061700,0.0
Lake_Wilson,2208061702,0.0
Lake_Wilson,2208061704,0.0
Lake_Wilson,2208061706,0.0
Lake_Wilson,2208061708,0.0
Lake_Wilson,2208061710,0.0
Lake_Wilson,2208061712,0.0
Lake_Wilson,2208061714,93.38826709848927
Lake_Wilson,2208061716,17.053814587475472
Lake_Wilson,2208061718,0.0
Lake_Wilson,2208061720,0.0
Lake_Wilson,2208061722,0.0
Lake_Wilson,2208081800,0.0
Lake_Wilson,2208081802,0.0
Lake_Wilson,2208081804,0.0
Lake_Wilson,2208081806,0.0
Lake_Wilson,2208081808,8.82234256331867
Lake_Wilson,2208081810,150.0
Lake_Wilson,2208081812,150.0
Lake_Wilson,2208081814,150.0
Lake_Wilson,2208081816,150.0
Lake_Wilson,2208081818,0.0
Lake_Wilson,2208081820,0.0
Lake_Wilson,2208081822,0.0
Lake_Wilson,2208091000,0.0
Lake_Wilson,2208091002,0.0
Lake_Wilson,2208091004,0.0
Lake_Wilson,2208091006,0.0
Lake_Wilson,2208091008,38.56376980756045
Lake_Wilson,2208091010,150.0
Lake_Wilson,2208091012,150.0
Lake_Wilson,2208091014,150.0
Lake_Wilson,2208091016,150.0
Lake_Wilson,2208091018,0.0
Lake_Wilson,2208091020,0.0
Lake_Wilson,2208091022,0.0
Lake_Wilson,2208112200,0.0
Lake_Wilson,2208112202,0.0
Lake_Wilson,2208112204,0.0
Lake_Wilson,2208112206,0.0
Lake_Wilson,2208112208,0.0
Lake_Wilson,2208112210,0.0
Lake_Wilson,2208112212,0.0
Lake_Wilson,2208112214,0.0
Lake_Wilson,2208112216,0.0
Lake_Wilson,2208112218,0.0
Lake_Wilson,2208112220,0.0
Lake_Wilson,2208112222,0.0
Lake_Wilson,2507011200,0.0
Lake_Wilson,2507011202,0.0
Lake_Wilson,2507011204,0.0
Lake_Wilson,2507011206,0.0
Lake_Wilson,2507011208,0.0
Lake_Wilson,2507011210,92.74905078641672
Lake_Wilson,2507011212,150.0
Lake_Wilson,2507011214,0.0
Lake_Wilson,2507011216,0.0
Lake_Wilson,2507011218,0.0
Lake_Wilson,2507011220,0.0
Lake_Wilson,2507011222,0.0
Lake_Wilson,2507011900,0.0
Lake_Wilson,2507011902,0.0
Lake_Wilson,2507011904,0.0
Lake_Wilson,2507011906,0.0
Lake_Wilson,2507011908,26.830719161403792
Lake_Wilson,2507011910,0.0
Lake_Wilson,2507011912,0.0
Lake_Wilson,2507011914,0.0
Lake_Wilson,2507011916,0.0
Lake_Wilson,2507011918,0.0
Lake_Wilson,2507011920,0.0
Lake_Wilson,2507011922,0.0
Lake_Wilson,2507021200,0.0
Lake_Wilson,2507021202,0.0
Lake_Wilson,2507021204,0.0
Lake_Wilson,2507021206,0.0
Lake_Wilson,2507021208,115.50753923788801
Lake_Wilson,2507021210,150.0
Lake_Wilson,2507021212,150.0
Lake_Wilson,2507021214,78.89615465223568
Lake_Wilson,2507021216,150.0
Lake_Wilson,2507021218,0.0
Lake_Wilson,2507021220,0.0
Lake_Wilson,2507021222,0.0
Lake_Wilson,2507050200,0.0
Lake_Wilson,2507050202,0.0
Lake_Wilson,2507050204,0.0
Lake_Wilson,2507050206,0.0
Lake_Wilson,2507050208,150.0
Lake_Wilson,2507050210,0.0
Lake_Wilson,2507050212,150.0
Lake_Wilson,2507050214,113.64290180588634
Lake_Wilson,2507050216,56.880097592480205
Lake_Wilson,2507050218,0.0
Lake_Wilson,2507050220,0.0
Lake_Wilson,2507050222,0.0
Lake_Wilson,2507092200,0.0
Lake_Wilson,2507092202,0.0
Lake_Wilson,2507092204,0.0
Lake_Wilson,2507092206,0.0
Lake_Wilson,2507092208,150.0
Lake_Wilson,2507092210,150.0
Lake_Wilson,2507092212,150.0
Lake_Wilson,2507092214,150.0
Lake_Wilson,2507092216,92.44313681547467
Lake_Wilson,2507092218,0.0
Lake_Wilson,2507092220,0.0
Lake_Wilson,2507092222,0.0
Lake_Wilson,2507102700,0.0
Lake_Wilson,2507102702,0.0
Lake_Wilson,2507102704,0.0
Lake_Wilson,2507102706,0.0
Lake_Wilson,2507102708,59.562600387297834
Lake_Wilson,2507102710,150.0
Lake_Wilson,2507102712,0.0
Lake_Wilson,2507102714,81.54407969145764
Lake_Wilson,2507102716,0.0
Lake_Wilson,2507102718,0.0
Lake_Wilson,2507102720,0.0
Lake_Wilson,2507102722,0.0
Lake_Wilson,2507121500,0.0
Lake_Wilson,2507121502,0.0
Lake_Wilson,2507121504,0.0
Lake_Wilson,2507121506,0.0
Lake_Wilson,2507121508,0.0
Lake_Wilson,2507121510,0.0
Lake_Wilson,2507121512,0.0
Lake_Wilson,2507121514,0.0
Lake_Wilson,2507121516,0.0
Lake_Wilson,2507121518,0.0
Lake_Wilson,2507121520,0.0
Lake_Wilson,2507121522,0.0
Lake_Wilson,2508022000,0.0
Lake_Wilson,2508022002,0.0
Lake_Wilson,2508022004,0.0
Lake_Wilson,2508022006,0.0
Lake_Wilson,2508022008,100.62628812710878
Lake_Wilson,2508022010,123.73450159021968
Lake_Wilson,2508022012,150.0
Lake_Wilson,2508022014,0.0
Lake_Wilson,2508022016,12.051053482091486
Lake_Wilson,2508022018,0.0
Lake_Wilson,2508022020,0.0
Lake_Wilson,2508022022,0.0
Lake_Wilson,2508041000,0.0
Lake_Wilson,2508041002,0.0
Lake_Wilson,2508041004,0.0
Lake_Wilson,2508041006,0.0
Lake_Wilson,2508041008,0.0
Lake_Wilson,2508041010,0.0
Lake_Wilson,2508041012,0.0
Lake_Wilson,2508041014,0.0
Lake_Wilson,2508041016,0.0
Lake_Wilson,2508041018,0.0
Lake_Wilson,2508041020,0.0
Lake_Wilson,2508041022,0.0
Lake_Wilson,2508061700,0.0
Lake_Wilson,2508061702,0.0
Lake_Wilson,2508061704,0.0
Lake_Wilson,2508061706,0.0
Lake_Wilson,2508061708,49.88413084223089
Lake_Wilson,2508061710,0.0
Lake_Wilson,2508061712,0.0
Lake_Wilson,2508061714,0.0
Lake_Wilson,2508061716,20.175798964538817
Lake_Wilson,2508061718,0.0
Lake_Wilson,2508061720,0.0
Lake_Wilson,2508061722,0.0
Lake_Wilson,2508081800,0.0
Lake_Wilson,2508081802,0.0
Lake_Wilson,2508081804,0.0
Lake_Wilson,2508081806,0.0
Lake_Wilson,2508081808,150.0
Lake_Wilson,2508081810,150.0
Lake_Wilson,2508081812,150.0
Lake_Wilson,2508081814,62.06280682309102
Lake_Wilson,2508081816,0.0
Lake_Wilson,2508081818,0.0
Lake_Wilson,2508081820,0.0
Lake_Wilson,2508081822,0.0
Lake_Wilson,2508091000,0.0
Lake_Wilson,2508091002,0.0
Lake_Wilson,2508091004,0.0
Lake_Wilson,2508091006,0.0
Lake_Wilson,2508091008,133.09051803615736
Lake_Wilson,2508091010,150.0
Lake_Wilson,2508091012,150.0
Lake_Wilson,2508091014,150.0
Lake_Wilson,2508091016,0.0
Lake_Wilson,2508091018,0.0
Lake_Wilson,2508091020,0.0
Lake_Wilson,2508091022,0.0
Lake_Wilson,2508112200,0.0
Lake_Wilson,2508112202,0.0
Lake_Wilson,2508112204,0.0
Lake_Wilson,2508112206,0.0
Lake_Wilson,2508112208,0.0
Lake_Wilson,2508112210,0.0
Lake_Wilson,2508112212,0.0
Lake_Wilson,2508112214,0.0
Lake_Wilson,2508112216,0.0
Lake_Wilson,2508112218,0.0
Lake_Wilson,2508112220,0.0
Lake_Wilson,2508112222,0.0
Lake_Wilson,3007011200,0.0
Lake_Wilson,3007011202,0.0
Lake_Wilson,3007011204,0.0
Lake_Wilson,3007011206,0.0
Lake_Wilson,3007011208,85.34897925803762
Lake_Wilson,3007011210,150.0
Lake_Wilson,3007011212,150.0
Lake_Wilson,3007011214,36.511611522172956
Lake_Wilson,3007011216,0.0
Lake_Wilson,3007011218,0.0
Lake_Wilson,3007011220,0.0
Lake_Wilson,3007011222,0.0
Lake_Wilson,3007011900,0.0
Lake_Wilson,3007011902,0.0
Lake_Wilson,3007011904,0.0
Lake_Wilson,3007011906,0.0
Lake_Wilson,3007011908,0.0
Lake_Wilson,3007011910,0.0
Lake_Wilson,3007011912,0.0
Lake_Wilson,3007011914,46.9170431389311
Lake_Wilson,3007011916,0.0
Lake_Wilson,3007011918,0.0
Lake_Wilson,3007011920,0.0
Lake_Wilson,3007011922,0.0
Lake_Wilson,3007021200,0.0
Lake_Wilson,3007021202,0.0
Lake_Wilson,3007021204,0.0
Lake_Wilson,3007021206,0.0
Lake_Wilson,3007021208,150.0
Lake_Wilson,3007021210,150.0
Lake_Wilson,3007021212,150.0
Lake_Wilson,3007021214,150.0
Lake_Wilson,3007021216,150.0
Lake_Wilson,3007021218,0.0
Lake_Wilson,3007021220,0.0
Lake_Wilson,3007021222,0.0
Lake_Wilson,3007050200,0.0
Lake_Wilson,3007050202,0.0
Lake_Wilson,3007050204,0.0
Lake_Wilson,3007050206,0.0
Lake_Wilson,3007050208,150.0
Lake_Wilson,3007050210,150.0
Lake_Wilson,3007050212,150.0
Lake_Wilson,3007050214,150.0
Lake_Wilson,3007050216,150.0
Lake_Wilson,3007050218,0.0
Lake_Wilson,3007050220,0.0
Lake_Wilson,3007050222,0.0
Lake_Wilson,3007092200,0.0
Lake_Wilson,3007092202,0.0
Lake_Wilson,3007092204,0.0
Lake_Wilson,3007092206,0.0
Lake_Wilson,3007092208,150.0
Lake_Wilson,3007092210,150.0
Lake_Wilson,3007092212,150.0
Lake_Wilson,3007092214,150.0
Lake_Wilson,3007092216,150.0
Lake_Wilson,3007092218,0.0
Lake_Wilson,3007092220,0.0
Lake_Wilson,3007092222,0.0
Lake_Wilson,3007102700,0.0
Lake_Wilson,3007102702,0.0
Lake_Wilson,3007102704,0.0
Lake_Wilson,3007102706,0.0
Lake_Wilson,3007102708,150.0
Lake_Wilson,3007102710,150.0
Lake_Wilson,3007102712,150.0
Lake_Wilson,3007102714,150.0
Lake_Wilson,3007102716,35.52378446540841
Lake_Wilson,3007102718,0.0
Lake_Wilson,3007102720,0.0
Lake_Wilson,3007102722,0.0
Lake_Wilson,3007121500,0.0
Lake_Wilson,3007121502,0.0
Lake_Wilson,3007121504,0.0
Lake_Wilson,3007121506,0.0
Lake_Wilson,3007121508,117.09977869637754
Lake_Wilson,3007121510,150.0
Lake_Wilson,3007121512,0.0
Lake_Wilson,3007121514,145.01464005326284
Lake_Wilson,3007121516,50.63266295189345
Lake_Wilson,3007121518,0.0
Lake_Wilson,3007121520,0.0
Lake_Wilson,3007121522,0.0
Lake_Wilson,3008022000,0.0
Lake_Wilson,3008022002,0.0
Lake_Wilson,3008022004,0.0
Lake_Wilson,3008022006,0.0
Lake_Wilson,3008022008,150.0
Lake_Wilson,3008022010,150.0
Lake_Wilson,3008022012,133.0849928821998
Lake_Wilson,3008022014,150.0
Lake_Wilson,3008022016,150.0
Lake_Wilson,3008022018,0.0
Lake_Wilson,3008022020,0.0
Lake_Wilson,3008022022,0.0
Lake_Wilson,3008041000,0.0
Lake_Wilson,3008041002,0.0
Lake_Wilson,3008041004,0.0
Lake_Wilson,3008041006,0.0
Lake_Wilson,3008041008,14.692792850498023
Lake_Wilson,3008041010,0.0
Lake_Wilson,3008041012,0.0
Lake_Wilson,3008041014,79.93027428693017
Lake_Wilson,3008041016,0.0
Lake_Wilson,3008041018,0.0
Lake_Wilson,3008041020,0.0
Lake_Wilson,3008041022,0.0
Lake_Wilson,3008061700,0.0
Lake_Wilson,3008061702,0.0
Lake_Wilson,3008061704,0.0
Lake_Wilson,3008061706,0.0
Lake_Wilson,3008061708,150.0
Lake_Wilson,3008061710,150.0
Lake_Wilson,3008061712,150.0
Lake_Wilson,3008061714,53.730696928328996
Lake_Wilson,3008061716,94.20644640518687
Lake_Wilson,3008061718,0.0
Lake_Wilson,3008061720,0.0
Lake_Wilson,3008061722,0.0
Lake_Wilson,3008081800,0.0
Lake_Wilson,3008081802,0.0
Lake_Wilson,3008081804,0.0
Lake_Wilson,3008081806,0.0
Lake_Wilson,3008081808,150.0
Lake_Wilson,3008081810,150.0
Lake_Wilson,3008081812,150.0
Lake_Wilson,3008081814,150.0
Lake_Wilson,3008081816,150.0
Lake_Wilson,3008081818,0.0
Lake_Wilson,3008081820,0.0
Lake_Wilson,3008081822,0.0
Lake_Wilson,3008091000,0.0
Lake_Wilson,3008091002,0.0
Lake_Wilson,3008091004,0.0
Lake_Wilson,3008091006,0.0
Lake_Wilson,3008091008,150.0
Lake_Wilson,3008091010,150.0
Lake_Wilson,3008091012,150.0
Lake_Wilson,3008091014,150.0
Lake_Wilson,3008091016,138.39865303491612
Lake_Wilson,3008091018,0.0
Lake_Wilson,3008091020,0.0
Lake_Wilson,3008091022,0.0
Lake_Wilson,3008112200,0.0
Lake_Wilson,3008112202,0.0
Lake_Wilson,3008112204,0.0
Lake_Wilson,3008112206,0.0
Lake_Wilson,3008112208,0.0
Lake_Wilson,3008112210,0.0
Lake_Wilson,3008112212,0.0
Lake_Wilson,3008112214,0.0
Lake_Wilson,3008112216,0.0
Lake_Wilson,3008112218,0.0
Lake_Wilson,3008112220,0.0
Lake_Wilson,3008112222,0.0
Lake_Wilson,3507011200,0.0
Lake_Wilson,3507011202,0.0
Lake_Wilson,3507011204,0.0
Lake_Wilson,3507011206,0.0
Lake_Wilson,3507011208,150.0
Lake_Wilson,3507011210,150.0
Lake_Wilson,3507011212,150.0
Lake_Wilson,3507011214,0.0
Lake_Wilson,3507011216,25.479517527235913
Lake_Wilson,3507011218,0.0
Lake_Wilson,3507011220,0.0
Lake_Wilson,3507011222,0.0
Lake_Wilson,3507011900,0.0
Lake_Wilson,3507011902,0.0
Lake_Wilson,3507011904,0.0
Lake_Wilson,3507011906,0.0
Lake_Wilson,3507011908,0.0
Lake_Wilson,3507011910,0.0
Lake_Wilson,3507011912,0.0
Lake_Wilson,3507011914,0.0
Lake_Wilson,3507011916,0.0
Lake_Wilson,3507011918,0.0
Lake_Wilson,3507011920,0.0
Lake_Wilson,3507011922,0.0
Lake_Wilson,3507021200,0.0
Lake_Wilson,3507021202,0.0
Lake_Wilson,3507021204,0.0
Lake_Wilson,3507021206,0.0
Lake_Wilson,3507021208,150.0
Lake_Wilson,3507021210,150.0
Lake_Wilson,3507021212,150.0
Lake_Wilson,3507021214,150.0
Lake_Wilson,3507021216,150.0
Lake_Wilson,3507021218,0.0
Lake_Wilson,3507021220,0.0
Lake_Wilson,3507021222,0.0
Lake_Wilson,3507050200,0.0
Lake_Wilson,3507050202,0.0
Lake_Wilson,3507050204,0.0
Lake_Wilson,3507050206,0.0
Lake_Wilson,3507050208,150.0
Lake_Wilson,3507050210,150.0
Lake_Wilson,3507050212,150.0
Lake_Wilson,3507050214,150.0
Lake_Wilson,3507050216,150.0
Lake_Wilson,3507050218,0.0
Lake_Wilson,3507050220,0.0
Lake_Wilson,3507050222,0.0
Lake_Wilson,3507092200,0.0
Lake_Wilson,3507092202,0.0
Lake_Wilson,3507092204,0.0
Lake_Wilson,3507092206,0.0
Lake_Wilson,3507092208,150.0
Lake_Wilson,3507092210,150.0
Lake_Wilson,3507092212,150.0
Lake_Wilson,3507092214,150.0
Lake_Wilson,3507092216,150.0
Lake_Wilson,3507092218,0.0
Lake_Wilson,3507092220,0.0
Lake_Wilson,3507092222,0.0
Lake_Wilson,3507102700,0.0
Lake_Wilson,3507102702,0.0
Lake_Wilson,3507102704,0.0
Lake_Wilson,3507102706,0.0
Lake_Wilson,3507102708,150.0
Lake_Wilson,3507102710,150.0
Lake_Wilson,3507102712,150.0
Lake_Wilson,3507102714,150.0
Lake_Wilson,3507102716,108.48578997576116
Lake_Wilson,3507102718,0.0
Lake_Wilson,3507102720,0.0
Lake_Wilson,3507102722,0.0
Lake_Wilson,3507121500,0.0
Lake_Wilson,3507121502,0.0
Lake_Wilson,3507121504,0.0
Lake_Wilson,3507121506,0.0
Lake_Wilson,3507121508,150.0
Lake_Wilson,3507121510,150.0
Lake_Wilson,3507121512,150.0
Lake_Wilson,3507121514,150.0
Lake_Wilson,3507121516,115.24884261566699
Lake_Wilson,3507121518,0.0
Lake_Wilson,3507121520,0.0
Lake_Wilson,3507121522,0.0
Lake_Wilson,3508022000,0.0
Lake_Wilson,3508022002,0.0
Lake_Wilson,3508022004,0.0
Lake_Wilson,3508022006,0.0
Lake_Wilson,3508022008,129.701149288826
Lake_Wilson,3508022010,150.0
Lake_Wilson,3508022012,150.0
Lake_Wilson,3508022014,150.0
Lake_Wilson,3508022016,29.419059709971634
Lake_Wilson,3508022018,0.0
Lake_Wilson,3508022020,0.0
Lake_Wilson,3508022022,0.0
Lake_Wilson,3508041000,0.0
Lake_Wilson,3508041002,0.0
Lake_Wilson,3508041004,0.0
Lake_Wilson,3508041006,0.0
Lake_Wilson,3508041008,0.0
Lake_Wilson,3508041010,0.0
Lake_Wilson,3508041012,0.0
Lake_Wilson,3508041014,0.0
Lake_Wilson,3508041016,0.0
Lake_Wilson,3508041018,0.0
Lake_Wilson,3508041020,0.0
Lake_Wilson,3508041022,0.0
Lake_Wilson,3508061700,0.0
Lake_Wilson,3508061702,0.0
Lake_Wilson,3508061704,0.0
Lake_Wilson,3508061706,0.0
Lake_Wilson,3508061708,9.073542483424063
Lake_Wilson,3508061710,64.5841749628705
Lake_Wilson,3508061712,0.0
Lake_Wilson,3508061714,0.0
Lake_Wilson,3508061716,8.962183704976681
Lake_Wilson,3508061718,0.0
Lake_Wilson,3508061720,0.0
Lake_Wilson,3508061722,0.0
Lake_Wilson,3508081800,0.0
Lake_Wilson,3508081802,0.0
Lake_Wilson,3508081804,0.0
Lake_Wilson,3508081806,0.0
Lake_Wilson,3508081808,150.0
Lake_Wilson,3508081810,150.0
Lake_Wilson,3508081812,150.0
Lake_Wilson,3508081814,150.0
Lake_Wilson,3508081816,150.0
Lake_Wilson,3508081818,0.0
Lake_Wilson,3508081820,0.0
Lake_Wilson,3508081822,0.0
Lake_Wilson,3508091000,0.0
Lake_Wilson,3508091002,0.0
Lake_Wilson,3508091004,0.0
Lake_Wilson,3508091006,0.0
Lake_Wilson,3508091008,150.0
Lake_Wilson,3508091010,150.0
Lake_Wilson,3508091012,150.0
Lake_Wilson,3508091014,150.0
Lake_Wilson,3508091016,150.0
Lake_Wilson,3508091018,0.0
Lake_Wilson,3508091020,0.0
Lake_Wilson,3508091022,0.0
Lake_Wilson,3508112200,0.0
Lake_Wilson,3508112202,0.0
Lake_Wilson,3508112204,0.0
Lake_Wilson,3508112206,0.0
Lake_Wilson,3508112208,0.0
Lake_Wilson,3508112210,0.0
Lake_Wilson,3508112212,0.0
Lake_Wilson,3508112214,0.0
Lake_Wilson,3508112216,0.0
Lake_Wilson,3508112218,0.0
Lake_Wilson,3508112220,0.0
Lake_Wilson,3508112222,0.0
Lake_Wilson,4007011200,0.0
Lake_Wilson,4007011202,0.0
Lake_Wilson,4007011204,0.0
Lake_Wilson,4007011206,0.0
Lake_Wilson,4007011208,0.0
Lake_Wilson,4007011210,0.0
Lake_Wilson,4007011212,0.0
Lake_Wilson,4007011214,0.0
Lake_Wilson,4007011216,0.0
Lake_Wilson,4007011218,0.0
Lake_Wilson,4007011220,0.0
Lake_Wilson,4007011222,0.0
Lake_Wilson,4007011900,0.0
Lake_Wilson,4007011902,0.0
Lake_Wilson,4007011904,0.0
Lake_Wilson,4007011906,0.0
Lake_Wilson,4007011908,0.0
Lake_Wilson,4007011910,0.0
Lake_Wilson,4007011912,0.0
Lake_Wilson,4007011914,0.0
Lake_Wilson,4007011916,0.0
Lake_Wilson,4007011918,0.0
Lake_Wilson,4007011920,0.0
Lake_Wilson,4007011922,0.0
Lake_Wilson,4007021200,0.0
Lake_Wilson,4007021202,0.0
Lake_Wilson,4007021204,0.0
Lake_Wilson,4007021206,0.0
Lake_Wilson,4007021208,150.0
Lake_Wilson,4007021210,150.0
Lake_Wilson,4007021212,150.0
Lake_Wilson,4007021214,150.0
Lake_Wilson,4007021216,150.0
Lake_Wilson,4007021218,0.0
Lake_Wilson,4007021220,0.0
Lake_Wilson,4007021222,0.0
Lake_Wilson,4007050200,0.0
Lake_Wilson,4007050202,0.0
Lake_Wilson,4007050204,0.0
Lake_Wilson,4007050206,0.0
Lake_Wilson,4007050208,150.0
Lake_Wilson,4007050210,150.0
Lake_Wilson,4007050212,150.0
Lake_Wilson,4007050214,150.0
Lake_Wilson,4007050216,131.43991970063553
Lake_Wilson,4007050218,0.0
Lake_Wilson,4007050220,0.0
Lake_Wilson,4007050222,0.0
Lake_Wilson,4007092200,0.0
Lake_Wilson,4007092202,0.0
Lake_Wilson,4007092204,0.0
Lake_Wilson,4007092206,0.0
Lake_Wilson,4007092208,150.0
Lake_Wilson,4007092210,150.0
Lake_Wilson,4007092212,150.0
Lake_Wilson,4007092214,150.0
Lake_Wilson,4007092216,150.0
Lake_Wilson,4007092218,0.0
Lake_Wilson,4007092220,0.0
Lake_Wilson,4007092222,0.0
Lake_Wilson,4007102700,0.0
Lake_Wilson,4007102702,0.0
Lake_Wilson,4007102704,0.0
Lake_Wilson,4007102706,0.0
Lake_Wilson,4007102708,150.0
Lake_Wilson,4007102710,150.0
Lake_Wilson,4007102712,87.73494127216622
Lake_Wilson,4007102714,150.0
Lake_Wilson,4007102716,0.0
Lake_Wilson,4007102718,0.0
Lake_Wilson,4007102720,0.0
Lake_Wilson,4007102722,0.0
Lake_Wilson,4007121500,0.0
Lake_Wilson,4007121502,0.0
Lake_Wilson,4007121504,0.0
Lake_Wilson,4007121506,0.0
Lake_Wilson,4007121508,6.644362572330408
Lake_Wilson,4007121510,0.0
Lake_Wilson,4007121512,0.0
Lake_Wilson,4007121514,150.0
Lake_Wilson,4007121516,0.0
Lake_Wilson,4007121518,0.0
Lake_Wilson,4007121520,0.0
Lake_Wilson,4007121522,0.0
Lake_Wilson,4008022000,0.0
Lake_Wilson,4008022002,0.0
Lake_Wilson,4008022004,0.0
Lake_Wilson,4008022006,0.0
Lake_Wilson,4008022008,114.46280642036658
Lake_Wilson,4008022010,150.0
Lake_Wilson,4008022012,143.71422418018528
Lake_Wilson,4008022014,150.0
Lake_Wilson,4008022016,117.42625213377235
Lake_Wilson,4008022018,0.0
Lake_Wilson,4008022020,0.0
Lake_Wilson,4008022022,0.0
Lake_Wilson,4008041000,0.0
Lake_Wilson,4008041002,0.0
Lake_Wilson,4008041004,0.0
Lake_Wilson,4008041006,0.0
Lake_Wilson,4008041008,0.0
Lake_Wilson,4008041010,0.0
Lake_Wilson,4008041012,0.0
Lake_Wilson,4008041014,0.0
Lake_Wilson,4008041016,0.0
Lake_Wilson,4008041018,0.0
Lake_Wilson,4008041020,0.0
Lake_Wilson,4008041022,0.0
Lake_Wilson,4008061700,0.0
Lake_Wilson,4008061702,0.0
Lake_Wilson,4008061704,0.0
Lake_Wilson,4008061706,0.0
Lake_Wilson,4008061708,137.6567121970991
Lake_Wilson,4008061710,0.0
Lake_Wilson,4008061712,0.0
Lake_Wilson,4008061714,0.0
Lake_Wilson,4008061716,0.0
Lake_Wilson,4008061718,0.0
Lake_Wilson,4008061720,0.0
Lake_Wilson,4008061722,0.0
Lake_Wilson,4008081800,0.0
Lake_Wilson,4008081802,0.0
Lake_Wilson,4008081804,0.0
Lake_Wilson,4008081806,0.0
Lake_Wilson,4008081808,150.0
Lake_Wilson,4008081810,150.0
Lake_Wilson,4008081812,150.0
Lake_Wilson,4008081814,150.0
Lake_Wilson,4008081816,150.0
Lake_Wilson,4008081818,0.0
Lake_Wilson,4008081820,0.0
Lake_Wilson,4008081822,0.0
Lake_Wilson,4008091000,0.0
Lake_Wilson,4008091002,0.0
Lake_Wilson,4008091004,0.0
Lake_Wilson,4008091006,0.0
Lake_Wilson,4008091008,150.0
Lake_Wilson,4008091010,150.0
Lake_Wilson,4008091012,150.0
Lake_Wilson,4008091014,150.0
Lake_Wilson,4008091016,116.55930093135382
Lake_Wilson,4008091018,0.0
Lake_Wilson,4008091020,0.0
Lake_Wilson,4008091022,0.0
Lake_Wilson,4008112200,0.0
Lake_Wilson,4008112202,0.0
Lake_Wilson,4008112204,0.0
Lake_Wilson,4008112206,0.0
Lake_Wilson,4008112208,0.0
Lake_Wilson,4008112210,0.0
Lake_Wilson,4008112212,0.0
Lake_Wilson,4008112214,0.0
Lake_Wilson,4008112216,0.0
Lake_Wilson,4008112218,0.0
Lake_Wilson,4008112220,0.0
Lake_Wilson,4008112222,0.0
Lake_Wilson,4507011200,0.0
Lake_Wilson,4507011202,92.01175271636264
Lake_Wilson,4507011204,0.0
Lake_Wilson,4507011206,0.0
Lake_Wilson,4507011208,46.858895957424096
Lake_Wilson,4507011210,38.996347800302004
Lake_Wilson,4507011212,12.82979427977341
Lake_Wilson,4507011214,115.24240633934096
Lake_Wilson,4507011216,61.693359388416525
Lake_Wilson,4507011218,92.02563512713326
Lake_Wilson,4507011220,0.0
Lake_Wilson,4507011222,0.0
Lake_Wilson,4507011900,0.0
Lake_Wilson,4507011902,0.0
Lake_Wilson,4507011904,0.0
Lake_Wilson,4507011906,0.0
Lake_Wilson,4507011908,27.49974202490619
Lake_Wilson,4507011910,0.0
Lake_Wilson,4507011912,0.0
Lake_Wilson,4507011914,0.0
Lake_Wilson,4507011916,0.0
Lake_Wilson,4507011918,0.0
Lake_Wilson,4507011920,0.0
Lake_Wilson,4507011922,0.0
Lake_Wilson,4507021200,0.0
Lake_Wilson,4507021202,0.0
Lake_Wilson,4507021204,0.0
Lake_Wilson,4507021206,0.0
Lake_Wilson,4507021208,150.0
Lake_Wilson,4507021210,150.0
Lake_Wilson,4507021212,150.0
Lake_Wilson,4507021214,150.0
Lake_Wilson,4507021216,150.0
Lake_Wilson,4507021218,0.0
Lake_Wilson,4507021220,0.0
Lake_Wilson,4507021222,0.0
Lake_Wilson,4507050200,0.0
Lake_Wilson,4507050202,0.0
Lake_Wilson,4507050204,0.0
Lake_Wilson,4507050206,0.0
Lake_Wilson,4507050208,150.0
Lake_Wilson,4507050210,150.0
Lake_Wilson,4507050212,150.0
Lake_Wilson,4507050214,70.92137872397137
Lake_Wilson,4507050216,150.0
Lake_Wilson,4507050218,0.0
Lake_Wilson,4507050220,0.0
Lake_Wilson,4507050222,0.44609903064252876
Lake_Wilson,4507092200,0.0
Lake_Wilson,4507092202,0.0
Lake_Wilson,4507092204,0.0
Lake_Wilson,4507092206,0.0
Lake_Wilson,4507092208,150.0
Lake_Wilson,4507092210,150.0
Lake_Wilson,4507092212,96.15443422724371
Lake_Wilson,4507092214,150.0
Lake_Wilson,4507092216,150.0
Lake_Wilson,4507092218,0.0
Lake_Wilson,4507092220,96.05449139385635
Lake_Wilson,4507092222,0.0
Lake_Wilson,4507102700,150.0
Lake_Wilson,4507102702,0.0
Lake_Wilson,4507102704,0.0
Lake_Wilson,4507102706,108.85268754875565
Lake_Wilson,4507102708,0.0
Lake_Wilson,4507102710,13.529954021817957
Lake_Wilson,4507102712,0.0
Lake_Wilson,4507102714,150.0
Lake_Wilson,4507102716,0.0
Lake_Wilson,4507102718,0.0
Lake_Wilson,4507102720,0.0
Lake_Wilson,4507102722,0.0
Lake_Wilson,4507121500,0.0
Lake_Wilson,4507121502,0.0
Lake_Wilson,4507121504,0.0
Lake_Wilson,4507121506,0.0
Lake_Wilson,4507121508,111.79845593016151
Lake_Wilson,4507121510,99.63610861009323
Lake_Wilson,4507121512,150.0
Lake_Wilson,4507121514,150.0
Lake_Wilson,4507121516,12.34592433703213
Lake_Wilson,4507121518,0.0
Lake_Wilson,4507121520,110.15670280971122
Lake_Wilson,4507121522,0.0
Lake_Wilson,4508022000,0.0
Lake_Wilson,4508022002,0.0
Lake_Wilson,4508022004,0.0
Lake_Wilson,4508022006,0.0
Lake_Wilson,4508022008,150.0
Lake_Wilson,4508022010,150.0
Lake_Wilson,4508022012,150.0
Lake_Wilson,4508022014,150.0
Lake_Wilson,4508022016,150.0
Lake_Wilson,4508022018,0.0
Lake_Wilson,4508022020,0.0
Lake_Wilson,4508022022,0.0
Lake_Wilson,4508041000,0.0
Lake_Wilson,4508041002,0.0
Lake_Wilson,4508041004,0.0
Lake_Wilson,4508041006,0.0
Lake_Wilson,4508041008,0.0
Lake_Wilson,4508041010,0.0
Lake_Wilson,4508041012,0.0
Lake_Wilson,4508041014,0.0
Lake_Wilson,4508041016,0.0
Lake_Wilson,4508041018,0.0
Lake_Wilson,4508041020,0.0
Lake_Wilson,4508041022,0.0
Lake_Wilson,4508061700,0.0
Lake_Wilson,4508061702,0.0
Lake_Wilson,4508061704,0.0
Lake_Wilson,4508061706,0.0
Lake_Wilson,4508061708,150.0
Lake_Wilson,4508061710,150.0
Lake_Wilson,4508061712,150.0
Lake_Wilson,4508061714,150.0
Lake_Wilson,4508061716,106.92095801299841
Lake_Wilson,4508061718,0.0
Lake_Wilson,4508061720,0.0
Lake_Wilson,4508061722,0.0
Lake_Wilson,4508081800,0.0
Lake_Wilson,4508081802,0.0
Lake_Wilson,4508081804,0.0
Lake_Wilson,4508081806,0.0
Lake_Wilson,4508081808,150.0
Lake_Wilson,4508081810,36.7561695421208
Lake_Wilson,4508081812,150.0
Lake_Wilson,4508081814,0.0
Lake_Wilson,4508081816,150.0
Lake_Wilson,4508081818,0.0
Lake_Wilson,4508081820,91.22073064702474
Lake_Wilson,4508081822,0.0
Lake_Wilson,4508091000,0.0
Lake_Wilson,4508091002,0.0
Lake_Wilson,4508091004,0.0
Lake_Wilson,4508091006,0.0
Lake_Wilson,4508091008,150.0
Lake_Wilson,4508091010,150.0
Lake_Wilson,4508091012,150.0
Lake_Wilson,4508091014,150.0
Lake_Wilson,4508091016,150.0
Lake_Wilson,4508091018,0.0
Lake_Wilson,4508091020,0.0
Lake_Wilson,4508091022,0.0
Lake_Wilson,4508112200,0.0
Lake_Wilson,4508112202,0.0
Lake_Wilson,4508112204,0.0
Lake_Wilson,4508112206,0.0
Lake_Wilson,4508112208,0.0
Lake_Wilson,4508112210,0.0
Lake_Wilson,4508112212,0.0
Lake_Wilson,4508112214,0.0
Lake_Wilson,4508112216,0.0
Lake_Wilson,4508112218,0.0
Lake_Wilson,4508112220,0.0
Lake_Wilson,4508112222,0.0
