PumpedStorageSpinningUpReserves_index_1,PumpedStorageSpinningUpReserves_index_2,PumpedStorageSpinningUpReserves
Lake_Wilson,2007011200,0.0
Lake_Wilson,2007011202,0.0
Lake_Wilson,2007011204,0.0
Lake_Wilson,2007011206,0.0
Lake_Wilson,2007011208,0.0
Lake_Wilson,2007011210,0.0
Lake_Wilson,2007011212,0.0
Lake_Wilson,2007011214,0.0
Lake_Wilson,2007011216,0.0
Lake_Wilson,2007011218,0.0
Lake_Wilson,2007011220,0.0
Lake_Wilson,2007011222,0.0
Lake_Wilson,2007011900,0.0
Lake_Wilson,2007011902,0.0
Lake_Wilson,2007011904,0.0
Lake_Wilson,2007011906,0.0
Lake_Wilson,2007011908,0.0
Lake_Wilson,2007011910,0.0
Lake_Wilson,2007011912,0.0
Lake_Wilson,2007011914,0.0
Lake_Wilson,2007011916,0.0
Lake_Wilson,2007011918,0.0
Lake_Wilson,2007011920,0.0
Lake_Wilson,2007011922,0.0
Lake_Wilson,2007021200,0.0
Lake_Wilson,2007021202,0.0
Lake_Wilson,2007021204,0.0
Lake_Wilson,2007021206,0.0
Lake_Wilson,2007021208,0.0
Lake_Wilson,2007021210,0.0
Lake_Wilson,2007021212,0.0
Lake_Wilson,2007021214,0.0
Lake_Wilson,2007021216,0.0
Lake_Wilson,2007021218,0.0
Lake_Wilson,2007021220,0.0
Lake_Wilson,2007021222,0.0
Lake_Wilson,2007050200,0.0
Lake_Wilson,2007050202,0.0
Lake_Wilson,2007050204,0.0
Lake_Wilson,2007050206,0.0
Lake_Wilson,2007050208,0.0
Lake_Wilson,2007050210,0.0
Lake_Wilson,2007050212,0.0
Lake_Wilson,2007050214,0.0
Lake_Wilson,2007050216,0.0
Lake_Wilson,2007050218,0.0
Lake_Wilson,2007050220,0.0
Lake_Wilson,2007050222,0.0
Lake_Wilson,2007092200,0.0
Lake_Wilson,2007092202,0.0
Lake_Wilson,2007092204,0.0
Lake_Wilson,2007092206,0.0
Lake_Wilson,2007092208,0.0
Lake_Wilson,2007092210,0.0
Lake_Wilson,2007092212,0.0
Lake_Wilson,2007092214,0.0
Lake_Wilson,2007092216,0.0
Lake_Wilson,2007092218,0.0
Lake_Wilson,2007092220,0.0
Lake_Wilson,2007092222,0.0
Lake_Wilson,2007102700,0.0
Lake_Wilson,2007102702,0.0
Lake_Wilson,2007102704,0.0
Lake_Wilson,2007102706,0.0
Lake_Wilson,2007102708,0.0
Lake_Wilson,2007102710,0.0
Lake_Wilson,2007102712,0.0
Lake_Wilson,2007102714,0.0
Lake_Wilson,2007102716,0.0
Lake_Wilson,2007102718,0.0
Lake_Wilson,2007102720,0.0
Lake_Wilson,2007102722,0.0
Lake_Wilson,2007121500,0.0
Lake_Wilson,2007121502,0.0
Lake_Wilson,2007121504,0.0
Lake_Wilson,2007121506,0.0
Lake_Wilson,2007121508,0.0
Lake_Wilson,2007121510,0.0
Lake_Wilson,2007121512,0.0
Lake_Wilson,2007121514,0.0
Lake_Wilson,2007121516,0.0
Lake_Wilson,2007121518,0.0
Lake_Wilson,2007121520,0.0
Lake_Wilson,2007121522,0.0
Lake_Wilson,2008022000,0.0
Lake_Wilson,2008022002,0.0
Lake_Wilson,2008022004,0.0
Lake_Wilson,2008022006,0.0
Lake_Wilson,2008022008,0.0
Lake_Wilson,2008022010,0.0
Lake_Wilson,2008022012,0.0
Lake_Wilson,2008022014,0.0
Lake_Wilson,2008022016,0.0
Lake_Wilson,2008022018,0.0
Lake_Wilson,2008022020,0.0
Lake_Wilson,2008022022,0.0
Lake_Wilson,2008041000,0.0
Lake_Wilson,2008041002,0.0
Lake_Wilson,2008041004,0.0
Lake_Wilson,2008041006,0.0
Lake_Wilson,2008041008,0.0
Lake_Wilson,2008041010,0.0
Lake_Wilson,2008041012,0.0
Lake_Wilson,2008041014,0.0
Lake_Wilson,2008041016,0.0
Lake_Wilson,2008041018,0.0
Lake_Wilson,2008041020,0.0
Lake_Wilson,2008041022,0.0
Lake_Wilson,2008061700,0.0
Lake_Wilson,2008061702,0.0
Lake_Wilson,2008061704,0.0
Lake_Wilson,2008061706,0.0
Lake_Wilson,2008061708,0.0
Lake_Wilson,2008061710,0.0
Lake_Wilson,2008061712,0.0
Lake_Wilson,2008061714,0.0
Lake_Wilson,2008061716,0.0
Lake_Wilson,2008061718,0.0
Lake_Wilson,2008061720,0.0
Lake_Wilson,2008061722,0.0
Lake_Wilson,2008081800,0.0
Lake_Wilson,2008081802,0.0
Lake_Wilson,2008081804,0.0
Lake_Wilson,2008081806,0.0
Lake_Wilson,2008081808,0.0
Lake_Wilson,2008081810,0.0
Lake_Wilson,2008081812,0.0
Lake_Wilson,2008081814,0.0
Lake_Wilson,2008081816,0.0
Lake_Wilson,2008081818,0.0
Lake_Wilson,2008081820,0.0
Lake_Wilson,2008081822,0.0
Lake_Wilson,2008091000,0.0
Lake_Wilson,2008091002,0.0
Lake_Wilson,2008091004,0.0
Lake_Wilson,2008091006,0.0
Lake_Wilson,2008091008,0.0
Lake_Wilson,2008091010,0.0
Lake_Wilson,2008091012,0.0
Lake_Wilson,2008091014,0.0
Lake_Wilson,2008091016,0.0
Lake_Wilson,2008091018,0.0
Lake_Wilson,2008091020,0.0
Lake_Wilson,2008091022,0.0
Lake_Wilson,2008112200,0.0
Lake_Wilson,2008112202,0.0
Lake_Wilson,2008112204,0.0
Lake_Wilson,2008112206,0.0
Lake_Wilson,2008112208,0.0
Lake_Wilson,2008112210,0.0
Lake_Wilson,2008112212,0.0
Lake_Wilson,2008112214,0.0
Lake_Wilson,2008112216,0.0
Lake_Wilson,2008112218,0.0
Lake_Wilson,2008112220,0.0
Lake_Wilson,2008112222,0.0
Lake_Wilson,2207011200,52.5551965153784
Lake_Wilson,2207011202,0.0
Lake_Wilson,2207011204,86.28211702779375
Lake_Wilson,2207011206,29.500741575664534
Lake_Wilson,2207011208,81.02815008052848
Lake_Wilson,2207011210,150.0
Lake_Wilson,2207011212,133.44739787835957
Lake_Wilson,2207011214,150.0
Lake_Wilson,2207011216,150.0
Lake_Wilson,2207011218,0.0
Lake_Wilson,2207011220,0.0
Lake_Wilson,2207011222,72.13363230116454
Lake_Wilson,2207011900,0.0
Lake_Wilson,2207011902,0.0
Lake_Wilson,2207011904,82.35374476557178
Lake_Wilson,2207011906,93.27145291116453
Lake_Wilson,2207011908,145.42690557261864
Lake_Wilson,2207011910,138.2734959150685
Lake_Wilson,2207011912,150.0
Lake_Wilson,2207011914,52.20280240418714
Lake_Wilson,2207011916,29.434392719594925
Lake_Wilson,2207011918,24.617392361517886
Lake_Wilson,2207011920,0.0
Lake_Wilson,2207011922,72.13363230116454
Lake_Wilson,2207021200,52.468816864489824
Lake_Wilson,2207021202,0.0
Lake_Wilson,2207021204,30.962851830188796
Lake_Wilson,2207021206,0.0
Lake_Wilson,2207021208,130.5825806050579
Lake_Wilson,2207021210,20.917822001746572
Lake_Wilson,2207021212,148.41252266394537
Lake_Wilson,2207021214,116.11116377952433
Lake_Wilson,2207021216,58.99996350200266
Lake_Wilson,2207021218,0.0
Lake_Wilson,2207021220,0.0
Lake_Wilson,2207021222,0.0
Lake_Wilson,2207050200,101.9102203973048
Lake_Wilson,2207050202,26.598020610000003
Lake_Wilson,2207050204,26.598020610000003
Lake_Wilson,2207050206,0.0
Lake_Wilson,2207050208,149.7111489893447
Lake_Wilson,2207050210,0.0
Lake_Wilson,2207050212,72.13363230116454
Lake_Wilson,2207050214,79.41819544846635
Lake_Wilson,2207050216,149.36004131615223
Lake_Wilson,2207050218,103.1122672068422
Lake_Wilson,2207050220,0.0
Lake_Wilson,2207050222,0.0
Lake_Wilson,2207092200,26.598020610000003
Lake_Wilson,2207092202,141.6557578122219
Lake_Wilson,2207092204,31.933632301164494
Lake_Wilson,2207092206,0.0
Lake_Wilson,2207092208,33.169942839495405
Lake_Wilson,2207092210,127.00478030835984
Lake_Wilson,2207092212,130.2066348317466
Lake_Wilson,2207092214,127.00478030835984
Lake_Wilson,2207092216,24.26576963845781
Lake_Wilson,2207092218,0.0
Lake_Wilson,2207092220,0.0
Lake_Wilson,2207092222,0.0
Lake_Wilson,2207102700,132.91191858852716
Lake_Wilson,2207102702,62.34825471732917
Lake_Wilson,2207102704,14.080767179999999
Lake_Wilson,2207102706,70.76380891365643
Lake_Wilson,2207102708,150.0
Lake_Wilson,2207102710,97.01145836500663
Lake_Wilson,2207102712,0.0
Lake_Wilson,2207102714,150.0
Lake_Wilson,2207102716,27.011629608391978
Lake_Wilson,2207102718,26.598020610000003
Lake_Wilson,2207102720,0.0
Lake_Wilson,2207102722,68.12511049792634
Lake_Wilson,2207121500,72.13363230116454
Lake_Wilson,2207121502,74.09999999999987
Lake_Wilson,2207121504,134.4
Lake_Wilson,2207121506,72.13363230116454
Lake_Wilson,2207121508,72.13363230116454
Lake_Wilson,2207121510,71.10878030835983
Lake_Wilson,2207121512,106.23054112747772
Lake_Wilson,2207121514,0.0
Lake_Wilson,2207121516,72.13363230116454
Lake_Wilson,2207121518,26.598020610000003
Lake_Wilson,2207121520,31.933632301164494
Lake_Wilson,2207121522,31.933632301164494
Lake_Wilson,2208022000,48.577631090570414
Lake_Wilson,2208022002,23.28392351677872
Lake_Wilson,2208022004,69.528308254056
Lake_Wilson,2208022006,0.0
Lake_Wilson,2208022008,150.0
Lake_Wilson,2208022010,0.0
Lake_Wilson,2208022012,150.0
Lake_Wilson,2208022014,128.48804499629568
Lake_Wilson,2208022016,92.28726006561948
Lake_Wilson,2208022018,0.0
Lake_Wilson,2208022020,0.0
Lake_Wilson,2208022022,17.531632301164535
Lake_Wilson,2208041000,72.13363230116454
Lake_Wilson,2208041002,11.5609599
Lake_Wilson,2208041004,15.330702
Lake_Wilson,2208041006,72.13363230116454
Lake_Wilson,2208041008,127.01651294774132
Lake_Wilson,2208041010,150.0
Lake_Wilson,2208041012,150.0
Lake_Wilson,2208041014,115.18594719351705
Lake_Wilson,2208041016,150.0
Lake_Wilson,2208041018,49.256765888754245
Lake_Wilson,2208041020,92.63958033199538
Lake_Wilson,2208041022,26.115498510000002
Lake_Wilson,2208061700,146.110764125783
Lake_Wilson,2208061702,72.13363230116454
Lake_Wilson,2208061704,135.1177216570706
Lake_Wilson,2208061706,28.71423497114413
Lake_Wilson,2208061708,134.32609367638668
Lake_Wilson,2208061710,150.0
Lake_Wilson,2208061712,150.0
Lake_Wilson,2208061714,72.13363230116454
Lake_Wilson,2208061716,98.01146891437708
Lake_Wilson,2208061718,102.7710114605368
Lake_Wilson,2208061720,0.0
Lake_Wilson,2208061722,80.62583550116454
Lake_Wilson,2208081800,136.71491084496137
Lake_Wilson,2208081802,68.26213242707196
Lake_Wilson,2208081804,59.22662131337846
Lake_Wilson,2208081806,0.0
Lake_Wilson,2208081808,150.0
Lake_Wilson,2208081810,0.0
Lake_Wilson,2208081812,118.73841260952437
Lake_Wilson,2208081814,132.6876405479833
Lake_Wilson,2208081816,29.117364068203244
Lake_Wilson,2208081818,0.0
Lake_Wilson,2208081820,0.0
Lake_Wilson,2208081822,0.0
Lake_Wilson,2208091000,72.13363230116454
Lake_Wilson,2208091002,51.483394289837875
Lake_Wilson,2208091004,85.52991690116454
Lake_Wilson,2208091006,0.0
Lake_Wilson,2208091008,139.4258588475389
Lake_Wilson,2208091010,0.0
Lake_Wilson,2208091012,134.4
Lake_Wilson,2208091014,104.94321724810032
Lake_Wilson,2208091016,72.13363230116454
Lake_Wilson,2208091018,0.0
Lake_Wilson,2208091020,0.0
Lake_Wilson,2208091022,5.33643942730356
Lake_Wilson,2208112200,111.56823148601876
Lake_Wilson,2208112202,134.4
Lake_Wilson,2208112204,134.4
Lake_Wilson,2208112206,72.13363230116454
Lake_Wilson,2208112208,149.41929168584508
Lake_Wilson,2208112210,98.89387887122773
Lake_Wilson,2208112212,134.44549615500048
Lake_Wilson,2208112214,72.13363230116454
Lake_Wilson,2208112216,86.89598721471714
Lake_Wilson,2208112218,34.21954201521592
Lake_Wilson,2208112220,96.30449913116453
Lake_Wilson,2208112222,57.21349606937251
Lake_Wilson,2507011200,139.65527299279975
Lake_Wilson,2507011202,72.13363230116454
Lake_Wilson,2507011204,91.68233208116453
Lake_Wilson,2507011206,1.3929748746612916
Lake_Wilson,2507011208,68.65928388760666
Lake_Wilson,2507011210,150.0
Lake_Wilson,2507011212,150.0
Lake_Wilson,2507011214,150.0
Lake_Wilson,2507011216,132.14179948671477
Lake_Wilson,2507011218,0.0
Lake_Wilson,2507011220,0.0
Lake_Wilson,2507011222,72.13363230116454
Lake_Wilson,2507011900,68.14231799091645
Lake_Wilson,2507011902,0.0
Lake_Wilson,2507011904,76.20355808981633
Lake_Wilson,2507011906,150.0
Lake_Wilson,2507011908,105.43141283689721
Lake_Wilson,2507011910,48.68694367192515
Lake_Wilson,2507011912,150.0
Lake_Wilson,2507011914,105.98795631067239
Lake_Wilson,2507011916,48.185048068901395
Lake_Wilson,2507011918,72.13363230116454
Lake_Wilson,2507011920,20.34690468
Lake_Wilson,2507011922,32.72065291116455
Lake_Wilson,2507021200,16.514710745059688
Lake_Wilson,2507021202,108.11355677619558
Lake_Wilson,2507021204,72.13363230116454
Lake_Wilson,2507021206,0.0
Lake_Wilson,2507021208,136.90698861037788
Lake_Wilson,2507021210,40.52790805047513
Lake_Wilson,2507021212,150.0
Lake_Wilson,2507021214,150.0
Lake_Wilson,2507021216,150.0
Lake_Wilson,2507021218,0.0
Lake_Wilson,2507021220,0.0
Lake_Wilson,2507021222,0.0
Lake_Wilson,2507050200,72.13363230116454
Lake_Wilson,2507050202,5.495638311422876
Lake_Wilson,2507050204,90.37825187961245
Lake_Wilson,2507050206,0.0
Lake_Wilson,2507050208,112.26267059466471
Lake_Wilson,2507050210,134.4
Lake_Wilson,2507050212,150.0
Lake_Wilson,2507050214,150.0
Lake_Wilson,2507050216,69.2120357148564
Lake_Wilson,2507050218,32.77922320344753
Lake_Wilson,2507050220,26.598020610000003
Lake_Wilson,2507050222,26.598020610000003
Lake_Wilson,2507092200,40.48710113035415
Lake_Wilson,2507092202,65.83065824139325
Lake_Wilson,2507092204,21.398020610000017
Lake_Wilson,2507092206,0.0
Lake_Wilson,2507092208,101.9454644448154
Lake_Wilson,2507092210,146.09393421484438
Lake_Wilson,2507092212,79.46611434751108
Lake_Wilson,2507092214,146.0939342148444
Lake_Wilson,2507092216,150.0
Lake_Wilson,2507092218,0.0
Lake_Wilson,2507092220,0.0
Lake_Wilson,2507092222,0.0
Lake_Wilson,2507102700,26.598020610000003
Lake_Wilson,2507102702,61.27138166124017
Lake_Wilson,2507102704,116.51290818835152
Lake_Wilson,2507102706,0.0
Lake_Wilson,2507102708,102.67841682302483
Lake_Wilson,2507102710,121.80145287051982
Lake_Wilson,2507102712,150.0
Lake_Wilson,2507102714,81.54407969145764
Lake_Wilson,2507102716,116.13540288139197
Lake_Wilson,2507102718,26.598020610000003
Lake_Wilson,2507102720,26.598020610000003
Lake_Wilson,2507102722,31.933632301164494
Lake_Wilson,2507121500,19.42937143730344
Lake_Wilson,2507121502,11.8336323011644
Lake_Wilson,2507121504,126.20370687484704
Lake_Wilson,2507121506,98.73165291116455
Lake_Wilson,2507121508,53.76198619568328
Lake_Wilson,2507121510,110.09393421484438
Lake_Wilson,2507121512,150.0
Lake_Wilson,2507121514,150.0
Lake_Wilson,2507121516,110.64082838874124
Lake_Wilson,2507121518,45.08141489983784
Lake_Wilson,2507121520,68.22303487809815
Lake_Wilson,2507121522,140.34778259867335
Lake_Wilson,2508022000,123.05952323727854
Lake_Wilson,2508022002,99.168532279525
Lake_Wilson,2508022004,134.4
Lake_Wilson,2508022006,0.0
Lake_Wilson,2508022008,72.13363230116454
Lake_Wilson,2508022010,121.52599473643312
Lake_Wilson,2508022012,150.0
Lake_Wilson,2508022014,96.37784040484436
Lake_Wilson,2508022016,144.4516328422116
Lake_Wilson,2508022018,0.0
Lake_Wilson,2508022020,19.84679883
Lake_Wilson,2508022022,72.13363230116454
Lake_Wilson,2508041000,3.3003024054085444
Lake_Wilson,2508041002,3.505819738565691
Lake_Wilson,2508041004,136.8866888522636
Lake_Wilson,2508041006,72.13363230116454
Lake_Wilson,2508041008,135.40693838299785
Lake_Wilson,2508041010,142.99045455882487
Lake_Wilson,2508041012,72.13363230116454
Lake_Wilson,2508041014,72.13363230116454
Lake_Wilson,2508041016,150.0
Lake_Wilson,2508041018,108.29930969782313
Lake_Wilson,2508041020,67.36066525816534
Lake_Wilson,2508041022,98.24913081116455
Lake_Wilson,2508061700,150.0
Lake_Wilson,2508061702,47.331349019135935
Lake_Wilson,2508061704,95.52113313116453
Lake_Wilson,2508061706,19.615192008065378
Lake_Wilson,2508061708,142.4112899883157
Lake_Wilson,2508061710,87.38228876567959
Lake_Wilson,2508061712,150.0
Lake_Wilson,2508061714,150.0
Lake_Wilson,2508061716,52.41047058373917
Lake_Wilson,2508061718,66.46059438286238
Lake_Wilson,2508061720,43.20584769446444
Lake_Wilson,2508061722,80.62583550116454
Lake_Wilson,2508081800,78.08141489983788
Lake_Wilson,2508081802,134.4
Lake_Wilson,2508081804,63.81567975214536
Lake_Wilson,2508081806,0.0
Lake_Wilson,2508081808,150.0
Lake_Wilson,2508081810,131.66075055820446
Lake_Wilson,2508081812,118.36030191367985
Lake_Wilson,2508081814,30.202190802568737
Lake_Wilson,2508081816,150.0
Lake_Wilson,2508081818,0.0
Lake_Wilson,2508081820,0.0
Lake_Wilson,2508081822,0.0
Lake_Wilson,2508091000,94.59958230116453
Lake_Wilson,2508091002,136.9466755641882
Lake_Wilson,2508091004,85.52991690116454
Lake_Wilson,2508091006,0.0
Lake_Wilson,2508091008,122.27274172802296
Lake_Wilson,2508091010,150.0
Lake_Wilson,2508091012,150.0
Lake_Wilson,2508091014,72.13363230116454
Lake_Wilson,2508091016,134.4
Lake_Wilson,2508091018,0.0
Lake_Wilson,2508091020,0.0
Lake_Wilson,2508091022,52.30727068345524
Lake_Wilson,2508112200,150.0
Lake_Wilson,2508112202,137.42759514
Lake_Wilson,2508112204,72.13363230116454
Lake_Wilson,2508112206,0.0
Lake_Wilson,2508112208,150.0
Lake_Wilson,2508112210,132.1174449791319
Lake_Wilson,2508112212,125.80101776032049
Lake_Wilson,2508112214,100.6466655236633
Lake_Wilson,2508112216,60.43615906234149
Lake_Wilson,2508112218,0.0
Lake_Wilson,2508112220,72.13363230116454
Lake_Wilson,2508112222,137.914855794
Lake_Wilson,3007011200,31.933632301164494
Lake_Wilson,3007011202,67.14233463970815
Lake_Wilson,3007011204,15.469391379018504
Lake_Wilson,3007011206,37.477430767795
Lake_Wilson,3007011208,150.0
Lake_Wilson,3007011210,150.0
Lake_Wilson,3007011212,67.87302666652803
Lake_Wilson,3007011214,0.7191530542573332
Lake_Wilson,3007011216,150.0
Lake_Wilson,3007011218,0.0
Lake_Wilson,3007011220,11.8336323011644
Lake_Wilson,3007011222,0.0
Lake_Wilson,3007011900,46.42987802672572
Lake_Wilson,3007011902,0.0
Lake_Wilson,3007011904,143.19352271763967
Lake_Wilson,3007011906,0.0
Lake_Wilson,3007011908,141.28102466839746
Lake_Wilson,3007011910,150.0
Lake_Wilson,3007011912,0.0
Lake_Wilson,3007011914,150.0
Lake_Wilson,3007011916,150.0
Lake_Wilson,3007011918,24.287400814909553
Lake_Wilson,3007011920,72.13363230116454
Lake_Wilson,3007011922,101.46636134668442
Lake_Wilson,3007021200,72.03363230116454
Lake_Wilson,3007021202,72.03363230116454
Lake_Wilson,3007021204,72.37943076779501
Lake_Wilson,3007021206,0.0
Lake_Wilson,3007021208,126.82787896695308
Lake_Wilson,3007021210,75.4978136429068
Lake_Wilson,3007021212,150.0
Lake_Wilson,3007021214,134.34605065017792
Lake_Wilson,3007021216,150.0
Lake_Wilson,3007021218,18.80527724008465
Lake_Wilson,3007021220,0.0
Lake_Wilson,3007021222,0.0
Lake_Wilson,3007050200,0.0
Lake_Wilson,3007050202,0.0
Lake_Wilson,3007050204,0.0
Lake_Wilson,3007050206,0.0
Lake_Wilson,3007050208,124.29399655357605
Lake_Wilson,3007050210,150.0
Lake_Wilson,3007050212,150.0
Lake_Wilson,3007050214,55.53553818323422
Lake_Wilson,3007050216,109.25162455086027
Lake_Wilson,3007050218,32.23363230116425
Lake_Wilson,3007050220,0.0
Lake_Wilson,3007050222,37.477430767795
Lake_Wilson,3007092200,0.0
Lake_Wilson,3007092202,37.477430767795
Lake_Wilson,3007092204,0.0
Lake_Wilson,3007092206,0.0
Lake_Wilson,3007092208,150.0
Lake_Wilson,3007092210,150.0
Lake_Wilson,3007092212,147.5674416908052
Lake_Wilson,3007092214,150.0
Lake_Wilson,3007092216,93.96980274720832
Lake_Wilson,3007092218,37.477430767795
Lake_Wilson,3007092220,0.0
Lake_Wilson,3007092222,37.477430767795
Lake_Wilson,3007102700,21.408459578641015
Lake_Wilson,3007102702,17.57743076779579
Lake_Wilson,3007102704,0.0
Lake_Wilson,3007102706,76.81376447373007
Lake_Wilson,3007102708,150.0
Lake_Wilson,3007102710,28.32117742170516
Lake_Wilson,3007102712,108.97212501943929
Lake_Wilson,3007102714,146.23449271827474
Lake_Wilson,3007102716,128.29114780918698
Lake_Wilson,3007102718,0.0
Lake_Wilson,3007102720,0.0
Lake_Wilson,3007102722,37.477430767795
Lake_Wilson,3007121500,0.0
Lake_Wilson,3007121502,51.67743076779476
Lake_Wilson,3007121504,0.0
Lake_Wilson,3007121506,0.0
Lake_Wilson,3007121508,72.13363230116454
Lake_Wilson,3007121510,72.13363230116454
Lake_Wilson,3007121512,84.09788583855729
Lake_Wilson,3007121514,30.448048273830395
Lake_Wilson,3007121516,40.17558180841516
Lake_Wilson,3007121518,0.0
Lake_Wilson,3007121520,0.0
Lake_Wilson,3007121522,37.477430767795
Lake_Wilson,3008022000,0.0
Lake_Wilson,3008022002,92.25050199906198
Lake_Wilson,3008022004,0.0
Lake_Wilson,3008022006,0.0
Lake_Wilson,3008022008,150.0
Lake_Wilson,3008022010,118.04336951155315
Lake_Wilson,3008022012,43.37847232752546
Lake_Wilson,3008022014,138.0223989082748
Lake_Wilson,3008022016,108.53191586715121
Lake_Wilson,3008022018,0.0
Lake_Wilson,3008022020,0.0
Lake_Wilson,3008022022,0.0
Lake_Wilson,3008041000,144.7246130296701
Lake_Wilson,3008041002,89.63790653464262
Lake_Wilson,3008041004,72.13363230116454
Lake_Wilson,3008041006,0.0
Lake_Wilson,3008041008,150.0
Lake_Wilson,3008041010,106.61436898860126
Lake_Wilson,3008041012,121.24270645791064
Lake_Wilson,3008041014,73.2433185561867
Lake_Wilson,3008041016,148.84788490877872
Lake_Wilson,3008041018,101.32366569796936
Lake_Wilson,3008041020,109.23525096895953
Lake_Wilson,3008041022,109.12854096895954
Lake_Wilson,3008061700,72.13363230116454
Lake_Wilson,3008061702,31.933632301164494
Lake_Wilson,3008061704,53.26237829574616
Lake_Wilson,3008061706,30.324109576508107
Lake_Wilson,3008061708,118.33808751403251
Lake_Wilson,3008061710,51.03505868675965
Lake_Wilson,3008061712,125.47920047497132
Lake_Wilson,3008061714,72.13363230116454
Lake_Wilson,3008061716,150.0
Lake_Wilson,3008061718,1.7838984668894398
Lake_Wilson,3008061720,0.0
Lake_Wilson,3008061722,43.560977582462144
Lake_Wilson,3008081800,10.113063068959548
Lake_Wilson,3008081802,37.477430767795
Lake_Wilson,3008081804,32.03263593779499
Lake_Wilson,3008081806,89.77072281789611
Lake_Wilson,3008081808,14.82187103535501
Lake_Wilson,3008081810,150.0
Lake_Wilson,3008081812,75.0
Lake_Wilson,3008081814,27.733632301164533
Lake_Wilson,3008081816,124.89695837928437
Lake_Wilson,3008081818,0.0
Lake_Wilson,3008081820,37.477430767795
Lake_Wilson,3008081822,0.0
Lake_Wilson,3008091000,59.338614116157316
Lake_Wilson,3008091002,31.933632301164494
Lake_Wilson,3008091004,72.13363230116454
Lake_Wilson,3008091006,0.0
Lake_Wilson,3008091008,150.0
Lake_Wilson,3008091010,59.81736222673007
Lake_Wilson,3008091012,104.73113261272454
Lake_Wilson,3008091014,88.07510466585171
Lake_Wilson,3008091016,150.0
Lake_Wilson,3008091018,0.0
Lake_Wilson,3008091020,0.0
Lake_Wilson,3008091022,31.933632301164494
Lake_Wilson,3008112200,72.13363230116454
Lake_Wilson,3008112202,132.18481308817215
Lake_Wilson,3008112204,72.13363230116454
Lake_Wilson,3008112206,72.13363230116454
Lake_Wilson,3008112208,67.46716964456272
Lake_Wilson,3008112210,150.0
Lake_Wilson,3008112212,84.54617642375555
Lake_Wilson,3008112214,150.0
Lake_Wilson,3008112216,150.0
Lake_Wilson,3008112218,72.13363230116454
Lake_Wilson,3008112220,72.13363230116454
Lake_Wilson,3008112222,134.4
Lake_Wilson,3507011200,74.46452203837146
Lake_Wilson,3507011202,67.12241316742643
Lake_Wilson,3507011204,90.87066534755827
Lake_Wilson,3507011206,0.0
Lake_Wilson,3507011208,111.77900695761369
Lake_Wilson,3507011210,127.99244391108965
Lake_Wilson,3507011212,134.57974264922606
Lake_Wilson,3507011214,30.164522038371445
Lake_Wilson,3507011216,119.48172528230425
Lake_Wilson,3507011218,0.0
Lake_Wilson,3507011220,32.88450821592973
Lake_Wilson,3507011222,74.46452203837146
Lake_Wilson,3507011900,0.0
Lake_Wilson,3507011902,18.608234349781597
Lake_Wilson,3507011904,150.0
Lake_Wilson,3507011906,77.26974816623161
Lake_Wilson,3507011908,65.33977103570797
Lake_Wilson,3507011910,94.7172531715587
Lake_Wilson,3507011912,39.94114256411176
Lake_Wilson,3507011914,150.0
Lake_Wilson,3507011916,150.0
Lake_Wilson,3507011918,92.68769599330298
Lake_Wilson,3507011920,57.082765292239024
Lake_Wilson,3507011922,44.52590254905095
Lake_Wilson,3507021200,30.164522038371445
Lake_Wilson,3507021202,97.91998617755827
Lake_Wilson,3507021204,0.0
Lake_Wilson,3507021206,0.0
Lake_Wilson,3507021208,150.0
Lake_Wilson,3507021210,150.0
Lake_Wilson,3507021212,150.0
Lake_Wilson,3507021214,150.0
Lake_Wilson,3507021216,73.52654936164191
Lake_Wilson,3507021218,0.0
Lake_Wilson,3507021220,0.0
Lake_Wilson,3507021222,0.0
Lake_Wilson,3507050200,24.464522038371385
Lake_Wilson,3507050202,0.0
Lake_Wilson,3507050204,92.21998617755821
Lake_Wilson,3507050206,0.0
Lake_Wilson,3507050208,27.72923887498476
Lake_Wilson,3507050210,75.0
Lake_Wilson,3507050212,0.0
Lake_Wilson,3507050214,0.0
Lake_Wilson,3507050216,79.6141640002559
Lake_Wilson,3507050218,0.0
Lake_Wilson,3507050220,50.91998617755827
Lake_Wilson,3507050222,0.0
Lake_Wilson,3507092200,90.0
Lake_Wilson,3507092202,30.164522038371445
Lake_Wilson,3507092204,67.13148690717486
Lake_Wilson,3507092206,85.26734591548819
Lake_Wilson,3507092208,150.0
Lake_Wilson,3507092210,0.0
Lake_Wilson,3507092212,150.0
Lake_Wilson,3507092214,90.0
Lake_Wilson,3507092216,99.6958511388818
Lake_Wilson,3507092218,66.1737672411264
Lake_Wilson,3507092220,0.0
Lake_Wilson,3507092222,0.0
Lake_Wilson,3507102700,42.46193443822014
Lake_Wilson,3507102702,30.164522038371445
Lake_Wilson,3507102704,0.0
Lake_Wilson,3507102706,70.85784379349121
Lake_Wilson,3507102708,90.0
Lake_Wilson,3507102710,150.0
Lake_Wilson,3507102712,0.0
Lake_Wilson,3507102714,59.60556500674895
Lake_Wilson,3507102716,136.7677971343217
Lake_Wilson,3507102718,0.0
Lake_Wilson,3507102720,0.0
Lake_Wilson,3507102722,97.91998617755827
Lake_Wilson,3507121500,30.164522038371445
Lake_Wilson,3507121502,18.664522038371345
Lake_Wilson,3507121504,0.0
Lake_Wilson,3507121506,0.0
Lake_Wilson,3507121508,49.13331321240895
Lake_Wilson,3507121510,47.01089008732367
Lake_Wilson,3507121512,112.7182047302075
Lake_Wilson,3507121514,150.0
Lake_Wilson,3507121516,147.98663646213498
Lake_Wilson,3507121518,47.60661497755861
Lake_Wilson,3507121520,0.0
Lake_Wilson,3507121522,0.0
Lake_Wilson,3508022000,0.0
Lake_Wilson,3508022002,88.34419796327515
Lake_Wilson,3508022004,0.0
Lake_Wilson,3508022006,0.0
Lake_Wilson,3508022008,125.40840324852651
Lake_Wilson,3508022010,138.35542762733706
Lake_Wilson,3508022012,30.164522038371445
Lake_Wilson,3508022014,114.27635010108959
Lake_Wilson,3508022016,93.66537182589923
Lake_Wilson,3508022018,46.35097325274887
Lake_Wilson,3508022020,0.7960484246027875
Lake_Wilson,3508022022,1.2968491573701755
Lake_Wilson,3508041000,74.56452203837145
Lake_Wilson,3508041002,105.56391615693832
Lake_Wilson,3508041004,145.9660212298454
Lake_Wilson,3508041006,96.64747789651832
Lake_Wilson,3508041008,74.58084827778691
Lake_Wilson,3508041010,98.88292162764783
Lake_Wilson,3508041012,150.0
Lake_Wilson,3508041014,34.61017165673704
Lake_Wilson,3508041016,81.1439134456644
Lake_Wilson,3508041018,74.56452203837145
Lake_Wilson,3508041020,64.35387873058235
Lake_Wilson,3508041022,142.32519002745317
Lake_Wilson,3508061700,0.0
Lake_Wilson,3508061702,113.74976198867334
Lake_Wilson,3508061704,90.68331101572156
Lake_Wilson,3508061706,0.0
Lake_Wilson,3508061708,0.0
Lake_Wilson,3508061710,150.0
Lake_Wilson,3508061712,124.97362849446102
Lake_Wilson,3508061714,146.56891820473516
Lake_Wilson,3508061716,100.96301471242629
Lake_Wilson,3508061718,7.1977572595578465
Lake_Wilson,3508061720,32.240977536723406
Lake_Wilson,3508061722,74.56452203837145
Lake_Wilson,3508081800,0.0
Lake_Wilson,3508081802,9.834811378365686
Lake_Wilson,3508081804,0.0
Lake_Wilson,3508081806,0.0
Lake_Wilson,3508081808,92.7337405176711
Lake_Wilson,3508081810,0.0
Lake_Wilson,3508081812,0.0
Lake_Wilson,3508081814,77.15851376963883
Lake_Wilson,3508081816,90.0
Lake_Wilson,3508081818,0.0
Lake_Wilson,3508081820,29.02210706422504
Lake_Wilson,3508081822,28.232986177557393
Lake_Wilson,3508091000,93.78791556755827
Lake_Wilson,3508091002,24.79287860592973
Lake_Wilson,3508091004,58.512455026498614
Lake_Wilson,3508091006,0.0
Lake_Wilson,3508091008,150.0
Lake_Wilson,3508091010,117.25197860998836
Lake_Wilson,3508091012,54.611839117628435
Lake_Wilson,3508091014,78.57147129963845
Lake_Wilson,3508091016,30.164522038371445
Lake_Wilson,3508091018,0.0
Lake_Wilson,3508091020,0.0
Lake_Wilson,3508091022,24.804449605929733
Lake_Wilson,3508112200,150.0
Lake_Wilson,3508112202,74.56452203837145
Lake_Wilson,3508112204,77.71713831115888
Lake_Wilson,3508112206,77.85711287719373
Lake_Wilson,3508112208,149.1153239421899
Lake_Wilson,3508112210,74.56452203837145
Lake_Wilson,3508112212,74.56452203837145
Lake_Wilson,3508112214,0.0
Lake_Wilson,3508112216,74.56452203837145
Lake_Wilson,3508112218,150.0
Lake_Wilson,3508112220,150.0
Lake_Wilson,3508112222,146.61630824165783
Lake_Wilson,4007011200,102.60016317051887
Lake_Wilson,4007011202,110.66993880051886
Lake_Wilson,4007011204,76.09006530100179
Lake_Wilson,4007011206,30.164522038371445
Lake_Wilson,4007011208,90.0
Lake_Wilson,4007011210,150.0
Lake_Wilson,4007011212,35.927137766465194
Lake_Wilson,4007011214,0.0
Lake_Wilson,4007011216,0.0
Lake_Wilson,4007011218,31.261108027839015
Lake_Wilson,4007011220,110.66993880051886
Lake_Wilson,4007011222,148.28339632106565
Lake_Wilson,4007011900,66.98661527698364
Lake_Wilson,4007011902,150.0
Lake_Wilson,4007011904,87.32608723737947
Lake_Wilson,4007011906,150.0
Lake_Wilson,4007011908,0.0
Lake_Wilson,4007011910,0.0
Lake_Wilson,4007011912,102.95972786283912
Lake_Wilson,4007011914,0.0
Lake_Wilson,4007011916,49.644116064790566
Lake_Wilson,4007011918,40.45954865457054
Lake_Wilson,4007011920,62.33475021146721
Lake_Wilson,4007011922,74.09999999999987
Lake_Wilson,4007021200,90.0
Lake_Wilson,4007021202,135.47058878529936
Lake_Wilson,4007021204,0.0
Lake_Wilson,4007021206,0.0
Lake_Wilson,4007021208,150.0
Lake_Wilson,4007021210,0.0
Lake_Wilson,4007021212,0.0
Lake_Wilson,4007021214,30.164522038371445
Lake_Wilson,4007021216,133.8707440670902
Lake_Wilson,4007021218,0.0
Lake_Wilson,4007021220,0.0
Lake_Wilson,4007021222,0.0
Lake_Wilson,4007050200,30.164522038371445
Lake_Wilson,4007050202,0.0
Lake_Wilson,4007050204,0.0
Lake_Wilson,4007050206,0.0
Lake_Wilson,4007050208,0.0
Lake_Wilson,4007050210,0.0
Lake_Wilson,4007050212,0.0
Lake_Wilson,4007050214,0.0
Lake_Wilson,4007050216,75.0
Lake_Wilson,4007050218,0.0
Lake_Wilson,4007050220,110.66993880051886
Lake_Wilson,4007050222,0.0
Lake_Wilson,4007092200,0.0
Lake_Wilson,4007092202,110.66993880051886
Lake_Wilson,4007092204,0.0
Lake_Wilson,4007092206,0.0
Lake_Wilson,4007092208,0.0
Lake_Wilson,4007092210,150.0
Lake_Wilson,4007092212,0.0
Lake_Wilson,4007092214,75.0
Lake_Wilson,4007092216,0.0
Lake_Wilson,4007092218,0.0
Lake_Wilson,4007092220,82.28498297051887
Lake_Wilson,4007092222,0.0
Lake_Wilson,4007102700,0.0
Lake_Wilson,4007102702,98.39956869949884
Lake_Wilson,4007102704,0.0
Lake_Wilson,4007102706,0.0
Lake_Wilson,4007102708,150.0
Lake_Wilson,4007102710,34.6810544758406
Lake_Wilson,4007102712,0.0
Lake_Wilson,4007102714,0.0
Lake_Wilson,4007102716,32.23950016530131
Lake_Wilson,4007102718,100.63077919893226
Lake_Wilson,4007102720,18.764522038371325
Lake_Wilson,4007102722,0.0
Lake_Wilson,4007121500,88.92233360202299
Lake_Wilson,4007121502,110.66993880051888
Lake_Wilson,4007121504,0.0
Lake_Wilson,4007121506,14.70307623007723
Lake_Wilson,4007121508,104.34710290708841
Lake_Wilson,4007121510,0.0
Lake_Wilson,4007121512,90.0
Lake_Wilson,4007121514,15.164522038371445
Lake_Wilson,4007121516,0.0
Lake_Wilson,4007121518,95.66993880051886
Lake_Wilson,4007121520,15.164522038371445
Lake_Wilson,4007121522,95.66993880051886
Lake_Wilson,4008022000,83.15066081439916
Lake_Wilson,4008022002,0.0
Lake_Wilson,4008022004,26.44564812341134
Lake_Wilson,4008022006,0.0
Lake_Wilson,4008022008,74.46452203837146
Lake_Wilson,4008022010,0.0
Lake_Wilson,4008022012,46.59873294466615
Lake_Wilson,4008022014,0.0
Lake_Wilson,4008022016,0.0
Lake_Wilson,4008022018,6.464522038371456
Lake_Wilson,4008022020,0.0
Lake_Wilson,4008022022,98.71574619051887
Lake_Wilson,4008041000,108.68460140442018
Lake_Wilson,4008041002,74.56452203837145
Lake_Wilson,4008041004,146.95481402528225
Lake_Wilson,4008041006,110.929052316651
Lake_Wilson,4008041008,150.0
Lake_Wilson,4008041010,0.0
Lake_Wilson,4008041012,150.0
Lake_Wilson,4008041014,105.79604432454795
Lake_Wilson,4008041016,98.1071742435123
Lake_Wilson,4008041018,150.0
Lake_Wilson,4008041020,74.56452203837145
Lake_Wilson,4008041022,150.0
Lake_Wilson,4008061700,46.051547584441636
Lake_Wilson,4008061702,84.90267730769564
Lake_Wilson,4008061704,134.4
Lake_Wilson,4008061706,0.0
Lake_Wilson,4008061708,0.0
Lake_Wilson,4008061710,72.15978041940625
Lake_Wilson,4008061712,0.0
Lake_Wilson,4008061714,0.0
Lake_Wilson,4008061716,0.0
Lake_Wilson,4008061718,36.26372116682978
Lake_Wilson,4008061720,26.881664290713047
Lake_Wilson,4008061722,0.0
Lake_Wilson,4008081800,0.0
Lake_Wilson,4008081802,30.164522038371445
Lake_Wilson,4008081804,0.0
Lake_Wilson,4008081806,0.0
Lake_Wilson,4008081808,150.0
Lake_Wilson,4008081810,97.33518949235281
Lake_Wilson,4008081812,150.0
Lake_Wilson,4008081814,101.65567912398893
Lake_Wilson,4008081816,0.0
Lake_Wilson,4008081818,0.0
Lake_Wilson,4008081820,26.840642146740763
Lake_Wilson,4008081822,110.66993880051888
Lake_Wilson,4008091000,0.0
Lake_Wilson,4008091002,0.0
Lake_Wilson,4008091004,77.576046152999
Lake_Wilson,4008091006,74.46452203837146
Lake_Wilson,4008091008,0.0
Lake_Wilson,4008091010,140.28149884137179
Lake_Wilson,4008091012,150.0
Lake_Wilson,4008091014,72.75984411860242
Lake_Wilson,4008091016,0.0
Lake_Wilson,4008091018,0.0
Lake_Wilson,4008091020,0.0
Lake_Wilson,4008091022,0.0
Lake_Wilson,4008112200,101.35109839610908
Lake_Wilson,4008112202,74.56452203837145
Lake_Wilson,4008112204,78.28071935938924
Lake_Wilson,4008112206,74.56452203837145
Lake_Wilson,4008112208,74.56452203837145
Lake_Wilson,4008112210,150.0
Lake_Wilson,4008112212,128.7733264250229
Lake_Wilson,4008112214,74.56452203837145
Lake_Wilson,4008112216,134.4
Lake_Wilson,4008112218,134.4
Lake_Wilson,4008112220,134.4
Lake_Wilson,4008112222,88.33635536372168
Lake_Wilson,4507011200,0.0
Lake_Wilson,4507011202,0.0
Lake_Wilson,4507011204,0.0
Lake_Wilson,4507011206,13.164522038371445
Lake_Wilson,4507011208,0.0
Lake_Wilson,4507011210,0.0
Lake_Wilson,4507011212,0.0
Lake_Wilson,4507011214,0.0
Lake_Wilson,4507011216,0.0
Lake_Wilson,4507011218,0.0
Lake_Wilson,4507011220,0.0
Lake_Wilson,4507011222,0.0
Lake_Wilson,4507011900,150.0
Lake_Wilson,4507011902,0.0
Lake_Wilson,4507011904,13.164522038371445
Lake_Wilson,4507011906,13.164522038371445
Lake_Wilson,4507011908,0.0
Lake_Wilson,4507011910,0.0
Lake_Wilson,4507011912,0.0
Lake_Wilson,4507011914,0.0
Lake_Wilson,4507011916,0.0
Lake_Wilson,4507011918,102.70915652427688
Lake_Wilson,4507011920,150.0
Lake_Wilson,4507011922,150.0
Lake_Wilson,4507021200,0.0
Lake_Wilson,4507021202,52.59982842516314
Lake_Wilson,4507021204,0.0
Lake_Wilson,4507021206,0.0
Lake_Wilson,4507021208,0.0
Lake_Wilson,4507021210,0.0
Lake_Wilson,4507021212,0.0
Lake_Wilson,4507021214,0.0
Lake_Wilson,4507021216,0.0
Lake_Wilson,4507021218,92.94762043137037
Lake_Wilson,4507021220,150.0
Lake_Wilson,4507021222,0.0
Lake_Wilson,4507050200,60.800379895701894
Lake_Wilson,4507050202,0.0
Lake_Wilson,4507050204,0.0
Lake_Wilson,4507050206,47.05142428948983
Lake_Wilson,4507050208,0.0
Lake_Wilson,4507050210,0.0
Lake_Wilson,4507050212,0.0
Lake_Wilson,4507050214,0.0
Lake_Wilson,4507050216,0.0
Lake_Wilson,4507050218,0.0
Lake_Wilson,4507050220,0.0
Lake_Wilson,4507050222,150.0
Lake_Wilson,4507092200,0.0
Lake_Wilson,4507092202,0.0
Lake_Wilson,4507092204,9.822749513468807
Lake_Wilson,4507092206,0.0
Lake_Wilson,4507092208,0.0
Lake_Wilson,4507092210,0.0
Lake_Wilson,4507092212,0.0
Lake_Wilson,4507092214,0.0
Lake_Wilson,4507092216,0.0
Lake_Wilson,4507092218,150.0
Lake_Wilson,4507092220,150.0
Lake_Wilson,4507092222,0.0
Lake_Wilson,4507102700,0.0
Lake_Wilson,4507102702,0.0
Lake_Wilson,4507102704,0.0
Lake_Wilson,4507102706,0.0
Lake_Wilson,4507102708,0.0
Lake_Wilson,4507102710,0.0
Lake_Wilson,4507102712,0.0
Lake_Wilson,4507102714,0.0
Lake_Wilson,4507102716,0.0
Lake_Wilson,4507102718,150.0
Lake_Wilson,4507102720,85.6053778417915
Lake_Wilson,4507102722,13.164522038371445
Lake_Wilson,4507121500,0.0
Lake_Wilson,4507121502,96.27940314151368
Lake_Wilson,4507121504,73.38860471768425
Lake_Wilson,4507121506,13.164522038371445
Lake_Wilson,4507121508,150.0
Lake_Wilson,4507121510,0.0
Lake_Wilson,4507121512,0.0
Lake_Wilson,4507121514,0.0
Lake_Wilson,4507121516,7.55865360291719
Lake_Wilson,4507121518,13.164522038371445
Lake_Wilson,4507121520,13.164522038371445
Lake_Wilson,4507121522,20.6839898227405
Lake_Wilson,4508022000,0.0
Lake_Wilson,4508022002,0.0
Lake_Wilson,4508022004,0.0
Lake_Wilson,4508022006,0.0
Lake_Wilson,4508022008,0.0
Lake_Wilson,4508022010,150.0
Lake_Wilson,4508022012,0.0
Lake_Wilson,4508022014,0.0
Lake_Wilson,4508022016,6.5974499888158675
Lake_Wilson,4508022018,30.164522038371445
Lake_Wilson,4508022020,136.66204665359948
Lake_Wilson,4508022022,0.0
Lake_Wilson,4508041000,150.0
Lake_Wilson,4508041002,88.60709174971988
Lake_Wilson,4508041004,145.06307214074783
Lake_Wilson,4508041006,30.164522038371445
Lake_Wilson,4508041008,150.0
Lake_Wilson,4508041010,30.164522038371445
Lake_Wilson,4508041012,0.0
Lake_Wilson,4508041014,0.0
Lake_Wilson,4508041016,0.0
Lake_Wilson,4508041018,88.51457278172343
Lake_Wilson,4508041020,150.0
Lake_Wilson,4508041022,115.38829602859947
Lake_Wilson,4508061700,13.164522038371445
Lake_Wilson,4508061702,0.0
Lake_Wilson,4508061704,0.0
Lake_Wilson,4508061706,0.0
Lake_Wilson,4508061708,0.0
Lake_Wilson,4508061710,0.0
Lake_Wilson,4508061712,0.0
Lake_Wilson,4508061714,0.0
Lake_Wilson,4508061716,0.0
Lake_Wilson,4508061718,0.0
Lake_Wilson,4508061720,146.46699205042765
Lake_Wilson,4508061722,13.164522038371445
Lake_Wilson,4508081800,0.0
Lake_Wilson,4508081802,13.164522038371445
Lake_Wilson,4508081804,150.0
Lake_Wilson,4508081806,0.0
Lake_Wilson,4508081808,0.0
Lake_Wilson,4508081810,0.0
Lake_Wilson,4508081812,0.0
Lake_Wilson,4508081814,0.0
Lake_Wilson,4508081816,0.0
Lake_Wilson,4508081818,13.164522038371445
Lake_Wilson,4508081820,0.0
Lake_Wilson,4508081822,0.0
Lake_Wilson,4508091000,0.0
Lake_Wilson,4508091002,0.0
Lake_Wilson,4508091004,0.0
Lake_Wilson,4508091006,0.0
Lake_Wilson,4508091008,0.0
Lake_Wilson,4508091010,0.0
Lake_Wilson,4508091012,0.0
Lake_Wilson,4508091014,0.0
Lake_Wilson,4508091016,5.325942506743104
Lake_Wilson,4508091018,150.0
Lake_Wilson,4508091020,144.03687777871255
Lake_Wilson,4508091022,13.164522038371445
Lake_Wilson,4508112200,68.3619287165928
Lake_Wilson,4508112202,118.25764186623259
Lake_Wilson,4508112204,56.88071935938924
Lake_Wilson,4508112206,61.841976377617016
Lake_Wilson,4508112208,69.57197795975048
Lake_Wilson,4508112210,0.0
Lake_Wilson,4508112212,53.164522038371445
Lake_Wilson,4508112214,100.26187501427978
Lake_Wilson,4508112216,150.0
Lake_Wilson,4508112218,53.164522038371445
Lake_Wilson,4508112220,150.0
Lake_Wilson,4508112222,137.41714058785263
