ShiftDemand_index_1,ShiftDemand_index_2,ShiftDemand
Oahu,2007011200,97.55045590330752
Oahu,2007011202,162.83919297215482
Oahu,2007011204,49.89608447280433
Oahu,2007011206,-92.05242225460181
Oahu,2007011208,-71.6882571513565
Oahu,2007011210,38.69596664361744
Oahu,2007011212,45.89979825895499
Oahu,2007011214,86.79356516390618
Oahu,2007011216,-42.16331164866659
Oahu,2007011218,-107.94362666926
Oahu,2007011220,-96.9919501866612
Oahu,2007011222,-70.83549550419922
Oahu,2007011900,121.02096165676862
Oahu,2007011902,190.5846936986548
Oahu,2007011904,80.70565597263773
Oahu,2007011906,-89.2195488310443
Oahu,2007011908,-64.18231496105311
Oahu,2007011910,12.642081962372743
Oahu,2007011912,95.3652467765489
Oahu,2007011914,34.673655306655874
Oahu,2007011916,-100.522861922299
Oahu,2007011918,-106.02374109713502
Oahu,2007011920,-95.6177684581013
Oahu,2007011922,-79.4260601040059
Oahu,2007021200,77.22662440019157
Oahu,2007021202,97.55355904544277
Oahu,2007021204,22.376004805781676
Oahu,2007021206,-84.9488532799358
Oahu,2007021208,-92.596043599371
Oahu,2007021210,118.97404388030176
Oahu,2007021212,113.67766390406564
Oahu,2007021214,118.58289730538498
Oahu,2007021216,-91.61265160616259
Oahu,2007021218,-107.84971679999902
Oahu,2007021220,-96.37945990616811
Oahu,2007021222,-75.0040681495319
Oahu,2007050200,92.7541161894795
Oahu,2007050202,124.81715058295069
Oahu,2007050204,8.222712209924694
Oahu,2007050206,-89.9175935116221
Oahu,2007050208,-41.036425091236
Oahu,2007050210,129.53884278123462
Oahu,2007050212,79.3250824897611
Oahu,2007050214,75.97174477748315
Oahu,2007050216,-91.9969741011204
Oahu,2007050218,-107.06299078689402
Oahu,2007050220,-100.74510976018401
Oahu,2007050222,-79.8705557797772
Oahu,2007092200,-2.6775783939865363
Oahu,2007092202,51.8560062657304
Oahu,2007092204,43.53374070678521
Oahu,2007092206,-78.9709420575164
Oahu,2007092208,23.74159309870358
Oahu,2007092210,25.514834958226103
Oahu,2007092212,184.36356184691897
Oahu,2007092214,88.193215219142
Oahu,2007092216,-44.39390101493679
Oahu,2007092218,-107.35931699174301
Oahu,2007092220,-98.24195894418861
Oahu,2007092222,-85.5592546931349
Oahu,2007102700,52.30711251165357
Oahu,2007102702,116.99166255982881
Oahu,2007102704,7.92990819674371
Oahu,2007102706,-60.51803270674232
Oahu,2007102708,50.56501466258267
Oahu,2007102710,67.00002819341314
Oahu,2007102712,76.99614921435456
Oahu,2007102714,67.2280744146873
Oahu,2007102716,-100.67519639081301
Oahu,2007102718,-105.58028985501102
Oahu,2007102720,-96.88760871792611
Oahu,2007102722,-75.35682208277127
Oahu,2007121500,42.0957931961915
Oahu,2007121502,121.12982139602572
Oahu,2007121504,78.08993755469376
Oahu,2007121506,-32.14766620328636
Oahu,2007121508,-92.85689727120881
Oahu,2007121510,78.71773138798358
Oahu,2007121512,123.32628091315377
Oahu,2007121514,52.14707342458383
Oahu,2007121516,-95.1628411828557
Oahu,2007121518,-101.83339688337001
Oahu,2007121520,-93.5528530844926
Oahu,2007121522,-79.9529832474187
Oahu,2008022000,58.28413726716359
Oahu,2008022002,121.59900851672039
Oahu,2008022004,32.207131623377194
Oahu,2008022006,-88.242639212261
Oahu,2008022008,-56.2160916056214
Oahu,2008022010,112.64722771064713
Oahu,2008022012,156.24280035569927
Oahu,2008022014,14.768919073251055
Oahu,2008022016,-105.764410065102
Oahu,2008022018,-110.51424776977001
Oahu,2008022020,-98.6566348790308
Oahu,2008022022,-36.35520101507345
Oahu,2008041000,144.83783049609445
Oahu,2008041002,188.46349087505965
Oahu,2008041004,105.27457594190672
Oahu,2008041006,-89.11772039641392
Oahu,2008041008,-98.447672732806
Oahu,2008041010,26.42953647327957
Oahu,2008041012,55.71411783322857
Oahu,2008041014,-26.77102676428538
Oahu,2008041016,-55.818934548458756
Oahu,2008041018,-109.97753804314401
Oahu,2008041020,-100.887293003778
Oahu,2008041022,-39.69936613068299
Oahu,2008061700,80.40061643958445
Oahu,2008061702,123.26318109480475
Oahu,2008061704,71.10387280109167
Oahu,2008061706,-90.1953932849325
Oahu,2008061708,-37.003346334102474
Oahu,2008061710,55.080080939957455
Oahu,2008061712,93.87851199616465
Oahu,2008061714,98.47993175314369
Oahu,2008061716,-98.68858133007342
Oahu,2008061718,-107.87839976226502
Oahu,2008061720,-104.69522462503602
Oahu,2008061722,-83.74524968833711
Oahu,2008081800,86.57960051358458
Oahu,2008081802,113.24435901518642
Oahu,2008081804,35.98534742644988
Oahu,2008081806,-93.8601259189133
Oahu,2008081808,-5.826141537916939
Oahu,2008081810,57.99148140252994
Oahu,2008081812,100.19461367471757
Oahu,2008081814,76.31649881181255
Oahu,2008081816,-65.46260495938442
Oahu,2008081818,-111.961050214669
Oahu,2008081820,-108.00038336542501
Oahu,2008081822,-85.2015948479723
Oahu,2008091000,72.50496316560151
Oahu,2008091002,116.51371864154075
Oahu,2008091004,47.7910061153017
Oahu,2008091006,-93.2958303663097
Oahu,2008091008,-15.501431237011815
Oahu,2008091010,56.473515714062344
Oahu,2008091012,129.34408511479134
Oahu,2008091014,74.96691846513303
Oahu,2008091016,-87.64974273818939
Oahu,2008091018,-114.067607729664
Oahu,2008091020,-104.78008616150801
Oahu,2008091022,-82.2995089837478
Oahu,2008112200,68.23707637664255
Oahu,2008112202,111.1237189926717
Oahu,2008112204,85.95710117711273
Oahu,2008112206,-39.16901906769735
Oahu,2008112208,-46.02411365864823
Oahu,2008112210,27.412826162392463
Oahu,2008112212,72.495212301638
Oahu,2008112214,68.75567048542
Oahu,2008112216,-91.17497745706557
Oahu,2008112218,-97.85792130887131
Oahu,2008112220,-88.18005480021661
Oahu,2008112222,-71.57551920337836
Oahu,2207011200,-64.4917843282429
Oahu,2207011202,-59.172548909583305
Oahu,2207011204,-65.1670788421525
Oahu,2207011206,-90.6316671272462
Oahu,2207011208,-8.553983636660178
Oahu,2207011210,21.47054961724291
Oahu,2207011212,317.6359431793867
Oahu,2207011214,331.18613585795447
Oahu,2207011216,-101.045035667449
Oahu,2207011218,-106.07427387552501
Oahu,2207011220,-95.43175561560331
Oahu,2207011222,-79.7245006521216
Oahu,2207011900,-60.792854713937906
Oahu,2207011902,-55.5932719995492
Oahu,2207011904,-62.439530652403306
Oahu,2207011906,-87.87876375339651
Oahu,2207011908,76.40484724086714
Oahu,2207011910,157.63293732943993
Oahu,2207011912,336.3946443304759
Oahu,2207011914,71.80167421914197
Oahu,2207011916,-98.8629921646741
Oahu,2207011918,-104.208585340005
Oahu,2207011920,-94.0963660830613
Oahu,2207011922,-78.36173841289761
Oahu,2207021200,-54.55396318893381
Oahu,2207021202,-50.5893827868544
Oahu,2207021204,-58.38774500278691
Oahu,2207021206,-83.72862697228781
Oahu,2207021208,26.756408460316095
Oahu,2207021210,165.46649217830523
Oahu,2207021212,171.6460426099152
Oahu,2207021214,255.79949160980703
Oahu,2207021216,-97.5245701595401
Oahu,2207021218,-105.983015016666
Oahu,2207021220,-94.8365555104386
Oahu,2207021222,-74.0645762208359
Oahu,2207050200,-62.14446488048711
Oahu,2207050202,-57.6374122640255
Oahu,2207050204,-62.967799755360005
Oahu,2207050206,-88.5571031173372
Oahu,2207050208,79.79933730200099
Oahu,2207050210,301.66887582844237
Oahu,2207050212,83.95008750757346
Oahu,2207050214,192.66906790633323
Oahu,2207050216,-103.68943840970302
Oahu,2207050218,-105.21849773263801
Oahu,2207050220,-99.07896610041661
Oahu,2207050222,-78.7936862843826
Oahu,2207092200,-69.8779383716714
Oahu,2207092202,-63.9848044206256
Oahu,2207092204,-65.62539065902881
Oahu,2207092206,-78.9934333973984
Oahu,2207092208,1.3877057922527172
Oahu,2207092210,186.89656398076457
Oahu,2207092212,252.0395944569728
Oahu,2207092214,227.72060331514598
Oahu,2207092216,-103.08816717063502
Oahu,2207092218,-105.50645885448101
Oahu,2207092220,-96.646477493864
Oahu,2207092222,-84.3217971774318
Oahu,2207102700,-68.7352036795118
Oahu,2207102702,-62.834971267113
Oahu,2207102704,-64.9896358744865
Oahu,2207102706,-78.167059861214
Oahu,2207102708,135.3641446060282
Oahu,2207102710,35.76745107603094
Oahu,2207102712,253.82408409452484
Oahu,2207102714,230.4832200367511
Oahu,2207102716,-99.01102633691781
Oahu,2207102718,-103.77765241853102
Oahu,2207102720,-95.3303596340798
Oahu,2207102722,-82.5929907414812
Oahu,2207121500,-65.3293161258218
Oahu,2207121502,-58.7466845494409
Oahu,2207121504,-61.216695362779205
Oahu,2207121506,-74.1081757502446
Oahu,2207121508,15.470533090928768
Oahu,2207121510,69.22474139966135
Oahu,2207121512,322.06061157234694
Oahu,2207121514,217.3993271665394
Oahu,2207121516,-93.65428108891172
Oahu,2207121518,-100.13653163378001
Oahu,2207121520,-92.08974183665111
Oahu,2207121522,-78.87378688184711
Oahu,2208022000,-60.78519503623541
Oahu,2208022002,-55.887014303332904
Oahu,2208022004,-62.7889956732166
Oahu,2208022006,-86.9294316148227
Oahu,2208022008,-96.5227234994265
Oahu,2208022010,209.82006393158255
Oahu,2208022012,387.15944248473465
Oahu,2208022014,151.31043702468907
Oahu,2208022016,-103.956575042937
Oahu,2208022018,-108.57232812730899
Oahu,2208022020,-97.04944741500081
Oahu,2208022022,-75.7982327287254
Oahu,2208041000,-31.654619542356258
Oahu,2208041002,-54.882021826122504
Oahu,2208041004,-63.3322027136048
Oahu,2208041006,-87.77980986477002
Oahu,2208041008,-96.8463841250686
Oahu,2208041010,95.66329252411009
Oahu,2208041012,269.83074385973543
Oahu,2208041014,163.95332278959
Oahu,2208041016,90.09494348403445
Oahu,2208041018,-108.050769343594
Oahu,2208041020,-99.2171356097702
Oahu,2208041022,-77.7793596321837
Oahu,2208061700,-67.4315432723144
Oahu,2208061702,-62.1396171769651
Oahu,2208061704,-68.16854027210971
Oahu,2208061706,-88.82706079594061
Oahu,2208061708,146.98945033501954
Oahu,2208061710,165.6810701285801
Oahu,2208061712,231.34238100767757
Oahu,2208061714,141.42003138721216
Oahu,2208061716,-107.37871082255101
Oahu,2208061718,-106.010888278823
Oahu,2208061720,-102.917571965442
Oahu,2208061722,-82.5590002743435
Oahu,2208081800,-67.3593887080045
Oahu,2208081802,-62.8271333459733
Oahu,2208081804,-68.67258416289211
Oahu,2208081806,-92.3883405723146
Oahu,2208081808,260.407597925143
Oahu,2208081810,-36.92621683092972
Oahu,2208081812,256.20934431823076
Oahu,2208081814,177.0525207304672
Oahu,2208081816,-65.41384881901504
Oahu,2208081818,-109.978288343793
Oahu,2208081820,-106.129428369566
Oahu,2208081822,-83.97423382135281
Oahu,2208091000,-67.19343761397991
Oahu,2208091002,-62.5488264786458
Oahu,2208091004,-68.7303065560862
Oahu,2208091006,-91.83997469133571
Oahu,2208091008,193.90628491507238
Oahu,2208091010,53.68950655450462
Oahu,2208091012,189.23617417748645
Oahu,2208091014,141.26778643879277
Oahu,2208091016,8.39228220268609
Oahu,2208091018,-112.025379202852
Oahu,2208091020,-103.00003791966502
Oahu,2208091022,-81.15407182597761
Oahu,2208112200,-63.0415335026668
Oahu,2208112202,8.766818626746401
Oahu,2208112204,-14.261915221912005
Oahu,2208112206,-71.3154519062123
Oahu,2208112208,-87.96121860675942
Oahu,2208112210,155.8138214570309
Oahu,2208112212,271.23944018057296
Oahu,2208112214,103.07953404695348
Oahu,2208112216,-44.565768672623015
Oahu,2208112218,-96.2732809743306
Oahu,2208112220,-86.8686139172741
Oahu,2208112222,-74.6118315095255
Oahu,2507011200,-65.05980192911731
Oahu,2507011202,-60.2638431309269
Oahu,2507011204,-65.6686647468812
Oahu,2507011206,-88.6281893055758
Oahu,2507011208,-96.72902715497591
Oahu,2507011210,109.4626603367833
Oahu,2507011212,109.90701210919823
Oahu,2507011214,413.560376616946
Oahu,2507011216,17.721196793577676
Oahu,2507011218,-102.55163880014
Oahu,2507011220,-92.9560719439476
Oahu,2507011222,-78.79400884494041
Oahu,2507011900,-61.7247523155238
Oahu,2507011902,-57.036675457990206
Oahu,2507011904,-63.209437487973304
Oahu,2507011906,-86.14610116372221
Oahu,2507011908,-93.121544114744
Oahu,2507011910,151.0303651744037
Oahu,2507011912,355.3985046821783
Oahu,2507011914,221.04624767918193
Oahu,2507011916,-96.0497626383775
Oahu,2507011918,-100.869486264604
Oahu,2507011920,-91.7520505623897
Oahu,2507011922,-77.56530753043921
Oahu,2507021200,-56.0996080334459
Oahu,2507021202,-52.5250408703183
Oahu,2507021204,-59.556243841666
Oahu,2507021206,-82.40423161998471
Oahu,2507021208,-89.1044958296477
Oahu,2507021210,153.2972789748907
Oahu,2507021212,179.08492193224092
Oahu,2507021214,336.32135124037006
Oahu,2507021216,-60.434274066988536
Oahu,2507021218,-102.46935747724102
Oahu,2507021220,-92.4194242951079
Oahu,2507021222,-73.69087611310161
Oahu,2507050200,-62.9433986358664
Oahu,2507050202,-58.87972463978801
Oahu,2507050204,-63.6857384321371
Oahu,2507050206,-86.7577092962065
Oahu,2507050208,-32.89991071012406
Oahu,2507050210,456.04793663548185
Oahu,2507050212,118.04921937026752
Oahu,2507050214,107.45003799309603
Oahu,2507050216,-100.40141010478601
Oahu,2507050218,-101.78004912630001
Oahu,2507050220,-96.244490266651
Oahu,2507050222,-77.95476278698631
Oahu,2507092200,-69.9160962721677
Oahu,2507092202,-64.60269586836401
Oahu,2507092204,-66.0818904113728
Oahu,2507092206,-78.1348598965673
Oahu,2507092208,-84.64199445041595
Oahu,2507092210,166.60546153200946
Oahu,2507092212,215.69850371497353
Oahu,2507092214,233.3857999005569
Oahu,2507092216,26.717799334359626
Oahu,2507092218,-102.03968224405901
Oahu,2507092220,-94.05129627994191
Oahu,2507092222,-82.93904905901081
Oahu,2507102700,-68.8857774256593
Oahu,2507102702,-63.565976867416104
Oahu,2507102704,-65.50867762561761
Oahu,2507102706,-77.38978036548421
Oahu,2507102708,215.19603138575246
Oahu,2507102710,86.51674105843856
Oahu,2507102712,275.3157277082237
Oahu,2507102714,69.23085594141548
Oahu,2507102716,-96.1832340369763
Oahu,2507102718,-100.480946112964
Oahu,2507102720,-92.86465073179691
Oahu,2507102722,-81.38031292791571
Oahu,2507121500,-65.8149420342671
Oahu,2507121502,-59.8798729239125
Oahu,2507121504,-62.10689789263261
Oahu,2507121506,-73.73018656473751
Oahu,2507121508,-49.74148692924453
Oahu,2507121510,147.3382034496112
Oahu,2507121512,267.39818309617374
Oahu,2507121514,233.7369768227531
Oahu,2507121516,-72.03214828552882
Oahu,2507121518,-97.1980184197014
Oahu,2507121520,-89.94282678269501
Oahu,2507121522,-78.0269835358185
Oahu,2508022000,-61.7178461540594
Oahu,2508022002,-57.30152103735491
Oahu,2508022004,-63.52452409522321
Oahu,2508022006,-85.29015900962492
Oahu,2508022008,-93.9397165110993
Oahu,2508022010,251.68436004777874
Oahu,2508022012,187.63148918064843
Oahu,2508022014,297.5727428282423
Oahu,2508022016,-100.64226733061601
Oahu,2508022018,-104.803948450728
Oahu,2508022020,-94.4146242747703
Oahu,2508022022,-75.2539851931934
Oahu,2508041000,-59.6602396181067
Oahu,2508041002,-56.39539409732801
Oahu,2508041004,-64.0142934661087
Oahu,2508041006,-86.0568818050323
Oahu,2508041008,-59.797214023567776
Oahu,2508041010,121.53770705014992
Oahu,2508041012,129.59294904071444
Oahu,2508041014,122.78659545915865
Oahu,2508041016,229.74975651085015
Oahu,2508041018,-104.33369770214199
Oahu,2508041020,-96.36906743270411
Oahu,2508041022,-77.0402199158835
Oahu,2508061700,-67.7103638356124
Oahu,2508061702,-62.939027822295
Oahu,2508061704,-68.3748591939132
Oahu,2508061706,-87.00111004874611
Oahu,2508061708,-6.392465929983075
Oahu,2508061710,174.64944709450285
Oahu,2508061712,253.46809174128921
Oahu,2508061714,251.57767107258616
Oahu,2508061716,-103.72775253837102
Oahu,2508061718,-102.49448872381299
Oahu,2508061720,-99.70547556287892
Oahu,2508061722,-81.3496662527655
Oahu,2508081800,-67.6453074336495
Oahu,2508081802,-63.558909997106504
Oahu,2508081804,-68.82931806674141
Oahu,2508081806,-90.21205104534191
Oahu,2508081808,-18.65823354805667
Oahu,2508081810,92.20170639911498
Oahu,2508081812,269.5177710797768
Oahu,2508081814,150.6360805381674
Oahu,2508081816,87.84690478599987
Oahu,2508081818,-106.07159816717001
Oahu,2508081820,-102.601367503635
Oahu,2508081822,-82.62567704135802
Oahu,2508091000,-67.49568167979321
Oahu,2508091002,-63.3079814023175
Oahu,2508091004,-68.8813620538379
Oahu,2508091006,-89.71763033174031
Oahu,2508091008,25.981850392274957
Oahu,2508091010,144.74442048558683
Oahu,2508091012,218.24150831623635
Oahu,2508091014,37.073267034441166
Oahu,2508091016,151.14169270248482
Oahu,2508091018,-107.91730768056401
Oahu,2508091020,-99.7798289779047
Oahu,2508091022,-80.08294680486651
Oahu,2508112200,-59.25229138851364
Oahu,2508112202,-3.405503798551697
Oahu,2508112204,-25.834069009874526
Oahu,2508112206,-71.21219526777051
Oahu,2508112208,-57.21540795099571
Oahu,2508112210,149.8784832110822
Oahu,2508112212,207.57666635711684
Oahu,2508112214,116.04752701044646
Oahu,2508112216,-3.4487767117276746
Oahu,2508112218,-93.71481274604321
Oahu,2508112220,-85.2353242168988
Oahu,2508112222,-74.1842954882697
Oahu,3007011200,-70.34276779782469
Oahu,3007011202,-67.3760137373589
Oahu,3007011204,-70.71940702949391
Oahu,3007011206,-84.9220442032267
Oahu,3007011208,-89.9331784923599
Oahu,3007011210,56.9974959670098
Oahu,3007011212,197.9238289643563
Oahu,3007011214,357.3769811815137
Oahu,3007011216,30.96804205879758
Oahu,3007011218,-93.5350144270896
Oahu,3007011220,-87.5992488938619
Oahu,3007011222,-78.83867359046181
Oahu,3007011900,-68.27972422315581
Oahu,3007011902,-65.37970534515561
Oahu,3007011904,-69.19814240588491
Oahu,3007011906,-83.38663796161
Oahu,3007011908,3.724513008476009
Oahu,3007011910,195.85152679980223
Oahu,3007011912,243.33325287645758
Oahu,3007011914,190.27540384882522
Oahu,3007011916,-89.51298915222031
Oahu,3007011918,-92.49444400621661
Oahu,3007011920,-86.8544478075865
Oahu,3007011922,-78.0786056317313
Oahu,3007021200,-64.80004052657
Oahu,3007021202,-62.588832696840996
Oahu,3007021204,-66.9382966607674
Oahu,3007021206,-81.07193778803781
Oahu,3007021208,-85.2166848316761
Oahu,3007021210,120.16772565684278
Oahu,3007021212,218.0165648460306
Oahu,3007021214,357.2019808409168
Oahu,3007021216,-78.33717821554532
Oahu,3007021218,-93.4841156477042
Oahu,3007021220,-87.2672815734097
Oahu,3007021222,-75.68190340323859
Oahu,3007050200,-69.0335722171194
Oahu,3007050202,-66.5198055574009
Oahu,3007050204,-69.4927795826336
Oahu,3007050206,-83.7649754300524
Oahu,3007050208,-89.3495511213036
Oahu,3007050210,499.32707829140986
Oahu,3007050212,112.34594027591794
Oahu,3007050214,119.70324036693313
Oahu,3007050216,-92.2048946363861
Oahu,3007050218,-93.05771324619921
Oahu,3007050220,-89.63344660529171
Oahu,3007050222,-78.3195205378741
Oahu,3007092200,-73.3468450985925
Oahu,3007092202,-70.0600044716854
Oahu,3007092204,-70.9750261808681
Oahu,3007092206,-78.4309276315566
Oahu,3007092208,-27.007587720045024
Oahu,3007092210,119.53828608962974
Oahu,3007092212,221.29027711213539
Oahu,3007092214,333.7592116503548
Oahu,3007092216,-91.8695411974897
Oahu,3007092218,-93.21832088249391
Oahu,3007092220,-88.2767487187474
Oahu,3007092222,-81.4027729506413
Oahu,3007102700,-72.7094954569303
Oahu,3007102702,-69.4186957292531
Oahu,3007102704,-70.6204398653451
Oahu,3007102706,-77.97002548097001
Oahu,3007102708,202.48130813890893
Oahu,3007102710,47.24987046388165
Oahu,3007102712,271.29580391269656
Oahu,3007102714,119.52256650615402
Oahu,3007102716,-89.59555383436451
Oahu,3007102718,-92.2540951789983
Oahu,3007102720,-87.5426962286341
Oahu,3007102722,-80.4385472471457
Oahu,3007121500,-70.8098933648789
Oahu,3007121502,-67.13849185306171
Oahu,3007121504,-68.516117401305
Oahu,3007121506,-75.7062206350824
Oahu,3007121508,-85.3580664947458
Oahu,3007121510,16.610164819936628
Oahu,3007121512,523.1726570954919
Oahu,3007121514,168.67660849649263
Oahu,3007121516,-86.60787901560121
Oahu,3007121518,-90.2232939411149
Oahu,3007121520,-85.73527180533941
Oahu,3007121522,-78.36419590079191
Oahu,3008022000,-68.2754521091889
Oahu,3008022002,-65.5435373818848
Oahu,3008022004,-69.3930532695499
Oahu,3008022006,-82.8571567946429
Oahu,3008022008,-88.2077260798531
Oahu,3008022010,184.45615158395236
Oahu,3008022012,292.5494445568319
Oahu,3008022014,249.7038336763954
Oahu,3008022016,-92.35388760792601
Oahu,3008022018,-94.92828094218791
Oahu,3008022020,-88.5015014427168
Oahu,3008022022,-76.6488341892293
Oahu,3008041000,-67.00262788315881
Oahu,3008041002,-64.9830121789501
Oahu,3008041004,-69.69602194190689
Oahu,3008041006,-83.33144735097231
Oahu,3008041008,-88.38824478221551
Oahu,3008041010,113.882976941827
Oahu,3008041012,181.49633252813595
Oahu,3008041014,220.25069595784936
Oahu,3008041016,119.87303374213926
Oahu,3008041018,-94.6373863835585
Oahu,3008041020,-89.7105093634973
Oahu,3008041022,-77.75378928569201
Oahu,3008061700,-71.9823909950834
Oahu,3008061702,-69.03086845558691
Oahu,3008061704,-72.3934442141276
Oahu,3008061706,-83.91554181339791
Oahu,3008061708,-91.5501818244112
Oahu,3008061710,95.3270259650893
Oahu,3008061712,248.3264397929071
Oahu,3008061714,405.1751579312461
Oahu,3008061716,-94.26255199680031
Oahu,3008061718,-93.4996617003181
Oahu,3008061720,-91.7743933091438
Oahu,3008061722,-80.41958938037331
Oahu,3008081800,-71.9421474582216
Oahu,3008081802,-69.4143242016675
Oahu,3008081804,-72.6745700041962
Oahu,3008081806,-85.9018124717615
Oahu,3008081808,-61.78487236672456
Oahu,3008081810,174.52828704856375
Oahu,3008081812,225.49808695144907
Oahu,3008081814,223.32369384671028
Oahu,3008081816,8.854799882364006
Oahu,3008081818,-95.7124421707876
Oahu,3008081820,-93.56577633294091
Oahu,3008081822,-81.20892272278721
Oahu,3008091000,-71.8495897796671
Oahu,3008091002,-69.2591011359985
Oahu,3008091004,-72.7067641319063
Oahu,3008091006,-85.59596650406701
Oahu,3008091008,-92.27627782953991
Oahu,3008091010,119.02808634703635
Oahu,3008091012,262.85339415813337
Oahu,3008091014,259.05059145938947
Oahu,3008091016,19.066207004951963
Oahu,3008091018,-96.8541880497071
Oahu,3008091020,-91.82038792778411
Oahu,3008091022,-79.636003610841
Oahu,3008112200,-69.533903894118
Oahu,3008112202,-66.0781914890585
Oahu,3008112204,-67.27800259144911
Oahu,3008112206,-74.1486048967419
Oahu,3008112208,-83.43262638884931
Oahu,3008112210,202.87030021367457
Oahu,3008112212,295.9820962718932
Oahu,3008112214,194.20654855078516
Oahu,3008112216,-85.70864770550081
Oahu,3008112218,-88.0686018324875
Oahu,3008112220,-82.8232362897302
Oahu,3008112222,-75.9871299484176
Oahu,3507011200,-71.6062425468268
Oahu,3507011202,-68.53371902654861
Oahu,3507011204,-71.9963095609363
Oahu,3507011206,-86.7052931426154
Oahu,3507011208,-91.89508227000151
Oahu,3507011210,-26.93134631026379
Oahu,3507011212,246.37570990224867
Oahu,3507011214,402.0457040785557
Oahu,3507011216,34.754893388674134
Oahu,3507011218,-95.62532933466801
Oahu,3507011220,-89.47794440150811
Oahu,3507011222,-80.4050407761099
Oahu,3507011900,-69.4696482160067
Oahu,3507011902,-66.46623909266751
Oahu,3507011904,-70.4208094549815
Oahu,3507011906,-85.1151472476744
Oahu,3507011908,14.743283272492135
Oahu,3507011910,162.7687477324323
Oahu,3507011912,269.3515530795179
Oahu,3507011914,198.94029856043971
Oahu,3507011916,-91.459912517391
Oahu,3507011918,-94.5476609376672
Oahu,3507011920,-88.7065899822103
Oahu,3507011922,-79.6178751962834
Oahu,3507021200,-65.8659083093662
Oahu,3507021202,-63.57586743418861
Oahu,3507021204,-68.0803966460465
Oahu,3507021206,-82.7179243634236
Oahu,3507021208,-87.0104381740165
Oahu,3507021210,-31.463357048730984
Oahu,3507021212,402.81261675100814
Oahu,3507021214,348.43056630157974
Oahu,3507021216,-90.6868064660201
Oahu,3507021218,-95.57261593354761
Oahu,3507021220,-89.1341419226828
Oahu,3507021222,-77.135726754565
Oahu,3507050200,-70.2503720795156
Oahu,3507050202,-67.64698567502761
Oahu,3507050204,-70.7259509116233
Oahu,3507050206,-85.50697304337561
Oahu,3507050208,-67.2523627892445
Oahu,3507050210,478.01140255755456
Oahu,3507050212,202.22757182691856
Oahu,3507050214,41.9745139719887
Oahu,3507050216,-94.2477886762818
Oahu,3507050218,-95.1310116141381
Oahu,3507050220,-91.5846644685846
Oahu,3507050222,-79.86737909867071
Oahu,3507092200,-74.7174199397698
Oahu,3507092202,-71.31339826228951
Oahu,3507092204,-72.26104193808091
Oahu,3507092206,-79.9827580308938
Oahu,3507092208,-26.049225063905283
Oahu,3507092210,-94.95822919654991
Oahu,3507092212,456.89268409114146
Oahu,3507092214,289.0883616732247
Oahu,3507092216,-58.161475682462765
Oahu,3507092218,-95.29734516589001
Oahu,3507092220,-90.17959816333641
Oahu,3507092222,-83.0605543211878
Oahu,3507102700,-74.0573477784998
Oahu,3507102702,-70.649225852065
Oahu,3507102704,-71.89381406134831
Oahu,3507102706,-79.5054239919537
Oahu,3507102708,99.33870121281012
Oahu,3507102710,345.12288684061593
Oahu,3507102712,-0.27431524878684854
Oahu,3507102714,209.24403093137724
Oahu,3507102716,-91.5454207606299
Oahu,3507102718,-94.2987432958106
Oahu,3507102720,-89.41937554460071
Oahu,3507102722,-82.06195245110831
Oahu,3507121500,-72.0900218768438
Oahu,3507121502,-68.2877291125855
Oahu,3507121504,-69.714469183668
Oahu,3507121506,-77.1609109340641
Oahu,3507121508,-87.1568603162852
Oahu,3507121510,108.07900284969105
Oahu,3507121512,260.0642675986961
Oahu,3507121514,282.42426838896563
Oahu,3507121516,-16.500845822349334
Oahu,3507121518,-92.1955407919175
Oahu,3507121520,-87.5475135909252
Oahu,3507121522,-79.91364720871421
Oahu,3508022000,-69.4652237944411
Oahu,3508022002,-66.6359119998132
Oahu,3508022004,-70.622669198244
Oahu,3508022006,-84.5667892422941
Oahu,3508022008,-90.1081147585403
Oahu,3508022010,162.4153513081293
Oahu,3508022012,343.35274213056255
Oahu,3508022014,235.6504708584123
Oahu,3508022016,-94.4020934821682
Oahu,3508022018,-97.0682679977345
Oahu,3508022020,-90.4123636762734
Oahu,3508022022,-78.1371301475955
Oahu,3508041000,-68.1470213779445
Oahu,3508041002,-66.0554031896373
Oahu,3508041004,-70.9364391814485
Oahu,3508041006,-85.05798900475071
Oahu,3508041008,-90.2950692372582
Oahu,3508041010,188.39897351647465
Oahu,3508041012,74.97689814578014
Oahu,3508041014,254.9723296252439
Oahu,3508041016,129.8566765639947
Oahu,3508041018,-96.76700258944871
Oahu,3508041020,-91.6644746356219
Oahu,3508041022,-79.28147863538351
Oahu,3508061700,-73.304320896193
Oahu,3508061702,-70.24757192462151
Oahu,3508061704,-73.7300288105864
Oahu,3508061706,-85.66290735567901
Oahu,3508061708,-93.5697343203018
Oahu,3508061710,122.97907154056338
Oahu,3508061712,340.1848677375224
Oahu,3508061714,301.16240302702624
Oahu,3508061716,-96.37880476581691
Oahu,3508061718,-95.588716227448
Oahu,3508061720,-93.80193929797001
Oahu,3508061722,-82.04231870649541
Oahu,3508081800,-73.2626426137917
Oahu,3508081802,-70.6446984726285
Oahu,3508081804,-74.0211771783102
Oahu,3508081806,-87.719991694683
Oahu,3508081808,-95.7351807399513
Oahu,3508081810,9.046136829926894
Oahu,3508081812,27.343875301454773
Oahu,3508081814,442.3978012053509
Oahu,3508081816,198.99324415115942
Oahu,3508081818,-97.88038581048801
Oahu,3508081820,-95.657187950964
Oahu,3508081822,-82.85979302707521
Oahu,3508091000,-73.1667851080649
Oahu,3508091002,-70.48394145993471
Oahu,3508091004,-74.0545190774324
Oahu,3508091006,-87.4032418360256
Oahu,3508091008,-38.04224404684675
Oahu,3508091010,251.7954108832872
Oahu,3508091012,117.22266847563856
Oahu,3508091014,238.3034051798041
Oahu,3508091016,9.972454285823375
Oahu,3508091018,-99.06283673013381
Oahu,3508091020,-93.84957369728261
Oahu,3508091022,-81.2307968688325
Oahu,3508112200,-70.7685413696512
Oahu,3508112202,-67.18962736887441
Oahu,3508112204,-68.432213628757
Oahu,3508112206,-75.5477637388243
Oahu,3508112208,-85.1627752348527
Oahu,3508112210,111.50362673394511
Oahu,3508112212,299.55463339063385
Oahu,3508112214,172.05047904369619
Oahu,3508112216,35.939707210307006
Oahu,3508112218,-89.9640305124048
Oahu,3508112220,-84.5316594179003
Oahu,3508112222,-77.4518351073175
Oahu,4007011200,-74.69408236465391
Oahu,4007011202,-71.64390310774391
Oahu,4007011204,-75.0813127006917
Oahu,4007011206,-89.683328377696
Oahu,4007011208,-94.8353758851002
Oahu,4007011210,329.0191576171737
Oahu,4007011212,4.41448711771892
Oahu,4007011214,398.46762750046094
Oahu,4007011216,-51.56006490085534
Oahu,4007011218,-98.53849553404751
Oahu,4007011220,-92.43581612944291
Oahu,4007011222,-83.4288932351221
Oahu,4007011900,-72.573025954414
Oahu,4007011902,-69.59145847492611
Oahu,4007011904,-73.5172700788121
Oahu,4007011906,-88.10474647516581
Oahu,4007011908,-29.6917332693115
Oahu,4007011910,-95.16853372436661
Oahu,4007011912,545.4551879093344
Oahu,4007011914,249.38113849109448
Oahu,4007011916,-94.40337081048091
Oahu,4007011918,-97.46866424759361
Oahu,4007011920,-91.6700712184796
Oahu,4007011922,-82.6474521468785
Oahu,4007021200,-68.99549346752251
Oahu,4007021202,-66.7221064197612
Oahu,4007021204,-71.1938774162968
Oahu,4007021206,-85.7249568763316
Oahu,4007021208,-89.9862543077942
Oahu,4007021210,-36.13665338156929
Oahu,4007021212,391.0243787690814
Oahu,4007021214,372.4160250315993
Oahu,4007021216,-73.91702797846355
Oahu,4007021218,-98.486165479746
Oahu,4007021220,-92.09451387985351
Oahu,4007021222,-80.18335459334202
Oahu,4007050200,-73.3480721723299
Oahu,4007050202,-70.7636183329101
Oahu,4007050204,-73.82019246014771
Oahu,4007050206,-88.49372280243631
Oahu,4007050208,-94.2353368981538
Oahu,4007050210,355.33110826619827
Oahu,4007050212,81.47559593657418
Oahu,4007050214,336.49534095407705
Oahu,4007050216,-97.17097274243051
Oahu,4007050218,-98.04777263232441
Oahu,4007050220,-94.52721553006671
Oahu,4007050222,-82.89514158605022
Oahu,4007092200,-77.78263439229221
Oahu,4007092202,-74.40336772689601
Oahu,4007092204,-75.3441198688289
Oahu,4007092206,-83.0096814499207
Oahu,4007092208,41.89384363874805
Oahu,4007092210,-22.259031105655538
Oahu,4007092212,297.4764453705178
Oahu,4007092214,253.64086545677503
Oahu,4007092216,17.19803903448866
Oahu,4007092218,-98.21289655926381
Oahu,4007092220,-93.13236726590661
Oahu,4007092222,-86.06509513176582
Oahu,4007102700,-77.12736246318201
Oahu,4007102702,-73.7440253670056
Oahu,4007102704,-74.9795625774765
Oahu,4007102706,-82.53581871963301
Oahu,4007102708,245.735627443192
Oahu,4007102710,-71.53821633875566
Oahu,4007102712,348.78371507970405
Oahu,4007102714,154.566885542047
Oahu,4007102716,-94.48825721349812
Oahu,4007102718,-97.2215568054994
Oahu,4007102720,-92.3776732018913
Oahu,4007102722,-85.07375537800151
Oahu,4007121500,-75.1743435140318
Oahu,4007121502,-71.3997021022748
Oahu,4007121504,-72.8160665144907
Oahu,4007121506,-80.2083556263376
Oahu,4007121508,-90.1316116266731
Oahu,4007121510,318.14896817094944
Oahu,4007121512,232.56487675731273
Oahu,4007121514,199.0269499299945
Oahu,4007121516,-91.4165689060578
Oahu,4007121518,-95.13364938734081
Oahu,4007121520,-90.51942395978861
Oahu,4007121522,-82.9410732212614
Oahu,4008022000,-72.56863370849821
Oahu,4008022002,-69.7598974725187
Oahu,4008022004,-73.717661840711
Oahu,4008022006,-87.5603762848865
Oahu,4008022008,-93.06140370872531
Oahu,4008022010,299.648746443147
Oahu,4008022012,191.4227150422143
Oahu,4008022014,277.4325232059607
Oahu,4008022016,-97.3241553999593
Oahu,4008022018,-99.97094073748741
Oahu,4008022020,-93.36344004194851
Oahu,4008022022,-81.1774754965871
Oahu,4008041000,-71.2600176342289
Oahu,4008041002,-69.1836102872242
Oahu,4008041004,-74.0291499995143
Oahu,4008041006,-88.0480039032126
Oahu,4008041008,-93.2469986013952
Oahu,4008041010,248.56553379813388
Oahu,4008041012,25.96988600078903
Oahu,4008041014,198.73156858634815
Oahu,4008041016,199.09260550927476
Oahu,4008041018,-99.67186621678371
Oahu,4008041020,-94.6064452949102
Oahu,4008041022,-82.3135019572767
Oahu,4008061700,-76.3798118061572
Oahu,4008061702,-73.3452923809572
Oahu,4008061704,-76.8024238517333
Oahu,4008061706,-88.64852311614891
Oahu,4008061708,-62.12464825777414
Oahu,4008061710,488.0528459957819
Oahu,4008061712,8.89136841444926
Oahu,4008061714,259.9277552911513
Oahu,4008061716,-99.2864914779398
Oahu,4008061718,-98.5021486877381
Oahu,4008061720,-96.7283657073801
Oahu,4008061722,-85.0542644155537
Oahu,4008081800,-76.3384366200586
Oahu,4008081802,-73.7395309119578
Oahu,4008081804,-77.09145490586631
Oahu,4008081806,-90.69064775380701
Oahu,4008081808,-98.64754806872341
Oahu,4008081810,-102.367115609596
Oahu,4008081812,299.7388504580728
Oahu,4008081814,400.9227695376995
Oahu,4008081816,103.42618276939632
Oahu,4008081818,-100.77715259893601
Oahu,4008081820,-98.5701224654407
Oahu,4008081822,-85.8657938307828
Oahu,4008091000,-76.24327621732861
Oahu,4008091002,-73.57994296990141
Oahu,4008091004,-77.1245543332318
Oahu,4008091006,-90.37620139005121
Oahu,4008091008,-69.96756667261417
Oahu,4008091010,267.55945181840775
Oahu,4008091012,80.86884627494665
Oahu,4008091014,260.80934834077806
Oahu,4008091016,61.02919743968829
Oahu,4008091018,-101.95100439978101
Oahu,4008091020,-96.77565369581691
Oahu,4008091022,-84.24864419509571
Oahu,4008112200,-73.8624731882727
Oahu,4008112202,-70.3095860662092
Oahu,4008112204,-71.5431358860238
Oahu,4008112206,-78.60693969549482
Oahu,4008112208,-81.94597796557571
Oahu,4008112210,389.6390827236496
Oahu,4008112212,-7.332290801628005
Oahu,4008112214,284.1134640669343
Oahu,4008112216,-29.21110985228895
Oahu,4008112218,-92.91836728413512
Oahu,4008112220,-87.52550193454951
Oahu,4008112222,-80.49716411640611
Oahu,4507011200,-76.371544056163
Oahu,4507011202,123.7881024257656
Oahu,4507011204,-76.7721328120673
Oahu,4507011206,-91.8778793132255
Oahu,4507011208,-97.2076587991724
Oahu,4507011210,-100.488766218131
Oahu,4507011212,-100.652971006331
Oahu,4507011214,798.8095313607121
Oahu,4507011216,-98.05515198813941
Oahu,4507011218,-101.03852625732401
Oahu,4507011220,-94.7253205942885
Oahu,4507011222,-85.4076827416355
Oahu,4507011900,-74.1773168236722
Oahu,4507011902,-71.09289317165751
Oahu,4507011904,-75.1541348667338
Oahu,4507011906,-90.2448405206094
Oahu,4507011908,-30.317337770209306
Oahu,4507011910,320.7087086458378
Oahu,4507011912,-44.689901957347374
Oahu,4507011914,440.19269930947206
Oahu,4507011916,-96.76075069492411
Oahu,4507011918,-99.93178862810541
Oahu,4507011920,-93.9331595142412
Oahu,4507011922,-84.59928400780962
Oahu,4507021200,-70.4763689516776
Oahu,4507021202,-68.12455607856991
Oahu,4507021204,-72.7505913177512
Oahu,4507021206,-87.78295449053921
Oahu,4507021208,92.85180725625031
Oahu,4507021210,-94.99959853945171
Oahu,4507021212,-96.1388151474132
Oahu,4507021214,770.7946849021777
Oahu,4507021216,-95.9667907339473
Oahu,4507021218,-100.98439095490001
Oahu,4507021220,-94.37224432203861
Oahu,4507021222,-82.0501816221392
Oahu,4507050200,-74.9791000811
Oahu,4507050202,-72.3054894368036
Oahu,4507050204,-75.467507267038
Oahu,4507050206,-90.64723549981441
Oahu,4507050208,-96.5869200581575
Oahu,4507050210,85.61292683633708
Oahu,4507050212,-100.770265385311
Oahu,4507050214,807.042678968704
Oahu,4507050216,-99.6238275553322
Oahu,4507050218,-100.53087471662501
Oahu,4507050220,-96.888867728966
Oahu,4507050222,-84.85551807589331
Oahu,4507092200,-79.5666429395738
Oahu,4507092202,-76.0708005342216
Oahu,4507092204,-77.04400613068171
Oahu,4507092206,-84.9740092613692
Oahu,4507092208,-96.2825714319857
Oahu,4507092210,12.664446862300224
Oahu,4507092212,-8.548953263855182
Oahu,4507092214,-100.032239607687
Oahu,4507092216,794.1371988003008
Oahu,4507092218,-100.70169498122401
Oahu,4507092220,-95.44590089808081
Oahu,4507092222,-88.134826613922
Oahu,4507102700,-78.8887658663385
Oahu,4507102702,-75.38871261113681
Oahu,4507102704,-76.6668725793878
Oahu,4507102706,-84.48379952331601
Oahu,4507102708,397.4056027166189
Oahu,4507102710,125.52872985483418
Oahu,4507102712,-99.78923649240001
Oahu,4507102714,270.5822367464071
Oahu,4507102716,-96.84856545377231
Oahu,4507102718,-99.6761566344552
Oahu,4507102720,-94.66517188990031
Oahu,4507102722,-87.1092882671533
Oahu,4507121500,-76.8683729417999
Oahu,4507121502,-72.96351640965891
Oahu,4507121504,-74.42874163865851
Oahu,4507121506,-82.07604512448391
Oahu,4507121508,-92.341627145686
Oahu,4507121510,-95.3731233153297
Oahu,4507121512,757.3309789406544
Oahu,4507121514,105.5534338322916
Oahu,4507121516,-93.6709120441928
Oahu,4507121518,-97.5162219463791
Oahu,4507121520,-92.7428179760239
Oahu,4507121522,-84.9030342307333
Oahu,4508022000,-74.1727730569182
Oahu,4508022002,-71.26714286805729
Oahu,4508022004,-75.3614396130869
Oahu,4508022006,-89.68169100214281
Oahu,4508022008,-56.5490516763881
Oahu,4508022010,221.61266663213564
Oahu,4508022012,-100.02198722934001
Oahu,4508022014,626.5076425772794
Oahu,4508022016,-99.7822946083877
Oahu,4508022018,-102.520387022207
Oahu,4508022020,-95.68494507221521
Oahu,4508022022,-83.07859706067171
Oahu,4508041000,-72.8190131978336
Oahu,4508041002,-70.6709753028743
Oahu,4508041004,-75.6836732874696
Oahu,4508041006,-90.1861404803746
Oahu,4508041008,-95.56448671070301
Oahu,4508041010,393.0749421174277
Oahu,4508041012,-97.7840674005376
Oahu,4508041014,332.76924029391773
Oahu,4508041016,60.29981332471624
Oahu,4508041018,-102.21099522352401
Oahu,4508041020,-96.9708307106219
Oahu,4508041022,-84.2538134221231
Oahu,4508061700,-78.11542669374921
Oahu,4508061702,-74.9762243942954
Oahu,4508061704,-78.55261773435751
Oahu,4508061706,-90.8073760139028
Oahu,4508061708,-98.92748323224811
Oahu,4508061710,-102.45129243147602
Oahu,4508061712,208.00958209606307
Oahu,4508061714,704.8891666924612
Oahu,4508061716,-101.812326077997
Oahu,4508061718,-101.000925541189
Oahu,4508061720,-99.16595175112872
Oahu,4508061722,-87.0891249181806
Oahu,4508081800,-78.0726241734349
Oahu,4508081802,-75.38406310930671
Oahu,4508081804,-78.8516195935029
Oahu,4508081806,-92.91994853694251
Oahu,4508081808,-101.151340815297
Oahu,4508081810,-104.999223574034
Oahu,4508081812,851.49401856512
Oahu,4508081814,77.41014471541109
Oahu,4508081816,-105.17103824229001
Oahu,4508081818,-103.354411055235
Oahu,4508081820,-101.07124423399301
Oahu,4508081822,-87.928649946495
Oahu,4508091000,-77.974180989125
Oahu,4508091002,-75.2189698063908
Oahu,4508091004,-78.88586086335062
Oahu,4508091006,-92.59465460737991
Oahu,4508091008,-99.699749822939
Oahu,4508091010,-103.915721567516
Oahu,4508091012,185.72203936503274
Oahu,4508091014,736.3686934106918
Oahu,4508091016,-103.76225350226501
Oahu,4508091018,-104.568757630785
Oahu,4508091020,-99.21487104978421
Oahu,4508091022,-86.25571293618901
Oahu,4508112200,-75.51124656817761
Oahu,4508112202,-71.8357942607512
Oahu,4508112204,-73.1118982786378
Oahu,4508112206,-80.41938459012191
Oahu,4508112208,-90.2937532341685
Oahu,4508112210,-94.47793564506
Oahu,4508112212,173.0003778059314
Oahu,4508112214,610.8187194470053
Oahu,4508112216,-30.924135870786586
Oahu,4508112218,-95.22451848435111
Oahu,4508112220,-89.64561357918721
Oahu,4508112222,-82.37481674169481
