gen_tech,gen_load_zone,gen_energy_source,period,Energy_GWh_typical_yr,VariableCost_per_yr,DispatchEmissions_tCO2_per_typical_yr,GenCapacity_MW,GenCapitalCosts,GenFixedOMCosts,LCOE_dollar_per_MWh,capacity_factor,Store_GWh_typical_yr,Discharge_GWh_typical_yr
AES,Oahu,multiple,2020,1576.8000000000002,6031959.419571862,2605551.312582,180.0,31331181.826544113,14677622.956780866,33.00403615100002,0.9999999999999997,0.0,0.0
AES,Oahu,multiple,2021,1576.8000000000002,6031959.419571862,2605551.312582,180.0,31331181.826544113,14677622.956780866,33.00403615100002,0.9999999999999997,0.0,0.0
Airport_DSG,Oahu,multiple,2020,5.349986244841817,94827.29615202887,3082.3143251719407,8.0,283791.85665925033,67349.46997205736,83.35883540136513,0.0763411279229711,0.0,0.0
Airport_DSG,Oahu,multiple,2021,1.7351306740027517,30754.798752009363,2295.1142547895465,8.0,283791.85665925033,67349.46997205736,220.0964636872712,0.024759284731774415,0.0,0.0
Airport_DSG,Oahu,multiple,2022,2.9641815680880343,52539.447868015995,3143.2994545914735,8.0,283791.85665925033,67349.46997205736,136.18625081718832,0.042297111416781295,0.0,0.0
Airport_DSG,Oahu,multiple,2023,2.5464649243466315,45135.514835124864,2502.838056649245,8.0,283791.85665925033,67349.46997205736,155.6184173901821,0.036336542870243016,0.0,0.0
Airport_DSG,Oahu,multiple,2024,0.6908390646492433,12244.966169781497,913.7954903328745,8.0,283791.85665925033,67349.46997205736,526.0071576664383,0.009857863365428696,0.0,0.0
Airport_DSG,Oahu,multiple,2025,6.265749656121054,111058.99549336726,5552.705730618989,8.0,283791.85665925033,67349.46997205736,73.76616486315382,0.08940852819807436,0.0,0.0
Airport_DSG,Oahu,multiple,2026,2.4179367262723512,42857.38159423524,2809.5238508280595,8.0,283791.85665925033,67349.46997205736,162.94831206478966,0.034502521779000435,0.0,0.0
Airport_DSG,Oahu,multiple,2027,0.8514993122420895,15092.632720893456,1126.3060694800533,8.0,283791.85665925033,67349.46997205736,430.1048210924184,0.012150389729481867,0.0,0.0
Airport_DSG,Oahu,multiple,2028,3.759449793672628,66635.39729602027,4195.2268213700145,8.0,283791.85665925033,67349.46997205736,111.12709222250301,0.053645116918844556,0.0,0.0
Airport_DSG,Oahu,multiple,2029,0.37755158184319204,6692.016395113161,499.39986099587446,8.0,283791.85665925033,67349.46997205736,947.7733910675,0.005387436955524998,0.0,0.0
Airport_DSG,Oahu,multiple,2030,1.8636588720770295,33032.93199289894,1687.6019874332883,8.0,283791.85665925033,67349.46997205736,206.1397954208477,0.026593305823016965,0.0,0.0
Airport_DSG,Oahu,multiple,2031,0.0,0.0,0.0,8.0,283791.85665925033,67349.46997205736,0.0,0.0,0.0,0.0
Airport_DSG,Oahu,multiple,2032,0.0,0.0,0.0,8.0,283791.85665925033,67349.46997205736,0.0,0.0,0.0,0.0
Airport_DSG,Oahu,multiple,2033,0.0,0.0,0.0,8.0,283791.85665925033,67349.46997205736,0.0,0.0,0.0,0.0
Airport_DSG,Oahu,multiple,2034,1.6708665749656113,29615.732131564546,1812.0934586189812,8.0,283791.85665925033,67349.46997205736,227.87999022046913,0.02384227418615312,0.0,0.0
Airport_DSG,Oahu,multiple,2035,0.6346079779917473,11248.282876892315,839.4167876313621,8.0,283791.85665925033,67349.46997205736,571.0448372474018,0.009055479138010088,0.0,0.0
Airport_DSG,Oahu,multiple,2036,0.0,0.0,0.0,8.0,283791.85665925033,67349.46997205736,0.0,0.0,0.0,0.0
Airport_DSG,Oahu,multiple,2037,0.0,0.0,0.0,8.0,283791.85665925033,67349.46997205736,0.0,0.0,0.0,0.0
Airport_DSG,Oahu,multiple,2038,0.0,0.0,0.0,8.0,283791.85665925033,67349.46997205736,0.0,0.0,0.0,0.0
Airport_DSG,Oahu,multiple,2039,0.0,0.0,0.0,8.0,283791.85665925033,67349.46997205736,0.0,0.0,0.0,0.0
Airport_DSG,Oahu,multiple,2040,0.0,0.0,0.0,8.0,283791.85665925033,67349.46997205736,0.0,0.0,0.0,0.0
Airport_DSG,Oahu,multiple,2041,0.0,0.0,0.0,8.0,283791.85665925033,67349.46997205736,0.0,0.0,0.0,0.0
Airport_DSG,Oahu,multiple,2042,0.0,0.0,0.0,8.0,283791.85665925033,67349.46997205736,0.0,0.0,0.0,0.0
Airport_DSG,Oahu,multiple,2043,0.0,0.0,0.0,8.0,283791.85665925033,67349.46997205736,0.0,0.0,0.0,0.0
Airport_DSG,Oahu,multiple,2044,0.0,0.0,0.0,8.0,283791.85665925033,67349.46997205736,0.0,0.0,0.0,0.0
Airport_DSG,Oahu,multiple,2045,1.3495460797799175,23920.39902934061,0.0,8.0,283791.85665925033,67349.46997205736,277.9169465053116,0.019257221458046758,0.0,0.0
Battery_Bulk,Oahu,Battery,2020,0.0,0.0,0.0,0.0,0.0,0.0,0.0,0.0,0.0,0.0
Battery_Bulk,Oahu,Battery,2021,-3.934281765800601,0.0,0.0,139.5,10717882.57280828,4518001.048979339,430.2884385892257,0.028975414389457943,39.34281765800601,35.40853589220541
Battery_Bulk,Oahu,Battery,2022,-23.970440826997056,0.0,0.0,139.5,10717882.57280828,4518001.048979339,70.6234804021533,0.17653881887610137,239.70440826997057,215.73396744297352
Battery_Bulk,Oahu,Battery,2023,-24.202896864186002,0.0,0.0,139.5,10717882.57280828,4518001.048979339,69.94517918561303,0.17825082386349977,242.0289686418601,217.8260717776741
Battery_Bulk,Oahu,Battery,2024,-23.03339701178109,0.0,0.0,139.5,10717882.57280828,4518001.048979339,73.49658225013583,0.16963762713051322,230.33397011781096,207.30057310602984
Battery_Bulk,Oahu,Battery,2025,-25.279164785016434,0.0,0.0,139.5,10717882.57280828,4518001.048979339,66.96724248499736,0.18617738094724137,252.79164785016437,227.51248306514796
Battery_Bulk,Oahu,Battery,2026,-23.31090676274703,0.0,0.0,139.5,10717882.57280828,4518001.048979339,72.62162622870478,0.17168144618314207,233.10906762747032,209.79816086472334
Battery_Bulk,Oahu,Battery,2027,-22.547601794880237,0.0,0.0,139.5,10717882.57280828,4518001.048979339,75.08008937610359,0.16605981584092083,225.4760179488024,202.92841615392217
Battery_Bulk,Oahu,Battery,2028,-22.98753822504927,0.0,0.0,139.5,10717882.57280828,4518001.048979339,73.64320360897511,0.1692998838197766,229.8753822504927,206.88784402544346
Battery_Bulk,Oahu,Battery,2029,-23.52117087756814,0.0,0.0,139.5,10717882.57280828,4518001.048979339,71.97243567457255,0.1732300108820749,235.21170877568142,211.69053789811326
Battery_Bulk,Oahu,Battery,2030,-22.85861482373352,0.0,0.0,139.5,10717882.57280828,4518001.048979339,74.05855389884479,0.16835038167427838,228.58614823733527,205.72753341360175
Battery_Bulk,Oahu,Battery,2031,-22.299881251648713,0.0,0.0,139.5,10717882.57280828,4518001.048979339,75.91412433423795,0.16423538998121004,222.99881251648708,200.6989312648384
Battery_Bulk,Oahu,Battery,2032,-23.154895900344094,0.0,0.0,139.5,10717882.57280828,4518001.048979339,73.11092933703256,0.17053244881679253,231.54895900344093,208.39406310309687
Battery_Bulk,Oahu,Battery,2033,-22.629228532816217,0.0,0.0,139.5,10717882.57280828,4518001.048979339,74.80926517320042,0.16666098492278844,226.29228532816222,203.66305679534602
Battery_Bulk,Oahu,Battery,2034,-22.190740286182482,0.0,0.0,139.5,10717882.57280828,4518001.048979339,76.28749361870119,0.16343158260555665,221.90740286182495,199.71666257564243
Battery_Bulk,Oahu,Battery,2035,-21.970298181138578,0.0,0.0,139.5,10717882.57280828,4518001.048979339,77.05293501340506,0.1618080584853334,219.70298181138574,197.73268363024718
Battery_Bulk,Oahu,Battery,2036,-37.47151002652407,0.0,0.0,169.26049150359188,7984873.385946893,3365932.224822171,33.65758739175571,0.2274489835022283,374.71510026524084,337.2435902387168
Battery_Bulk,Oahu,Battery,2037,-51.74685000574951,0.0,0.0,199.02098300718373,9369853.941637987,3949754.9678799734,28.59993497841048,0.2671304860442591,517.468500057495,465.7216500517455
Battery_Bulk,Oahu,Battery,2038,-63.172489267577056,0.0,0.0,228.7814745107756,10735862.160949752,4525580.139115068,26.84263087901824,0.2836909873799186,631.7248926757709,568.5524034081939
Battery_Bulk,Oahu,Battery,2039,-75.47133176246518,0.0,0.0,258.54196601436746,12082898.043882184,5093407.738527452,25.287461817612936,0.29990891102636635,754.713317624652,679.2419858621868
Battery_Bulk,Oahu,Battery,2040,-88.3893182634358,0.0,0.0,288.30245751795934,13410961.590435287,5653237.766117128,23.964936200062613,0.31498497863370173,883.893182634358,795.5038643709223
Battery_Bulk,Oahu,Battery,2041,-96.82997648480003,0.0,0.0,365.7034205946778,16815640.589452755,7088441.332167057,27.429616311216687,0.2720315068180267,968.299764848001,871.469788363201
Battery_Bulk,Oahu,Battery,2042,-104.09186239462983,0.0,0.0,443.1043836713964,20170976.414571423,8502844.84653511,30.60738915444091,0.24135101836493408,1040.9186239462983,936.8267615516684
Battery_Bulk,Oahu,Battery,2043,-107.70039652202311,0.0,0.0,520.505346748115,23476969.065791287,9896448.309221275,34.430304862937504,0.21258396865362772,1077.0039652202304,969.3035686982073
Battery_Bulk,Oahu,Battery,2044,-106.87035945243645,0.0,0.0,597.9063098248336,26733618.54311234,11269251.720225561,39.510872444011525,0.18363799261140937,1068.7035945243645,961.8332350719281
Battery_Bulk,Oahu,Battery,2045,-144.86392782886023,0.0,0.0,675.3072729015521,29940924.84653459,12621255.07954796,32.64533258055091,0.22039271385959808,1448.6392782886012,1303.7753504597408
Battery_Conting,Oahu,Battery,2020,0.0,0.0,0.0,26.888482331235352,2504967.292617924,915996.4628031906,0.0,0.0,0.0,0.0
Battery_Conting,Oahu,Battery,2021,0.0,0.0,0.0,26.888482331235352,2504967.292617924,915996.4628031906,0.0,0.0,0.0,0.0
Battery_Conting,Oahu,Battery,2022,0.0,0.0,0.0,45.6594981396905,4081283.931689503,1492411.3604757134,0.0,0.0,0.0,0.0
Battery_Conting,Oahu,Battery,2023,0.0,0.0,0.0,45.6594981396905,4081283.931689503,1492411.3604757134,0.0,0.0,0.0,0.0
Battery_Conting,Oahu,Battery,2024,0.0,0.0,0.0,45.6594981396905,4081283.931689503,1492411.3604757134,0.0,0.0,0.0,0.0
Battery_Conting,Oahu,Battery,2025,0.0,0.0,0.0,45.6594981396905,4081283.931689503,1492411.3604757134,0.0,0.0,0.0,0.0
Battery_Conting,Oahu,Battery,2026,0.0,0.0,0.0,45.6594981396905,4081283.931689503,1492411.3604757134,0.0,0.0,0.0,0.0
Battery_Conting,Oahu,Battery,2027,0.0,0.0,0.0,45.6594981396905,4081283.931689503,1492411.3604757134,0.0,0.0,0.0,0.0
Battery_Conting,Oahu,Battery,2028,0.0,0.0,0.0,45.6594981396905,4081283.931689503,1492411.3604757134,0.0,0.0,0.0,0.0
Battery_Conting,Oahu,Battery,2029,0.0,0.0,0.0,45.6594981396905,4081283.931689503,1492411.3604757134,0.0,0.0,0.0,0.0
Battery_Conting,Oahu,Battery,2030,0.0,0.0,0.0,68.31803760508686,5413418.8492434295,1979535.833538498,0.0,0.0,0.0,0.0
Battery_Conting,Oahu,Battery,2031,0.0,0.0,0.0,68.31803760508686,5413418.8492434295,1979535.833538498,0.0,0.0,0.0,0.0
Battery_Conting,Oahu,Battery,2032,0.0,0.0,0.0,68.31803760508686,5413418.8492434295,1979535.833538498,0.0,0.0,0.0,0.0
Battery_Conting,Oahu,Battery,2033,0.0,0.0,0.0,68.31803760508686,5413418.8492434295,1979535.833538498,0.0,0.0,0.0,0.0
Battery_Conting,Oahu,Battery,2034,-0.09780245314215052,0.0,0.0,68.31803760508686,5413418.8492434295,1979535.833538498,8398.96528979774,0.0014707971119890192,0.978024531421505,0.8802220782793545
Battery_Conting,Oahu,Battery,2035,0.0,0.0,0.0,41.429555273851506,2908451.556625505,1063539.3707353075,0.0,0.0,0.0,0.0
Battery_Conting,Oahu,Battery,2036,0.0,0.0,0.0,41.429555273851506,2908451.556625505,1063539.3707353075,0.0,0.0,0.0,0.0
Battery_Conting,Oahu,Battery,2037,0.0,0.0,0.0,22.658539465396363,1332134.9175539261,487124.4730627847,0.0,0.0,0.0,0.0
Battery_Conting,Oahu,Battery,2038,0.0,0.0,0.0,22.658539465396363,1332134.9175539261,487124.4730627847,0.0,0.0,0.0,0.0
Battery_Conting,Oahu,Battery,2039,0.0,0.0,0.0,22.658539465396363,1332134.9175539261,487124.4730627847,0.0,0.0,0.0,0.0
Battery_Conting,Oahu,Battery,2040,0.0,0.0,0.0,22.658539465396363,1332134.9175539261,487124.4730627847,0.0,0.0,0.0,0.0
Battery_Conting,Oahu,Battery,2041,0.0,0.0,0.0,22.658539465396363,1332134.9175539261,487124.4730627847,0.0,0.0,0.0,0.0
Battery_Conting,Oahu,Battery,2042,0.0,0.0,0.0,22.658539465396363,1332134.9175539261,487124.4730627847,0.0,0.0,0.0,0.0
Battery_Conting,Oahu,Battery,2043,0.0,0.0,0.0,22.658539465396363,1332134.9175539261,487124.4730627847,0.0,0.0,0.0,0.0
Battery_Conting,Oahu,Battery,2044,0.0,0.0,0.0,22.658539465396363,1332134.9175539261,487124.4730627847,0.0,0.0,0.0,0.0
Battery_Conting,Oahu,Battery,2045,0.0,0.0,0.0,0.0,0.0,0.0,0.0,0.0,0.0,0.0
Battery_Reg,Oahu,Battery,2020,0.0,0.0,0.0,0.0,0.0,0.0,0.0,0.0,0.0,0.0
Battery_Reg,Oahu,Battery,2021,0.0,0.0,0.0,0.0,0.0,0.0,0.0,0.0,0.0,0.0
Battery_Reg,Oahu,Battery,2022,0.0,0.0,0.0,0.0,0.0,0.0,0.0,0.0,0.0,0.0
Battery_Reg,Oahu,Battery,2023,0.0,0.0,0.0,0.0,0.0,0.0,0.0,0.0,0.0,0.0
Battery_Reg,Oahu,Battery,2024,0.0,0.0,0.0,0.0,0.0,0.0,0.0,0.0,0.0,0.0
Battery_Reg,Oahu,Battery,2025,0.0,0.0,0.0,0.0,0.0,0.0,0.0,0.0,0.0,0.0
Battery_Reg,Oahu,Battery,2026,0.0,0.0,0.0,0.0,0.0,0.0,0.0,0.0,0.0,0.0
Battery_Reg,Oahu,Battery,2027,0.0,0.0,0.0,0.0,0.0,0.0,0.0,0.0,0.0,0.0
Battery_Reg,Oahu,Battery,2028,0.0,0.0,0.0,0.0,0.0,0.0,0.0,0.0,0.0,0.0
Battery_Reg,Oahu,Battery,2029,0.0,0.0,0.0,0.0,0.0,0.0,0.0,0.0,0.0,0.0
Battery_Reg,Oahu,Battery,2030,0.0,0.0,0.0,0.0,0.0,0.0,0.0,0.0,0.0,0.0
Battery_Reg,Oahu,Battery,2031,0.0,0.0,0.0,0.0,0.0,0.0,0.0,0.0,0.0,0.0
Battery_Reg,Oahu,Battery,2032,0.0,0.0,0.0,0.0,0.0,0.0,0.0,0.0,0.0,0.0
Battery_Reg,Oahu,Battery,2033,0.0,0.0,0.0,0.0,0.0,0.0,0.0,0.0,0.0,0.0
Battery_Reg,Oahu,Battery,2034,0.0,0.0,0.0,0.0,0.0,0.0,0.0,0.0,0.0,0.0
Battery_Reg,Oahu,Battery,2035,0.0,0.0,0.0,0.0,0.0,0.0,0.0,0.0,0.0,0.0
Battery_Reg,Oahu,Battery,2036,0.0,0.0,0.0,0.0,0.0,0.0,0.0,0.0,0.0,0.0
Battery_Reg,Oahu,Battery,2037,0.0,0.0,0.0,0.0,0.0,0.0,0.0,0.0,0.0,0.0
Battery_Reg,Oahu,Battery,2038,0.0,0.0,0.0,0.0,0.0,0.0,0.0,0.0,0.0,0.0
Battery_Reg,Oahu,Battery,2039,0.0,0.0,0.0,0.0,0.0,0.0,0.0,0.0,0.0,0.0
Battery_Reg,Oahu,Battery,2040,0.0,0.0,0.0,0.0,0.0,0.0,0.0,0.0,0.0,0.0
Battery_Reg,Oahu,Battery,2041,0.0,0.0,0.0,0.0,0.0,0.0,0.0,0.0,0.0,0.0
Battery_Reg,Oahu,Battery,2042,0.0,0.0,0.0,0.0,0.0,0.0,0.0,0.0,0.0,0.0
Battery_Reg,Oahu,Battery,2043,0.0,0.0,0.0,0.0,0.0,0.0,0.0,0.0,0.0,0.0
Battery_Reg,Oahu,Battery,2044,0.0,0.0,0.0,0.0,0.0,0.0,0.0,0.0,0.0,0.0
Battery_Reg,Oahu,Battery,2045,0.0,0.0,0.0,0.0,0.0,0.0,0.0,0.0,0.0,0.0
CC_152,Oahu,multiple,2020,0.0,0.0,0.0,0.0,0.0,0.0,0.0,0.0,0.0,0.0
CC_152,Oahu,multiple,2021,0.0,0.0,0.0,0.0,0.0,0.0,0.0,0.0,0.0,0.0
CC_152,Oahu,multiple,2022,0.0,0.0,0.0,0.0,0.0,0.0,0.0,0.0,0.0,0.0
CC_152,Oahu,multiple,2023,0.0,0.0,0.0,0.0,0.0,0.0,0.0,0.0,0.0,0.0
CC_152,Oahu,multiple,2024,0.0,0.0,0.0,0.0,0.0,0.0,0.0,0.0,0.0,0.0
CC_152,Oahu,multiple,2025,0.0,0.0,0.0,0.0,0.0,0.0,0.0,0.0,0.0,0.0
CC_152,Oahu,multiple,2026,0.0,0.0,0.0,0.0,0.0,0.0,0.0,0.0,0.0,0.0
CC_152,Oahu,multiple,2027,0.0,0.0,0.0,0.0,0.0,0.0,0.0,0.0,0.0,0.0
CC_152,Oahu,multiple,2028,0.0,0.0,0.0,0.0,0.0,0.0,0.0,0.0,0.0,0.0
CC_152,Oahu,multiple,2029,0.0,0.0,0.0,0.0,0.0,0.0,0.0,0.0,0.0,0.0
CC_152,Oahu,multiple,2030,0.0,0.0,0.0,0.0,0.0,0.0,0.0,0.0,0.0,0.0
CC_152,Oahu,multiple,2031,0.0,0.0,0.0,0.0,0.0,0.0,0.0,0.0,0.0,0.0
CC_152,Oahu,multiple,2032,0.0,0.0,0.0,0.0,0.0,0.0,0.0,0.0,0.0,0.0
CC_152,Oahu,multiple,2033,0.0,0.0,0.0,0.0,0.0,0.0,0.0,0.0,0.0,0.0
CC_152,Oahu,multiple,2034,0.0,0.0,0.0,0.0,0.0,0.0,0.0,0.0,0.0,0.0
CC_152,Oahu,multiple,2035,0.0,0.0,0.0,0.0,0.0,0.0,0.0,0.0,0.0,0.0
CC_152,Oahu,multiple,2036,0.0,0.0,0.0,0.0,0.0,0.0,0.0,0.0,0.0,0.0
CC_152,Oahu,multiple,2037,0.0,0.0,0.0,0.0,0.0,0.0,0.0,0.0,0.0,0.0
CC_152,Oahu,multiple,2038,0.0,0.0,0.0,0.0,0.0,0.0,0.0,0.0,0.0,0.0
CC_152,Oahu,multiple,2039,0.0,0.0,0.0,0.0,0.0,0.0,0.0,0.0,0.0,0.0
CC_152,Oahu,multiple,2040,0.0,0.0,0.0,0.0,0.0,0.0,0.0,0.0,0.0,0.0
CC_152,Oahu,multiple,2041,0.0,0.0,0.0,0.0,0.0,0.0,0.0,0.0,0.0,0.0
CC_152,Oahu,multiple,2042,0.0,0.0,0.0,0.0,0.0,0.0,0.0,0.0,0.0,0.0
CC_152,Oahu,multiple,2043,0.0,0.0,0.0,0.0,0.0,0.0,0.0,0.0,0.0,0.0
CC_152,Oahu,multiple,2044,0.0,0.0,0.0,0.0,0.0,0.0,0.0,0.0,0.0,0.0
CC_152,Oahu,multiple,2045,0.0,0.0,0.0,0.0,0.0,0.0,0.0,0.0,0.0,0.0
CIP_CT,Oahu,multiple,2020,15.679436038514444,69332.57290992737,19754.675779092162,113.0,4008559.9753119107,1694967.0099513936,368.18030597484324,0.01583973414809314,0.0,0.0
CIP_CT,Oahu,multiple,2021,14.73053645116919,65136.65351192022,18222.003465749658,113.0,4008559.9753119107,1694967.0099513936,391.612597266772,0.014881133522416034,0.0,0.0
CIP_CT,Oahu,multiple,2022,72.66168817326002,321301.21138644393,73950.56766580466,113.0,4008559.9753119107,1694967.0099513936,82.9161604707517,0.0734045421397139,0.0,0.0
CIP_CT,Oahu,multiple,2023,70.44478723669808,311498.3431301677,72089.93445885705,113.0,4008559.9753119107,1694967.0099513936,85.38637938081466,0.07116497680193361,0.0,0.0
CIP_CT,Oahu,multiple,2024,50.874024764964034,224958.79460040247,49622.245637328895,113.0,4008559.9753119107,1694967.0099513936,116.53266686198067,0.05139413339492061,0.0,0.0
CIP_CT,Oahu,multiple,2025,45.794916733319326,202499.59217396312,49263.97447667373,113.0,4008559.9753119107,1694967.0099513936,128.96685917850309,0.046263099298217265,0.0,0.0
CIP_CT,Oahu,multiple,2026,48.703599970194986,215361.43823125743,48989.394132343354,113.0,4008559.9753119107,1694967.0099513936,121.52876639748867,0.04920151934597624,0.0,0.0
CIP_CT,Oahu,multiple,2027,60.34477001808764,266837.2865410956,64389.679119684326,113.0,4008559.9753119107,1694967.0099513936,98.93755946066004,0.06096170244684973,0.0,0.0
CIP_CT,Oahu,multiple,2028,38.2499232649346,169136.54209571093,39438.59839141244,113.0,4008559.9753119107,1694967.0099513936,153.53399500131144,0.03864096988012141,0.0,0.0
CIP_CT,Oahu,multiple,2029,43.68917857989746,193188.27232210635,42697.25159040955,113.0,4008559.9753119107,1694967.0099513936,134.96969843005118,0.04413583321200291,0.0,0.0
CIP_CT,Oahu,multiple,2030,13.743329344712045,60771.342889936706,15974.726212224567,113.0,4008559.9753119107,1694967.0099513936,419.4251759215203,0.01388383374218293,0.0,0.0
CIP_CT,Oahu,multiple,2031,13.548945267503377,59911.79997190738,14532.004612536115,113.0,4008559.9753119107,1694967.0099513936,425.3791473391363,0.013687462386858378,0.0,0.0
CIP_CT,Oahu,multiple,2032,12.069571605932595,53370.18827108243,14617.573772372234,113.0,4008559.9753119107,1694967.0099513936,476.9760983649727,0.012192964405718461,0.0,0.0
CIP_CT,Oahu,multiple,2033,5.331911966987617,23577.07090308767,6739.761851444287,113.0,4008559.9753119107,1694967.0099513936,1074.1182696986739,0.005386422563328499,0.0,0.0
CIP_CT,Oahu,multiple,2034,9.495776311328555,41989.17625763824,11550.360938608848,113.0,4008559.9753119107,1694967.0099513936,605.0601839331963,0.009592856014192174,0.0,0.0
CIP_CT,Oahu,multiple,2035,6.325997248968363,27972.795986714213,7996.327620357635,113.0,4008559.9753119107,1694967.0099513936,906.0231226285634,0.006390670837847376,0.0,0.0
CIP_CT,Oahu,multiple,2036,15.536138159943963,68698.92699374637,16111.361366168534,113.0,4008559.9753119107,1694967.0099513936,371.53543904104106,0.01569497126918814,0.0,0.0
CIP_CT,Oahu,multiple,2037,8.223796423658872,36364.63478272846,10395.225906464922,113.0,4008559.9753119107,1694967.0099513936,697.9612972340921,0.00830787208920159,0.0,0.0
CIP_CT,Oahu,multiple,2038,18.267070151306733,80774.77850639756,18064.340715197795,113.0,4008559.9753119107,1694967.0099513936,316.65186129237713,0.018453822838431656,0.0,0.0
CIP_CT,Oahu,multiple,2039,6.706805041644264,29656.682064345856,7636.532038803864,113.0,4008559.9753119107,1694967.0099513936,854.8308220872458,0.006775371804303816,0.0,0.0
CIP_CT,Oahu,multiple,2040,4.451220286107268,19682.75863153556,4866.047191328583,113.0,4008559.9753119107,1694967.0099513936,1285.7619654901348,0.00449672716501724,0.0,0.0
CIP_CT,Oahu,multiple,2041,0.0,0.0,0.0,113.0,4008559.9753119107,1694967.0099513936,0.0,0.0,0.0,0.0
CIP_CT,Oahu,multiple,2042,0.0,0.0,0.0,113.0,4008559.9753119107,1694967.0099513936,0.0,0.0,0.0,0.0
CIP_CT,Oahu,multiple,2043,0.0,0.0,0.0,113.0,4008559.9753119107,1694967.0099513936,0.0,0.0,0.0,0.0
CIP_CT,Oahu,multiple,2044,0.0,0.0,0.0,113.0,4008559.9753119107,1694967.0099513936,0.0,0.0,0.0,0.0
CIP_CT,Oahu,multiple,2045,19.062338376891336,84291.35857329881,0.0,113.0,4008559.9753119107,1694967.0099513936,303.6258317003223,0.01925722145804676,0.0,0.0
CentralTrackingPV,Oahu,SUN,2020,396.55944651186076,0.0,0.0,174.4425,30999603.605550215,2740744.809290321,85.08269998765844,0.25950868170954045,0.0,0.0
CentralTrackingPV,Oahu,SUN,2021,732.3421837743812,0.0,0.0,315.19,49913788.19261896,4604787.224080722,74.44412820209148,0.26523908090458914,0.0,0.0
CentralTrackingPV,Oahu,SUN,2022,2391.4852809563836,0.0,0.0,1025.1900000000003,144267364.8152504,13817063.124880724,66.10303195213949,0.2662926899881018,0.0,0.0
CentralTrackingPV,Oahu,SUN,2023,2391.4852809563836,0.0,0.0,1025.1900000000003,144267364.8152504,13817063.124880724,66.10303195213949,0.2662926899881018,0.0,0.0
CentralTrackingPV,Oahu,SUN,2024,2391.4852809563836,0.0,0.0,1025.1900000000003,144267364.8152504,13817063.124880724,66.10303195213949,0.2662926899881018,0.0,0.0
CentralTrackingPV,Oahu,SUN,2025,2391.4852809563836,0.0,0.0,1025.1900000000003,144267364.8152504,13817063.124880724,66.10303195213949,0.2662926899881018,0.0,0.0
CentralTrackingPV,Oahu,SUN,2026,2381.437212335552,0.0,0.0,1025.1900000000003,144267364.8152504,13817063.124880724,66.3819424342885,0.26517383416927937,0.0,0.0
CentralTrackingPV,Oahu,SUN,2027,2370.908063160538,0.0,0.0,1025.1900000000003,144267364.8152504,13817063.124880724,66.67674314178034,0.2640014098690222,0.0,0.0
CentralTrackingPV,Oahu,SUN,2028,2367.608829680346,0.0,0.0,1025.1900000000003,144267364.8152504,13817063.124880724,66.76965635470886,0.2636340391118885,0.0,0.0
CentralTrackingPV,Oahu,SUN,2029,2324.683038797482,0.0,0.0,1025.1900000000003,144267364.8152504,13817063.124880724,68.00257295373285,0.2588542378665748,0.0,0.0
CentralTrackingPV,Oahu,SUN,2030,2303.0489194852803,0.0,0.0,1025.1900000000003,144267364.8152504,13817063.124880724,68.64136779841489,0.2564452714083469,0.0,0.0
CentralTrackingPV,Oahu,SUN,2031,2285.536662819905,0.0,0.0,1025.1900000000003,144267364.8152504,13817063.124880724,69.16731221676659,0.2544952757415034,0.0,0.0
CentralTrackingPV,Oahu,SUN,2032,2282.6959546914695,0.0,0.0,1025.1900000000003,144267364.8152504,13817063.124880724,69.2533876950327,0.25417896193643175,0.0,0.0
CentralTrackingPV,Oahu,SUN,2033,2279.8506647308595,0.0,0.0,1025.1900000000003,144267364.8152504,13817063.124880724,69.33981702647762,0.25386213794280715,0.0,0.0
CentralTrackingPV,Oahu,SUN,2034,2256.691409048818,0.0,0.0,1025.1900000000003,144267364.8152504,13817063.124880724,70.05141567262967,0.25128334703708743,0.0,0.0
CentralTrackingPV,Oahu,SUN,2035,2191.92021878498,0.0,0.0,1025.1900000000003,144267364.8152504,13817063.124880724,72.12143333745973,0.24407105322686137,0.0,0.0
CentralTrackingPV,Oahu,SUN,2036,2238.467442548806,0.0,0.0,1025.1900000000003,144267364.8152504,13817063.124880724,70.62172311969391,0.2492541022408993,0.0,0.0
CentralTrackingPV,Oahu,SUN,2037,2287.3476447057037,0.0,0.0,1025.1900000000003,144267364.8152504,13817063.124880724,69.11254977179941,0.25469692918329095,0.0,0.0
CentralTrackingPV,Oahu,SUN,2038,2318.3232153350223,0.0,0.0,1025.1900000000003,144267364.8152504,13817063.124880724,68.1891234554567,0.2581460693860268,0.0,0.0
CentralTrackingPV,Oahu,SUN,2039,2348.0167212872434,0.0,0.0,1025.1900000000003,144267364.8152504,13817063.124880724,67.3267896718662,0.2614524512559719,0.0,0.0
CentralTrackingPV,Oahu,SUN,2040,2374.9245708774947,0.0,0.0,1025.1900000000003,144267364.8152504,13817063.124880724,66.56397844320655,0.26444864935354817,0.0,0.0
CentralTrackingPV,Oahu,SUN,2041,2896.6112349268305,0.0,0.0,1367.0781075282755,177359986.17555854,17071918.350721262,67.12392128493254,0.2418759990095706,0.0,0.0
CentralTrackingPV,Oahu,SUN,2042,3300.481007589915,0.0,0.0,1708.9662150565505,208601225.5563579,20216725.201736774,69.32866761902159,0.2204650009987959,0.0,0.0
CentralTrackingPV,Oahu,SUN,2043,3624.288708026599,0.0,0.0,2050.8543225848252,241252219.7945309,23400436.051056203,73.02195745594692,0.20173621457072397,0.0,0.0
CentralTrackingPV,Oahu,SUN,2044,3972.940336327052,0.0,0.0,2392.7424301131005,273600318.55483717,26548574.712115083,75.54830122227239,0.18954484868744562,0.0,0.0
CentralTrackingPV,Oahu,SUN,2045,4554.272560661632,0.0,0.0,2734.630537641376,305521997.9221147,29661141.184913408,73.5975141238217,0.19011494268539086,0.0,0.0
DistBattery,Oahu,Battery,2020,-2.516461617792559,0.0,0.0,31.941,2581301.1952438713,1088118.0521077218,162.01846546079202,0.08094316933423135,25.164616177925595,22.648154560133037
DistBattery,Oahu,Battery,2021,-1.7934776642378727,0.0,0.0,44.909,3577641.705668085,1508114.0205891847,315.0772272507056,0.041029950312867214,17.93477664237873,16.141298978140856
DistBattery,Oahu,Battery,2022,-9.530536180326836,0.0,0.0,54.602,4283745.10321992,1805763.8473302121,70.99412801279327,0.17932762097743235,95.30536180326837,85.77482562294152
DistBattery,Oahu,Battery,2023,-9.863227005139084,0.0,0.0,57.73699999999999,4499629.88579769,1896767.613001203,72.0566233373288,0.1755105461409522,98.63227005139086,88.7690430462518
DistBattery,Oahu,Battery,2024,-10.418650524844729,0.0,0.0,61.46899999999999,4741757.584639916,1998833.7804484456,71.88595052064963,0.1741380696770318,104.18650524844736,93.76785472360264
DistBattery,Oahu,Battery,2025,-10.757546837812399,0.0,0.0,66.011,5018341.946457028,2115424.760834003,73.68229552749467,0.16743079408640066,107.57546837812401,96.8179215403116
DistBattery,Oahu,Battery,2026,-12.061246417759616,0.0,0.0,71.335,5332010.113577613,2247647.9960164446,69.82563868020002,0.17371124307977137,120.61246417759617,108.55121775983653
DistBattery,Oahu,Battery,2027,-12.899417546564,0.0,0.0,77.44999999999999,5680179.431885664,2394414.7976353616,69.55175560251757,0.1711146061519674,128.99417546564013,116.09475791907614
DistBattery,Oahu,Battery,2028,-13.654082222222236,0.0,0.0,84.16899999999998,6049442.052749376,2550073.24015681,69.979196233102,0.16666666666666666,136.54082222222223,122.88674
DistBattery,Oahu,Battery,2029,-14.760342166021887,0.0,0.0,91.48499999999999,6437036.54474722,2713459.2736880616,68.8819910926185,0.16576198395449818,147.60342166021874,132.8430794941969
DistBattery,Oahu,Battery,2030,-16.029166129890697,0.0,0.0,99.398,6840600.034957776,2883576.85612238,67.40613268672098,0.1656806109411261,160.29166129890697,144.26249516901626
DistBattery,Oahu,Battery,2031,-17.39118207888116,0.0,0.0,107.75299999999999,7261379.233580336,3060951.5239125025,65.9486879338804,0.16582046737230802,173.91182078881155,156.52063870993038
DistBattery,Oahu,Battery,2032,-19.99788357863513,0.0,0.0,116.47599999999998,7695130.93546066,3243794.6023638095,60.77824016176913,0.17639488649994503,199.9788357863513,179.9809522077162
DistBattery,Oahu,Battery,2033,-20.512882399188427,0.0,0.0,125.48199999999999,8137213.497460521,3430149.4597978843,62.656360320056244,0.1679514127703445,205.1288239918842,184.61594159269578
DistBattery,Oahu,Battery,2034,-20.82737023664319,0.0,0.0,134.797,8588525.795671787,3620395.0071701687,65.13288717961386,0.15874228001987348,208.27370236643188,187.44633212978871
DistBattery,Oahu,Battery,2035,-23.06615856611633,0.0,0.0,144.28700000000003,7988146.694163721,3367312.0505346395,54.69994644679379,0.1642428501242173,230.66158566116343,207.5954270950471
DistBattery,Oahu,Battery,2036,-23.837383523698314,0.0,0.0,153.843,8054377.174449712,3395230.753447627,53.36905610427016,0.1591912698292907,238.3738352369831,214.53645171328478
DistBattery,Oahu,Battery,2037,-24.425758331572435,0.0,0.0,163.531,8250218.159994153,3477785.285288434,53.34988892590084,0.1534568808970268,244.25758331572453,219.8318249841521
DistBattery,Oahu,Battery,2038,-27.42109659990735,0.0,0.0,173.30800000000002,8626994.897325244,3636611.2178295907,49.69250214772498,0.16255660165977767,274.21096599907355,246.7898693991662
DistBattery,Oahu,Battery,2039,-27.008172739875647,0.0,0.0,183.13500000000002,8998582.181465624,3793249.595618211,52.62535365081305,0.15151731060668036,270.0817273987564,243.07355465888074
DistBattery,Oahu,Battery,2040,-28.011865192882137,0.0,0.0,193.00900000000004,9365312.601086142,3947840.6176118385,52.80759550770207,0.14910866101752213,280.1186519288212,252.10678673593907
DistBattery,Oahu,Battery,2041,-30.91372285267923,0.0,0.0,202.94799999999998,9723026.461996602,4098630.812209432,49.67825145009682,0.15649661077572352,309.1372285267924,278.2235056741132
DistBattery,Oahu,Battery,2042,-33.86462290289171,0.0,0.0,213.04600000000005,10077691.547424955,4248135.830305726,47.00358253183766,0.16330942984445693,338.64622902891733,304.7816061260256
DistBattery,Oahu,Battery,2043,-29.781167712314495,0.0,0.0,223.28400000000008,10432705.668843763,4397787.980539388,55.33136388832267,0.13703216583092193,297.81167712314493,268.0305094108304
DistBattery,Oahu,Battery,2044,-32.308113995790286,0.0,0.0,233.654,10789250.530755647,4548085.396953797,52.746763139259976,0.14206162874975012,323.08113995790285,290.77302596211257
DistBattery,Oahu,Battery,2045,-26.69611844279849,0.0,0.0,244.13199999999995,11147765.028744968,4699213.09097234,65.95623069353894,0.112347086609214,266.9611844279849,240.26506598518637
FlatDistPV,Oahu,SUN,2020,512.950729063597,0.0,0.0,298.59999999999974,83631694.32104056,2010393.9882928163,166.95967752239073,0.19610187307266375,0.0,0.0
FlatDistPV,Oahu,SUN,2021,564.1360785365871,0.0,0.0,328.1099999999995,89528278.93107992,2504633.245184958,163.13956096374022,0.1962728832506012,0.0,0.0
FlatDistPV,Oahu,SUN,2022,603.743582949184,0.0,0.0,350.94499999999954,93985652.88620202,2878240.907410162,160.43879641825532,0.19638547446655433,0.0,0.0
FlatDistPV,Oahu,SUN,2023,636.9906442402134,0.0,0.0,370.11299999999954,97638727.31807014,3184433.883850151,158.28044275623492,0.19646925930205358,0.0,0.0
FlatDistPV,Oahu,SUN,2024,677.0352448258769,0.0,0.0,393.19999999999953,101932093.19219209,3544294.7354318174,155.79157619002657,0.19655932961541336,0.0,0.0
FlatDistPV,Oahu,SUN,2025,719.221963561291,0.0,0.0,417.52199999999954,106342823.92743985,3913992.8615688765,153.30012482247113,0.1966434436433524,0.0,0.0
FlatDistPV,Oahu,SUN,2026,764.1249228007615,0.0,0.0,443.40999999999957,110918012.50232677,4297475.496167829,150.7809581399244,0.19672283544764535,0.0,0.0
FlatDistPV,Oahu,SUN,2027,811.3729376989065,0.0,0.0,470.6499999999996,115606365.45481877,4690443.329673105,148.2632747471952,0.19679694353017735,0.0,0.0
FlatDistPV,Oahu,SUN,2028,859.7206103406434,0.0,0.0,499.0369999999995,120361061.07634783,5088971.865451572,145.91953645509656,0.19666201541169298,0.0,0.0
FlatDistPV,Oahu,SUN,2029,910.808755305664,0.0,0.0,528.7299999999996,125197404.96866597,5494343.98668672,143.48978113576985,0.19664782063405326,0.0,0.0
FlatDistPV,Oahu,SUN,2030,963.3231332244552,0.0,0.0,559.2519999999996,130027846.31370577,5899221.368886719,141.10225634010737,0.1966347803918537,0.0,0.0
FlatDistPV,Oahu,SUN,2031,989.3213853394041,0.0,0.0,590.5719999999997,134937929.9114635,6310774.196349307,142.77332543393362,0.1912319432738571,0.0,0.0
FlatDistPV,Oahu,SUN,2032,1036.433187139619,0.0,0.0,622.8059999999997,139943291.2949598,6730313.006399437,141.51766473838384,0.1899697349886849,0.0,0.0
FlatDistPV,Oahu,SUN,2033,1069.3928443624834,0.0,0.0,655.2259999999997,144929246.72665155,7148225.250592642,142.20917297039227,0.18631252227045095,0.0,0.0
FlatDistPV,Oahu,SUN,2034,1107.140195576899,0.0,0.0,688.2059999999997,149952203.4914311,7569238.868306068,142.2777738438602,0.18364540134057022,0.0,0.0
FlatDistPV,Oahu,SUN,2035,1171.2517717903993,0.0,0.0,700.5313019178625,151811027.28952074,7725041.549589926,136.20988474172435,0.1908616214474285,0.0,0.0
FlatDistPV,Oahu,SUN,2036,1171.2142997875094,0.0,0.0,700.5313019178625,151811027.28952074,7725041.549589926,136.21424266084773,0.19085551518795238,0.0,0.0
FlatDistPV,Oahu,SUN,2037,1154.819879195225,0.0,0.0,700.5313019178625,151811027.28952074,7725041.549589926,138.14801053675032,0.18818395833544801,0.0,0.0
FlatDistPV,Oahu,SUN,2038,1166.3611383678815,0.0,0.0,700.5313019178625,151811027.28952074,7725041.549589926,136.7810222675573,0.190064667071428,0.0,0.0
FlatDistPV,Oahu,SUN,2039,1167.1107074661654,0.0,0.0,700.5313019178625,151811027.28952074,7725041.549589926,136.69317556469733,0.19018681328877518,0.0,0.0
FlatDistPV,Oahu,SUN,2040,1174.946109166531,0.0,0.0,700.5313019178625,151811027.28952074,7725041.549589926,135.78160529616156,0.19146363310603587,0.0,0.0
FlatDistPV,Oahu,SUN,2041,1108.3428329729877,0.0,0.0,700.5313019178625,151811027.28952074,7725041.549589926,143.94108401565208,0.18061027980132432,0.0,0.0
FlatDistPV,Oahu,SUN,2042,996.2594955154409,0.0,0.0,700.5313019178625,151811027.28952074,7725041.549589926,160.13505472946133,0.16234571189233765,0.0,0.0
FlatDistPV,Oahu,SUN,2043,933.3845805590759,0.0,0.0,700.5313019178625,151811027.28952074,7725041.549589926,170.92211738011815,0.15209991461290479,0.0,0.0
FlatDistPV,Oahu,SUN,2044,907.2031445406101,0.0,0.0,700.5313019178625,151811027.28952074,7725041.549589926,175.85484552073132,0.14783351224694047,0.0,0.0
FlatDistPV,Oahu,SUN,2045,792.1348649015385,0.0,0.0,700.5313019178625,151811027.28952074,7725041.549589926,201.40013513852955,0.12908253234830808,0.0,0.0
H-Power,Oahu,MSW,2020,374.9280000000003,58778202.422453165,0.0,73.0,12417915.583805632,5952591.53247224,205.7693998280496,0.586301369863014,0.0,0.0
H-Power,Oahu,MSW,2021,374.9280000000003,58778202.422453165,0.0,73.0,12417915.583805632,5952591.53247224,205.7693998280496,0.586301369863014,0.0,0.0
H-Power,Oahu,MSW,2022,374.9280000000003,58778202.422453165,0.0,73.0,12417915.583805632,5952591.53247224,205.7693998280496,0.586301369863014,0.0,0.0
H-Power,Oahu,MSW,2023,374.9280000000003,58778202.422453165,0.0,73.0,12417915.583805632,5952591.53247224,205.7693998280496,0.586301369863014,0.0,0.0
H-Power,Oahu,MSW,2024,374.9280000000003,58778202.422453165,0.0,73.0,12417915.583805632,5952591.53247224,205.7693998280496,0.586301369863014,0.0,0.0
H-Power,Oahu,MSW,2025,374.9280000000003,58778202.422453165,0.0,73.0,12417915.583805632,5952591.53247224,205.7693998280496,0.586301369863014,0.0,0.0
H-Power,Oahu,MSW,2026,374.9280000000003,58778202.422453165,0.0,73.0,12417915.583805632,5952591.53247224,205.7693998280496,0.586301369863014,0.0,0.0
H-Power,Oahu,MSW,2027,374.9280000000003,58778202.422453165,0.0,73.0,12417915.583805632,5952591.53247224,205.7693998280496,0.586301369863014,0.0,0.0
H-Power,Oahu,MSW,2028,374.9280000000003,58778202.422453165,0.0,73.0,12417915.583805632,5952591.53247224,205.7693998280496,0.586301369863014,0.0,0.0
H-Power,Oahu,MSW,2029,374.9280000000003,58778202.422453165,0.0,73.0,12417915.583805632,5952591.53247224,205.7693998280496,0.586301369863014,0.0,0.0
H-Power,Oahu,MSW,2030,374.9280000000003,58778202.422453165,0.0,73.0,12417915.583805632,5952591.53247224,205.7693998280496,0.586301369863014,0.0,0.0
H-Power,Oahu,MSW,2031,374.9280000000003,58778202.422453165,0.0,73.0,12417915.583805632,5952591.53247224,205.7693998280496,0.586301369863014,0.0,0.0
H-Power,Oahu,MSW,2032,374.9280000000003,58778202.422453165,0.0,73.0,12417915.583805632,5952591.53247224,205.7693998280496,0.586301369863014,0.0,0.0
H-Power,Oahu,MSW,2033,374.9280000000003,58778202.422453165,0.0,73.0,12417915.583805632,5952591.53247224,205.7693998280496,0.586301369863014,0.0,0.0
H-Power,Oahu,MSW,2034,374.9280000000003,58778202.422453165,0.0,73.0,12417915.583805632,5952591.53247224,205.7693998280496,0.586301369863014,0.0,0.0
H-Power,Oahu,MSW,2035,374.9280000000003,58778202.422453165,0.0,73.0,12417915.583805632,5952591.53247224,205.7693998280496,0.586301369863014,0.0,0.0
H-Power,Oahu,MSW,2036,374.9280000000003,58778202.422453165,0.0,73.0,12417915.583805632,5952591.53247224,205.7693998280496,0.586301369863014,0.0,0.0
H-Power,Oahu,MSW,2037,374.9280000000003,58778202.422453165,0.0,73.0,12417915.583805632,5952591.53247224,205.7693998280496,0.586301369863014,0.0,0.0
H-Power,Oahu,MSW,2038,374.9280000000003,58778202.422453165,0.0,73.0,12417915.583805632,5952591.53247224,205.7693998280496,0.586301369863014,0.0,0.0
H-Power,Oahu,MSW,2039,374.9280000000003,58778202.422453165,0.0,73.0,12417915.583805632,5952591.53247224,205.7693998280496,0.586301369863014,0.0,0.0
H-Power,Oahu,MSW,2040,374.9280000000003,58778202.422453165,0.0,73.0,12417915.583805632,5952591.53247224,205.7693998280496,0.586301369863014,0.0,0.0
H-Power,Oahu,MSW,2041,374.9280000000003,58778202.422453165,0.0,73.0,12417915.583805632,5952591.53247224,205.7693998280496,0.586301369863014,0.0,0.0
H-Power,Oahu,MSW,2042,374.9280000000003,58778202.422453165,0.0,73.0,12417915.583805632,5952591.53247224,205.7693998280496,0.586301369863014,0.0,0.0
H-Power,Oahu,MSW,2043,374.9280000000003,58778202.422453165,0.0,73.0,12417915.583805632,5952591.53247224,205.7693998280496,0.586301369863014,0.0,0.0
H-Power,Oahu,MSW,2044,374.9280000000003,58778202.422453165,0.0,73.0,12417915.583805632,5952591.53247224,205.7693998280496,0.586301369863014,0.0,0.0
H-Power,Oahu,MSW,2045,374.9280000000003,58778202.422453165,0.0,73.0,12417915.583805632,5952591.53247224,205.7693998280496,0.586301369863014,0.0,0.0
IC_Barge,Oahu,multiple,2020,0.0,0.0,0.0,0.0,0.0,0.0,0.0,0.0,0.0,0.0
IC_Barge,Oahu,multiple,2021,0.0,0.0,0.0,0.0,0.0,0.0,0.0,0.0,0.0,0.0
IC_Barge,Oahu,multiple,2022,0.0,0.0,0.0,0.0,0.0,0.0,0.0,0.0,0.0,0.0
IC_Barge,Oahu,multiple,2023,0.0,0.0,0.0,0.0,0.0,0.0,0.0,0.0,0.0,0.0
IC_Barge,Oahu,multiple,2024,0.0,0.0,0.0,0.0,0.0,0.0,0.0,0.0,0.0,0.0
IC_Barge,Oahu,multiple,2025,0.0,0.0,0.0,0.0,0.0,0.0,0.0,0.0,0.0,0.0
IC_Barge,Oahu,multiple,2026,0.0,0.0,0.0,0.0,0.0,0.0,0.0,0.0,0.0,0.0
IC_Barge,Oahu,multiple,2027,0.0,0.0,0.0,0.0,0.0,0.0,0.0,0.0,0.0,0.0
IC_Barge,Oahu,multiple,2028,0.0,0.0,0.0,0.0,0.0,0.0,0.0,0.0,0.0,0.0
IC_Barge,Oahu,multiple,2029,0.0,0.0,0.0,0.0,0.0,0.0,0.0,0.0,0.0,0.0
IC_Barge,Oahu,multiple,2030,0.0,0.0,0.0,0.0,0.0,0.0,0.0,0.0,0.0,0.0
IC_Barge,Oahu,multiple,2031,0.0,0.0,0.0,0.0,0.0,0.0,0.0,0.0,0.0,0.0
IC_Barge,Oahu,multiple,2032,0.0,0.0,0.0,0.0,0.0,0.0,0.0,0.0,0.0,0.0
IC_Barge,Oahu,multiple,2033,0.0,0.0,0.0,0.0,0.0,0.0,0.0,0.0,0.0,0.0
IC_Barge,Oahu,multiple,2034,0.0,0.0,0.0,0.0,0.0,0.0,0.0,0.0,0.0,0.0
IC_Barge,Oahu,multiple,2035,0.0,0.0,0.0,0.0,0.0,0.0,0.0,0.0,0.0,0.0
IC_Barge,Oahu,multiple,2036,0.0,0.0,0.0,0.0,0.0,0.0,0.0,0.0,0.0,0.0
IC_Barge,Oahu,multiple,2037,0.0,0.0,0.0,0.0,0.0,0.0,0.0,0.0,0.0,0.0
IC_Barge,Oahu,multiple,2038,0.0,0.0,0.0,0.0,0.0,0.0,0.0,0.0,0.0,0.0
IC_Barge,Oahu,multiple,2039,0.0,0.0,0.0,0.0,0.0,0.0,0.0,0.0,0.0,0.0
IC_Barge,Oahu,multiple,2040,0.0,0.0,0.0,0.0,0.0,0.0,0.0,0.0,0.0,0.0
IC_Barge,Oahu,multiple,2041,0.0,0.0,0.0,0.0,0.0,0.0,0.0,0.0,0.0,0.0
IC_Barge,Oahu,multiple,2042,0.0,0.0,0.0,0.0,0.0,0.0,0.0,0.0,0.0,0.0
IC_Barge,Oahu,multiple,2043,0.0,0.0,0.0,0.0,0.0,0.0,0.0,0.0,0.0,0.0
IC_Barge,Oahu,multiple,2044,0.0,0.0,0.0,0.0,0.0,0.0,0.0,0.0,0.0,0.0
IC_Barge,Oahu,multiple,2045,0.0,0.0,0.0,0.0,0.0,0.0,0.0,0.0,0.0,0.0
IC_MCBH,Oahu,multiple,2020,0.0,0.0,0.0,0.0,0.0,0.0,0.0,0.0,0.0,0.0
IC_MCBH,Oahu,multiple,2021,0.0,0.0,0.0,0.0,0.0,0.0,0.0,0.0,0.0,0.0
IC_MCBH,Oahu,multiple,2022,0.0,0.0,0.0,0.0,0.0,0.0,0.0,0.0,0.0,0.0
IC_MCBH,Oahu,multiple,2023,0.0,0.0,0.0,0.0,0.0,0.0,0.0,0.0,0.0,0.0
IC_MCBH,Oahu,multiple,2024,0.0,0.0,0.0,0.0,0.0,0.0,0.0,0.0,0.0,0.0
IC_MCBH,Oahu,multiple,2025,0.0,0.0,0.0,0.0,0.0,0.0,0.0,0.0,0.0,0.0
IC_MCBH,Oahu,multiple,2026,0.0,0.0,0.0,0.0,0.0,0.0,0.0,0.0,0.0,0.0
IC_MCBH,Oahu,multiple,2027,0.0,0.0,0.0,0.0,0.0,0.0,0.0,0.0,0.0,0.0
IC_MCBH,Oahu,multiple,2028,0.0,0.0,0.0,0.0,0.0,0.0,0.0,0.0,0.0,0.0
IC_MCBH,Oahu,multiple,2029,0.0,0.0,0.0,0.0,0.0,0.0,0.0,0.0,0.0,0.0
IC_MCBH,Oahu,multiple,2030,0.0,0.0,0.0,0.0,0.0,0.0,0.0,0.0,0.0,0.0
IC_MCBH,Oahu,multiple,2031,0.0,0.0,0.0,0.0,0.0,0.0,0.0,0.0,0.0,0.0
IC_MCBH,Oahu,multiple,2032,0.0,0.0,0.0,0.0,0.0,0.0,0.0,0.0,0.0,0.0
IC_MCBH,Oahu,multiple,2033,0.0,0.0,0.0,0.0,0.0,0.0,0.0,0.0,0.0,0.0
IC_MCBH,Oahu,multiple,2034,0.0,0.0,0.0,0.0,0.0,0.0,0.0,0.0,0.0,0.0
IC_MCBH,Oahu,multiple,2035,0.0,0.0,0.0,0.0,0.0,0.0,0.0,0.0,0.0,0.0
IC_MCBH,Oahu,multiple,2036,0.0,0.0,0.0,0.0,0.0,0.0,0.0,0.0,0.0,0.0
IC_MCBH,Oahu,multiple,2037,0.0,0.0,0.0,0.0,0.0,0.0,0.0,0.0,0.0,0.0
IC_MCBH,Oahu,multiple,2038,0.0,0.0,0.0,0.0,0.0,0.0,0.0,0.0,0.0,0.0
IC_MCBH,Oahu,multiple,2039,0.0,0.0,0.0,0.0,0.0,0.0,0.0,0.0,0.0,0.0
IC_MCBH,Oahu,multiple,2040,0.0,0.0,0.0,0.0,0.0,0.0,0.0,0.0,0.0,0.0
IC_MCBH,Oahu,multiple,2041,0.0,0.0,0.0,0.0,0.0,0.0,0.0,0.0,0.0,0.0
IC_MCBH,Oahu,multiple,2042,0.0,0.0,0.0,0.0,0.0,0.0,0.0,0.0,0.0,0.0
IC_MCBH,Oahu,multiple,2043,0.0,0.0,0.0,0.0,0.0,0.0,0.0,0.0,0.0,0.0
IC_MCBH,Oahu,multiple,2044,0.0,0.0,0.0,0.0,0.0,0.0,0.0,0.0,0.0,0.0
IC_MCBH,Oahu,multiple,2045,0.0,0.0,0.0,0.0,0.0,0.0,0.0,0.0,0.0,0.0
IC_Schofield,Oahu,multiple,2020,78.33592054964467,1777267.9806215002,55254.76291583426,48.84,10604469.729631249,1821761.901489024,181.31528310489995,0.1830969836967524,0.0,0.0
IC_Schofield,Oahu,multiple,2021,80.94154611327649,1836383.8351520777,56052.163967992565,48.84,10604469.729631249,1821761.901489024,176.20883404317522,0.18918719337319057,0.0,0.0
IC_Schofield,Oahu,multiple,2022,245.97602035763433,5580649.361301323,170013.33774993703,48.84,10604469.729631249,1821761.901489024,73.20583919619757,0.5749274033318051,0.0,0.0
IC_Schofield,Oahu,multiple,2023,247.57804401650634,5616995.718542468,171120.62206571377,48.84,10604469.729631249,1821761.901489024,72.87894781356206,0.5786718630597586,0.0,0.0
IC_Schofield,Oahu,multiple,2024,245.24857083906485,5564145.1480642725,169510.54028001794,48.84,10604469.729631249,1821761.901489024,73.3556844699823,0.5732271129451325,0.0,0.0
IC_Schofield,Oahu,multiple,2025,251.79561650618996,5712683.067197731,174035.7175092895,48.84,10604469.729631249,1821761.901489024,72.03824653505075,0.5885297264251872,0.0,0.0
IC_Schofield,Oahu,multiple,2026,235.79317167106475,5349623.150143384,163014.51713883202,48.84,10604469.729631249,1821761.901489024,75.38748749714118,0.5511267143647336,0.0,0.0
IC_Schofield,Oahu,multiple,2027,256.11937363028346,5810779.509273311,177170.65822008526,48.84,10604469.729631249,1821761.901489024,71.20512158802674,0.5986357784394373,0.0,0.0
IC_Schofield,Oahu,multiple,2028,248.81073951080066,5644962.840349345,172079.74191403517,48.84,10604469.729631249,1821761.901489024,72.63028319034903,0.5815530805808935,0.0,0.0
IC_Schofield,Oahu,multiple,2029,241.13197057734263,5470748.634908594,166743.92568925855,48.84,10604469.729631249,1821761.901489024,74.22068597199326,0.563605255108804,0.0,0.0
IC_Schofield,Oahu,multiple,2030,252.07351856946366,5718988.04753548,174227.79744161814,48.84,10604469.729631249,1821761.901489024,71.9838394038027,0.5891792755616689,0.0,0.0
IC_Schofield,Oahu,multiple,2031,197.77123692526285,4486989.93270173,136828.20239702007,48.84,10604469.729631249,1821761.901489024,85.51911707066613,0.46225686363183566,0.0,0.0
IC_Schofield,Oahu,multiple,2032,203.28535928473184,4612093.117064037,140506.47049839445,48.84,10604469.729631249,1821761.901489024,83.814814840254,0.47514519333639,0.0,0.0
IC_Schofield,Oahu,multiple,2033,185.26033362587435,4203145.335144932,128056.41493827914,48.84,10604469.729631249,1821761.901489024,89.76220997122648,0.43301474020535385,0.0,0.0
IC_Schofield,Oahu,multiple,2034,194.15916236129948,4405039.986609233,134338.95299632053,48.84,10604469.729631249,1821761.901489024,86.68801107829859,0.45381424940187554,0.0,0.0
IC_Schofield,Oahu,multiple,2035,186.3705577193113,4228333.852988794,129092.12642783298,48.84,10604469.729631249,1821761.901489024,89.3626422967095,0.4356097015118587,0.0,0.0
IC_Schofield,Oahu,multiple,2036,145.44719409621356,3299873.6610827176,100538.38666461498,48.84,10604469.729631249,1821761.901489024,108.1224384555686,0.339958250816695,0.0,0.0
IC_Schofield,Oahu,multiple,2037,127.76120804732942,2898617.9345928486,88879.25963548984,48.84,10604469.729631249,1821761.901489024,119.9491598422895,0.2986202455116917,0.0,0.0
IC_Schofield,Oahu,multiple,2038,150.46561347928153,3413730.4463260164,104468.57694632084,48.84,10604469.729631249,1821761.901489024,105.27297042275632,0.35168795853593665,0.0,0.0
IC_Schofield,Oahu,multiple,2039,159.18147532492588,3611473.985600153,110095.13262770567,48.84,10604469.729631249,1821761.901489024,100.75108038786418,0.3720598135298884,0.0,0.0
IC_Schofield,Oahu,multiple,2040,161.98174011031136,3675005.7715982953,112014.49071822324,48.84,10604469.729631249,1821761.901489024,99.4015584210507,0.3786049595134782,0.0,0.0
IC_Schofield,Oahu,multiple,2041,99.50883707513624,2257634.411922711,68875.0935139472,48.84,10604469.729631249,1821761.901489024,147.56343732522592,0.23258510006380023,0.0,0.0
IC_Schofield,Oahu,multiple,2042,49.62952389092751,1125983.6239357924,34518.46651086329,48.84,10604469.729631249,1821761.901489024,273.0676055817144,0.11600062988952718,0.0,0.0
IC_Schofield,Oahu,multiple,2043,16.93777484435543,384280.47672934085,11833.514904905429,48.84,10604469.729631249,1821761.901489024,756.3279253365893,0.03958918798395708,0.0,0.0
IC_Schofield,Oahu,multiple,2044,20.219295693732427,458730.8935038976,14005.801505304342,48.84,10604469.729631249,1821761.901489024,637.2606998679112,0.04725918873512153,0.0,0.0
IC_Schofield,Oahu,multiple,2045,38.4158734525446,871570.8113948336,0.0,48.84,10604469.729631249,1821761.901489024,346.15384858922897,0.08979061592541619,0.0,0.0
Kahe_1,Oahu,multiple,2020,156.92859981546553,1642985.1659780692,135042.70838984306,82.1,2923050.415516327,876086.9790375899,34.67897226465699,0.21820004534989834,0.0,0.0
Kahe_1,Oahu,multiple,2021,67.15629365112501,703101.884555219,54788.68674417388,82.1,2923050.415516327,876086.9790375899,67.04121139409715,0.09337690094372743,0.0,0.0
Kahe_2,Oahu,multiple,2020,330.64203470723635,3461701.4292589016,272813.72618400137,82.1,2928884.7576063788,876086.9790375899,21.97746324763902,0.45973842277659527,0.0,0.0
Kahe_2,Oahu,multiple,2021,282.860041397553,2961441.398257617,230369.63858732776,82.1,2928884.7576063788,876086.9790375899,23.921417466638754,0.3933003540030157,0.0,0.0
Kahe_3,Oahu,multiple,2020,478.54055721469683,5010144.981521348,373972.51044981414,86.1,3117592.377545849,918770.8757020278,18.904371005508143,0.6344705864141948,0.0,0.0
Kahe_3,Oahu,multiple,2021,529.9025669972984,5547886.478398696,411987.0948345872,86.1,3117592.377545849,918770.8757020278,18.086815064806874,0.7025686482709632,0.0,0.0
Kahe_4,Oahu,multiple,2020,77.28408419265013,809136.1551943868,66096.27615459854,85.3,3108129.0332804355,910234.0963691403,62.46433965381798,0.10342771442270646,0.0,0.0
Kahe_4,Oahu,multiple,2021,48.445968513479606,507211.6090545996,40301.243576051435,85.3,3108129.0332804355,910234.0963691403,93.41488832956203,0.06483425208032835,0.0,0.0
Kahe_5,Oahu,multiple,2020,782.417200359828,8191622.529665881,611277.9880075323,134.3,4703011.815737114,1433111.830508506,18.312156442013638,0.665056083429237,0.0,0.0
Kahe_5,Oahu,multiple,2021,680.1462602252941,7120883.112190297,542214.8393209008,134.3,4703011.815737114,1433111.830508506,19.491405795636688,0.5781255930678044,0.0,0.0
Kahe_5,Oahu,multiple,2022,813.0571123470402,8512411.225550886,644986.7566470215,134.3,4703011.815737114,1433111.830508506,18.016612424077803,0.6911000659151288,0.0,0.0
Kahe_5,Oahu,multiple,2023,779.4124648133818,8160164.045130217,620090.4782442008,134.3,4703011.815737114,1433111.830508506,18.34239037323949,0.6625020525958899,0.0,0.0
Kahe_5,Oahu,multiple,2024,778.0287678479325,8145677.2429086,619671.6052480694,134.3,4703011.815737114,1433111.830508506,18.356391793401695,0.661325907587739,0.0,0.0
Kahe_5,Oahu,multiple,2025,732.1233187177273,7665063.9445858095,587570.4082062878,134.3,4703011.815737114,1433111.830508506,18.850905630220097,0.6223061899836858,0.0,0.0
Kahe_5,Oahu,multiple,2026,796.9013075789957,8343265.8459989885,635564.1039430682,134.3,4703011.815737114,1433111.830508506,18.169614423438862,0.6773676016508696,0.0,0.0
Kahe_5,Oahu,multiple,2027,817.3939880129734,8557816.730947599,649101.3585105264,134.3,4703011.815737114,1433111.830508506,17.976570164056554,0.6947864183411474,0.0,0.0
Kahe_5,Oahu,multiple,2028,776.6379800330803,8131116.202081674,623214.7680149428,134.3,4703011.815737114,1433111.830508506,18.37051524021474,0.6601437353443357,0.0,0.0
Kahe_5,Oahu,multiple,2029,741.457325938673,7762787.593564896,599502.8841318155,134.3,4703011.815737114,1433111.830508506,18.745396064722563,0.6302401135761215,0.0,0.0
Kahe_5,Oahu,multiple,2030,736.3586983773005,7709406.823838838,593053.6901666735,134.3,4703011.815737114,1433111.830508506,18.802698332477892,0.6259062706145004,0.0,0.0
Kahe_5,Oahu,multiple,2031,688.6760288267203,7210186.676345261,559714.3035405142,134.3,4703011.815737114,1433111.830508506,19.379664405233687,0.5853759123297191,0.0,0.0
Kahe_5,Oahu,multiple,2032,590.5164773514555,6182491.997602403,482935.3805651522,134.3,4703011.815737114,1433111.830508506,20.86074837250714,0.501940110016979,0.0,0.0
Kahe_5,Oahu,multiple,2033,465.07289985198975,4869143.524212592,387251.81760148576,134.3,4703011.815737114,1433111.830508506,23.66353140327174,0.3953128345624271,0.0,0.0
Kahe_5,Oahu,multiple,2034,346.3859698482038,3626534.6841349904,288250.35433201585,134.3,4703011.815737114,1433111.830508506,28.18433533742399,0.2944287221141617,0.0,0.0
Kahe_5,Oahu,multiple,2035,308.1290866260004,3225999.079378763,255485.24705375056,134.3,4703011.815737114,1433111.830508506,30.38376814126574,0.26191029983475983,0.0,0.0
Kahe_5,Oahu,multiple,2036,362.7232740522745,3797580.2965403977,294786.39933414443,134.3,4703011.815737114,1433111.830508506,27.3864531266731,0.30831546123844794,0.0,0.0
Kahe_5,Oahu,multiple,2037,309.10076009622605,3236172.1459812345,254107.22817467517,134.3,4703011.815737114,1433111.830508506,30.32116708256935,0.262736224101485,0.0,0.0
Kahe_5,Oahu,multiple,2038,377.357446035635,3950794.736185603,300813.66750571254,134.3,4703011.815737114,1433111.830508506,26.73040770336008,0.32075453479026617,0.0,0.0
Kahe_5,Oahu,multiple,2039,330.0134480162478,3455120.3560189717,261182.63671781105,134.3,4703011.815737114,1433111.830508506,29.063191393922768,0.280512047940316,0.0,0.0
Kahe_5,Oahu,multiple,2040,354.7926237012799,3714549.281807806,279248.93027536676,134.3,4703011.815737114,1433111.830508506,27.764593370879286,0.3015743936097537,0.0,0.0
Kahe_5,Oahu,multiple,2041,188.05640914533495,1968881.9689732431,155886.37294634848,134.3,4703011.815737114,1433111.830508506,43.098800259208936,0.15984829943979337,0.0,0.0
Kahe_5,Oahu,multiple,2042,109.26589006191271,1143973.9902746584,86599.56540847741,134.3,4703011.815737114,1433111.830508506,66.62735856903923,0.09287621088028969,0.0,0.0
Kahe_5,Oahu,multiple,2043,78.9482910162847,826559.793253774,61042.058221595544,134.3,4703011.815737114,1433111.830508506,88.19295959254138,0.06710619499747096,0.0,0.0
Kahe_5,Oahu,multiple,2044,45.13699900902217,472567.9060145525,37063.032293058066,134.3,4703011.815737114,1433111.830508506,146.41406600689604,0.03836653356404266,0.0,0.0
Kahe_6,Oahu,multiple,2020,463.5032726580861,4852710.100357847,394071.3480429759,134.4,4745297.466361478,1434178.9279251168,23.8017445516131,0.3936855096370185,0.0,0.0
Kahe_6,Oahu,multiple,2021,271.8977567509496,2846670.2789028417,233305.38850145933,134.4,4745297.466361478,1434178.9279251168,33.196841272424045,0.23094164216316512,0.0,0.0
Kahe_6,Oahu,multiple,2022,838.5936812638263,8779769.782051058,681328.9530965623,134.4,4745297.466361478,1434178.9279251168,17.838491405984477,0.7122758354939813,0.0,0.0
Kahe_6,Oahu,multiple,2023,801.3921114010457,8390282.923011223,652779.4210662427,134.4,4745297.466361478,1434178.9279251168,18.180562436316,0.6806779593738493,0.0,0.0
Kahe_6,Oahu,multiple,2024,760.4770625789545,7961917.294572476,620626.9083931313,134.4,4745297.466361478,1434178.9279251168,18.595424352316844,0.6459259677536507,0.0,0.0
Kahe_6,Oahu,multiple,2025,675.1889948336377,7068982.352788345,561248.061804294,134.4,4745297.466361478,1434178.9279251168,19.621852323495403,0.5734848904259396,0.0,0.0
Kahe_6,Oahu,multiple,2026,548.4699459101969,5742280.15909717,454894.4038068527,134.4,4745297.466361478,1434178.9279251168,21.736389828250974,0.46585360430782896,0.0,0.0
Kahe_6,Oahu,multiple,2027,453.017649650972,4742929.454401754,371709.194135212,134.4,4745297.466361478,1434178.9279251168,24.11033180959623,0.3847793420198105,0.0,0.0
Kahe_6,Oahu,multiple,2028,477.2799706340885,4996947.100097528,394118.8624513546,134.4,4745297.466361478,1434178.9279251168,23.416912885608273,0.4053870157185056,0.0,0.0
Kahe_6,Oahu,multiple,2029,422.6644462367942,4425142.492636647,348453.64453837933,134.4,4745297.466361478,1434178.9279251168,25.089924126199374,0.35899825899379795,0.0,0.0
Kahe_6,Oahu,multiple,2030,404.4483602436063,4234426.720596483,343126.72269924905,134.4,4745297.466361478,1434178.9279251168,25.748412253694397,0.3435260724508777,0.0,0.0
Kahe_6,Oahu,multiple,2031,298.8730720085873,3129091.9844937734,256166.17302687932,134.4,4745297.466361478,1434178.9279251168,31.145557263562747,0.253853650257348,0.0,0.0
Kahe_6,Oahu,multiple,2032,248.58199200737397,2602562.731571281,212958.93747572112,134.4,4745297.466361478,1434178.9279251168,35.328541118124775,0.21113794439634795,0.0,0.0
Kahe_6,Oahu,multiple,2033,255.09604403234016,2670762.4788449723,220243.96571887267,134.4,4745297.466361478,1434178.9279251168,34.69375194234516,0.2166707810396452,0.0,0.0
Kahe_6,Oahu,multiple,2034,255.7231652537965,2677328.209153752,206293.9910972842,134.4,4745297.466361478,1434178.9279251168,34.634346069704996,0.21720343863288588,0.0,0.0
Kahe_6,Oahu,multiple,2035,203.86239571840818,2134364.879696624,184699.2331639974,134.4,4745297.466361478,1434178.9279251168,40.78163235885344,0.1731544864698916,0.0,0.0
Kahe_6,Oahu,multiple,2036,144.618613871386,1514104.1059080493,128259.59551260731,134.4,4745297.466361478,1434178.9279251168,53.1991027589076,0.12283462936183984,0.0,0.0
Kahe_6,Oahu,multiple,2037,218.22706595319934,2284757.7343941187,183313.6705715764,134.4,4745297.466361478,1434178.9279251168,38.786362689291444,0.18535539821258631,0.0,0.0
Kahe_6,Oahu,multiple,2038,79.79944564590635,835471.0715807735,69490.39233283524,134.4,4745297.466361478,1434178.9279251168,87.90722052123967,0.06777920951387727,0.0,0.0
Kahe_6,Oahu,multiple,2039,96.14251819716335,1006577.0764759525,88495.63030138396,134.4,4745297.466361478,1434178.9279251168,74.74376171451861,0.08166051570073259,0.0,0.0
Kahe_6,Oahu,multiple,2040,87.44500279594465,915517.2645495617,75149.28665379618,134.4,4745297.466361478,1434178.9279251168,81.13663939599296,0.0742731120181906,0.0,0.0
Kahe_6,Oahu,multiple,2041,30.100606891449228,315142.36836206366,28974.082553006236,134.4,4745297.466361478,1434178.9279251168,215.76371486694526,0.02556653526195336,0.0,0.0
Kahe_6,Oahu,multiple,2042,18.459136550818748,193260.42267261667,14728.480078874825,134.4,4745297.466361478,1434178.9279251168,345.2348271770356,0.01567862625606343,0.0,0.0
Kahe_6,Oahu,multiple,2043,18.433955983493806,192996.79132285356,14709.731497174249,134.4,4745297.466361478,1434178.9279251168,345.69211249693285,0.015657238651994487,0.0,0.0
Kahe_6,Oahu,multiple,2044,18.347016931103376,192086.5711743934,14647.109455966493,134.4,4745297.466361478,1434178.9279251168,347.2805954988459,0.015583395278782894,0.0,0.0
Kalaeloa_CC1,Oahu,multiple,2020,788.4000000000001,634943.0967970388,430972.8970619407,90.0,3850185.029558053,4131479.0545012797,10.929232852430708,0.9999999999999997,0.0,0.0
Kalaeloa_CC1,Oahu,multiple,2021,788.4000000000001,634943.0967970388,533291.2763645999,90.0,3850185.029558053,4131479.0545012797,10.929232852430708,0.9999999999999997,0.0,0.0
Kalaeloa_CC1,Oahu,multiple,2022,788.4000000000001,634943.0967970388,533291.2763645999,90.0,3850185.029558053,4131479.0545012797,10.929232852430708,0.9999999999999997,0.0,0.0
Kalaeloa_CC1,Oahu,multiple,2023,727.3993122420909,585815.7939155623,496301.2729319882,90.0,3850185.029558053,4131479.0545012797,11.778234779418502,0.9226272352132047,0.0,0.0
Kalaeloa_CC1,Oahu,multiple,2024,739.1899119776672,595311.4305330169,504581.01770237664,90.0,3850185.029558053,4131479.0545012797,11.603209642898214,0.9375823338123629,0.0,0.0
Kalaeloa_CC1,Oahu,multiple,2025,719.7385295735902,579646.1324855435,493118.8062696399,90.0,3850185.029558053,4131479.0545012797,11.895028353723168,0.9129103622191651,0.0,0.0
Kalaeloa_CC1,Oahu,multiple,2026,723.1463236078588,582390.621700872,494296.6219220114,90.0,3850185.029558053,4131479.0545012797,11.842768781611401,0.917232779817172,0.0,0.0
Kalaeloa_CC1,Oahu,multiple,2027,728.6042640990372,586786.2097749496,497920.44355238037,90.0,3850185.029558053,4131479.0545012797,11.760088042347219,0.9241555861225734,0.0,0.0
Kalaeloa_CC1,Oahu,multiple,2028,660.4087222767959,531864.484112385,455694.1152045841,90.0,3850185.029558053,4131479.0545012797,12.891302432864382,0.8376569283064378,0.0,0.0
Kalaeloa_CC1,Oahu,multiple,2029,712.2779126681077,573637.6758620231,488896.21229858237,90.0,3850185.029558053,4131479.0545012797,12.011184971150124,0.9034473778134289,0.0,0.0
Kalaeloa_CC1,Oahu,multiple,2030,687.9258199771075,554025.5587302218,474708.2459136845,90.0,3850185.029558053,4131479.0545012797,12.407863456954706,0.8725593860693901,0.0,0.0
Kalaeloa_CC1,Oahu,multiple,2031,656.9096286107292,529046.4661414118,455664.8828343432,90.0,3850185.029558053,4131479.0545012797,12.955679410879835,0.8332187070151307,0.0,0.0
Kalaeloa_CC1,Oahu,multiple,2032,650.8999312242092,524206.5170427181,452129.11890077486,90.0,3850185.029558053,4131479.0545012797,13.067862190589347,0.8255960568546536,0.0,0.0
Kalaeloa_CC1,Oahu,multiple,2033,705.5890091427019,568250.7236568003,486213.56221457385,90.0,3850185.029558053,4131479.0545012797,12.11741494968065,0.8949632282378255,0.0,0.0
Kalaeloa_CC1,Oahu,multiple,2034,668.3044821769952,538223.3859929005,462700.2790472612,90.0,3850185.029558053,4131479.0545012797,12.748511639932124,0.8476718444660005,0.0,0.0
Kalaeloa_CC1,Oahu,multiple,2035,634.7912320437847,511233.27079336415,439118.37274318177,90.0,3850185.029558053,4131479.0545012797,13.379040109783526,0.8051639168490416,0.0,0.0
Kalaeloa_CC1,Oahu,multiple,2036,647.4598321915134,521436.01078560436,447107.16725466575,90.0,3850185.029558053,4131479.0545012797,13.133015628264936,0.8212326638654404,0.0,0.0
Kalaeloa_CC1,Oahu,multiple,2037,607.0705627534178,488908.2484639473,424464.02180521155,90.0,3850185.029558053,4131479.0545012797,13.953192350662354,0.7700032505751111,0.0,0.0
Kalaeloa_CC1,Oahu,multiple,2038,661.2524136171073,532543.9564517534,454845.63312055194,90.0,3850185.029558053,4131479.0545012797,12.875881985727114,0.8387270593824291,0.0,0.0
Kalaeloa_CC1,Oahu,multiple,2039,566.3123108665751,456083.32371373725,385491.36778960214,90.0,3850185.029558053,4131479.0545012797,14.89945961948376,0.7183058230169647,0.0,0.0
Kalaeloa_CC1,Oahu,multiple,2040,586.8718019257223,472641.0443145312,403726.0764577293,90.0,3850185.029558053,4131479.0545012797,14.405710243076028,0.7443833104080696,0.0,0.0
Kalaeloa_CC1,Oahu,multiple,2041,691.3954351257704,556819.8359843893,479667.5641807682,90.0,3850185.029558053,4131479.0545012797,12.349638840890673,0.8769602170545029,0.0,0.0
Kalaeloa_CC1,Oahu,multiple,2042,433.6621733149933,349252.66779345006,304630.78176854446,90.0,3850185.029558053,4131479.0545012797,19.210614308759567,0.5500534922818279,0.0,0.0
Kalaeloa_CC1,Oahu,multiple,2043,475.5342503438792,382974.6189071549,337210.9674622843,90.0,3850185.029558053,4131479.0545012797,17.58998157738934,0.6031636863823935,0.0,0.0
Kalaeloa_CC1,Oahu,multiple,2044,464.94573590096314,374447.08954278997,329165.94021460705,90.0,3850185.029558053,4131479.0545012797,17.972228861094525,0.5897333027663152,0.0,0.0
Kalaeloa_CC1,Oahu,multiple,2045,111.06643741403045,89448.08183901443,0.0,90.0,3850185.029558053,4131479.0545012797,72.66922712044031,0.1408757450710685,0.0,0.0
Kalaeloa_CC2,Oahu,multiple,2020,788.4000000000001,634943.0967970388,429310.48073229997,90.0,3850185.029558053,4131479.0545012797,10.929232852430708,0.9999999999999997,0.0,0.0
Kalaeloa_CC2,Oahu,multiple,2021,788.4000000000001,634943.0967970388,533291.2763645999,90.0,3850185.029558053,4131479.0545012797,10.929232852430708,0.9999999999999997,0.0,0.0
Kalaeloa_CC2,Oahu,multiple,2022,727.3993122420909,585815.7939155623,496301.2729319882,90.0,3850185.029558053,4131479.0545012797,11.778234779418502,0.9226272352132047,0.0,0.0
Kalaeloa_CC2,Oahu,multiple,2023,763.4574965612105,614855.488507724,518603.1904823636,90.0,3850185.029558053,4131479.0545012797,11.259984493292388,0.9683631361760656,0.0,0.0
Kalaeloa_CC2,Oahu,multiple,2024,727.1095213204953,585582.4089013798,496818.6961952977,90.0,3850185.029558053,4131479.0545012797,11.782608041498113,0.9222596668195014,0.0,0.0
Kalaeloa_CC2,Oahu,multiple,2025,748.325585054603,602668.9046004891,509148.53034208174,90.0,3850185.029558053,4131479.0545012797,11.47138780245426,0.9491699455284155,0.0,0.0
Kalaeloa_CC2,Oahu,multiple,2026,736.88021217852,593451.2986924006,503277.3746648102,90.0,3850185.029558053,4131479.0545012797,11.637054762808974,0.9346527298053269,0.0,0.0
Kalaeloa_CC2,Oahu,multiple,2027,699.5527929423414,563389.4174579248,480613.18769004475,90.0,3850185.029558053,4131479.0545012797,12.215023065773904,0.887306941834527,0.0,0.0
Kalaeloa_CC2,Oahu,multiple,2028,724.6881705639616,583632.3582319412,496764.8866483562,90.0,3850185.029558053,4131479.0545012797,11.819285577168523,0.919188445667125,0.0,0.0
Kalaeloa_CC2,Oahu,multiple,2029,670.2394085281983,539781.6915858826,462353.1391123474,90.0,3850185.029558053,4131479.0545012797,12.714032728033331,0.8501260889500228,0.0,0.0
Kalaeloa_CC2,Oahu,multiple,2030,663.0096973865201,533959.1964295594,458651.0137807608,90.0,3850185.029558053,4131479.0545012797,12.843889484657824,0.84095598349381,0.0,0.0
Kalaeloa_CC2,Oahu,multiple,2031,693.5100412654747,558522.8478702977,476123.20288420434,90.0,3850185.029558053,4131479.0545012797,12.314438759020733,0.8796423658872073,0.0,0.0
Kalaeloa_CC2,Oahu,multiple,2032,699.8129559522845,563598.9414396668,481108.35900017124,90.0,3850185.029558053,4131479.0545012797,12.210781399253836,0.8876369304316136,0.0,0.0
Kalaeloa_CC2,Oahu,multiple,2033,617.8390646492437,497580.73190078203,431787.0524435742,90.0,3850185.029558053,4131479.0545012797,13.724034786913169,0.7836619287788477,0.0,0.0
Kalaeloa_CC2,Oahu,multiple,2034,629.3162310866577,506823.9429614452,437898.35079236527,90.0,3850185.029558053,4131479.0545012797,13.488430152776246,0.7982194711905852,0.0,0.0
Kalaeloa_CC2,Oahu,multiple,2035,638.908626384863,514549.24125716276,442496.92536017235,90.0,3850185.029558053,4131479.0545012797,13.298010035316981,0.8103863855718706,0.0,0.0
Kalaeloa_CC2,Oahu,multiple,2036,616.3147835558561,496353.14215214597,427184.6581588682,90.0,3850185.029558053,4131479.0545012797,13.755985500294466,0.7817285433230035,0.0,0.0
Kalaeloa_CC2,Oahu,multiple,2037,598.4242778541955,481944.90636640595,408757.02995940205,90.0,3850185.029558053,4131479.0545012797,14.143157795626525,0.7590363747516429,0.0,0.0
Kalaeloa_CC2,Oahu,multiple,2038,545.0750343878958,438979.7441920382,372714.11257727334,90.0,3850185.029558053,4131479.0545012797,15.448595692348157,0.6913686382393399,0.0,0.0
Kalaeloa_CC2,Oahu,multiple,2039,657.9338376891337,529871.3196218908,451503.19049367664,90.0,3850185.029558053,4131479.0545012797,12.936764939125728,0.834517805288094,0.0,0.0
Kalaeloa_CC2,Oahu,multiple,2040,622.0714580467679,500989.3176068795,424796.2042167322,90.0,3850185.029558053,4131479.0545012797,13.636139854898275,0.7890302613480057,0.0,0.0
Kalaeloa_CC2,Oahu,multiple,2041,397.63411279229734,320237.233597773,274842.27346216206,90.0,3850185.029558053,4131479.0545012797,20.878242209549995,0.5043558000917011,0.0,0.0
Kalaeloa_CC2,Oahu,multiple,2042,548.7748528099153,441959.41715812625,382494.4722167971,90.0,3850185.029558053,4131479.0545012797,15.349871551303087,0.6960614571409375,0.0,0.0
Kalaeloa_CC2,Oahu,multiple,2043,396.5345942228337,319351.72912608215,275764.0965244988,90.0,3850185.029558053,4131479.0545012797,20.933900683884936,0.502961179886902,0.0,0.0
Kalaeloa_CC2,Oahu,multiple,2044,312.6850068775791,251822.91551097593,220345.83803834542,90.0,3850185.029558053,4131479.0545012797,26.33156952995141,0.39660706098120113,0.0,0.0
Kalaeloa_CC2,Oahu,multiple,2045,66.151856946355,53275.83068035685,0.0,90.0,3850185.029558053,4131479.0545012797,121.46204635276561,0.08390646492434674,0.0,0.0
Kalaeloa_CC3,Oahu,multiple,2020,222.95888404039687,179561.39559997647,152040.53556661936,28.0,1197835.342529172,1285349.0391781759,11.942765989198593,0.9089974072097063,0.0,0.0
Kalaeloa_CC3,Oahu,multiple,2021,245.28000000000003,197537.85233685654,167254.88253120004,28.0,1197835.342529172,1285349.0391781759,10.929232852430708,0.9999999999999998,0.0,0.0
Kalaeloa_CC3,Oahu,multiple,2022,203.55653370013766,163935.58584580943,138803.91443442096,28.0,1197835.342529172,1285349.0391781759,13.004347831215634,0.8298945437872537,0.0,0.0
Kalaeloa_CC3,Oahu,multiple,2023,192.79493381412436,155268.66098772222,131466.1756539224,28.0,1197835.342529172,1285349.0391781759,13.685282027373349,0.7860197888703696,0.0,0.0
Kalaeloa_CC3,Oahu,multiple,2024,187.11036680708528,150690.55776676885,127589.85141236497,28.0,1197835.342529172,1285349.0391781759,14.076584768762157,0.7628439612161008,0.0,0.0
Kalaeloa_CC3,Oahu,multiple,2025,176.6930709080084,142300.9203765976,120486.43844277025,28.0,1197835.342529172,1285349.0391781759,14.859016760486604,0.7203729244455657,0.0,0.0
Kalaeloa_CC3,Oahu,multiple,2026,186.4622833562587,150168.6195206365,127148.12559036212,28.0,1197835.342529172,1285349.0391781759,14.122711327076507,0.7602017423200368,0.0,0.0
Kalaeloa_CC3,Oahu,multiple,2027,167.49068806798624,134889.7211650862,114212.12199615518,28.0,1197835.342529172,1285349.0391781759,15.631162144427575,0.6828550557240141,0.0,0.0
Kalaeloa_CC3,Oahu,multiple,2028,169.57692046108485,136569.88206857728,115634.31351140095,28.0,1197835.342529172,1285349.0391781759,15.44876659307607,0.6913605693945073,0.0,0.0
Kalaeloa_CC3,Oahu,multiple,2029,162.12311021056277,130566.90722915059,110551.36302944916,28.0,1197835.342529172,1285349.0391781759,16.122015458140435,0.6609715843548708,0.0,0.0
Kalaeloa_CC3,Oahu,multiple,2030,160.87893619480712,129564.90354762055,109702.73327744447,28.0,1197835.342529172,1285349.0391781759,16.240468435788323,0.655899120168,0.0,0.0
Kalaeloa_CC3,Oahu,multiple,2031,162.21162252730423,130638.19120238308,110611.59126268662,28.0,1197835.342529172,1285349.0391781759,16.11365777732579,0.6613324467029686,0.0,0.0
Kalaeloa_CC3,Oahu,multiple,2032,161.86118294360392,130355.96239148134,110372.67986645563,28.0,1197835.342529172,1285349.0391781759,16.14680120686777,0.6599037138927099,0.0,0.0
Kalaeloa_CC3,Oahu,multiple,2033,155.6195323246218,125329.20823985568,106116.53773877033,28.0,1197835.342529172,1285349.0391781759,16.76212202274104,0.6344566712517193,0.0,0.0
Kalaeloa_CC3,Oahu,multiple,2034,146.3976341127924,117902.2921960124,99829.33868508009,28.0,1197835.342529172,1285349.0391781759,17.767272604278205,0.5968592388812473,0.0,0.0
Kalaeloa_CC3,Oahu,multiple,2035,128.56294486073736,103539.0085530486,87669.18986476309,28.0,1197835.342529172,1285349.0391781759,20.120287327444164,0.5241476877883942,0.0,0.0
Kalaeloa_CC3,Oahu,multiple,2036,120.26780866386976,96858.46635975543,82013.01862327833,28.0,1197835.342529172,1285349.0391781759,21.45248073221265,0.49032863936672255,0.0,0.0
Kalaeloa_CC3,Oahu,multiple,2037,107.08862134660501,86244.52165086103,73027.9209628125,28.0,1197835.342529172,1285349.0391781759,23.993481950261998,0.43659744515086824,0.0,0.0
Kalaeloa_CC3,Oahu,multiple,2038,120.99291407834185,97442.4347480979,82507.27520835419,28.0,1197835.342529172,1285349.0391781759,21.328743390579984,0.4932848747486212,0.0,0.0
Kalaeloa_CC3,Oahu,multiple,2039,122.27852268750128,98477.80805044268,83381.75801150769,28.0,1197835.342529172,1285349.0391781759,21.112965163600848,0.4985262666646332,0.0,0.0
Kalaeloa_CC3,Oahu,multiple,2040,128.15854738537215,103213.32440116463,87392.41622914054,28.0,1197835.342529172,1285349.0391781759,20.18123456355374,0.5224989700969183,0.0,0.0
Kalaeloa_CC3,Oahu,multiple,2041,99.62531427494245,80233.8984844117,67935.2536104978,28.0,1197835.342529172,1285349.0391781759,25.730591655824817,0.40616974182543386,0.0,0.0
Kalaeloa_CC3,Oahu,multiple,2042,63.417448742993834,51073.6571484576,43244.03995228037,28.0,1197835.342529172,1285349.0391781759,39.96152619015256,0.2585512424290354,0.0,0.0
Kalaeloa_CC3,Oahu,multiple,2043,40.32684588722823,32477.48910666364,27499.212246889423,28.0,1197835.342529172,1285349.0391781759,62.38181577227535,0.16441147214297216,0.0,0.0
Kalaeloa_CC3,Oahu,multiple,2044,27.363866103853308,22037.668549365975,18659.58553557731,28.0,1197835.342529172,1285349.0391781759,91.55219663583776,0.11156175026032818,0.0,0.0
Kalaeloa_CC3,Oahu,multiple,2045,13.973425034387917,11253.589249360135,0.0,28.0,1197835.342529172,1285349.0391781759,178.5129962638378,0.05696928014672176,0.0,0.0
OffshoreWind,Oahu,WND,2020,0.0,0.0,0.0,0.0,0.0,0.0,0.0,0.0,0.0,0.0
OffshoreWind,Oahu,WND,2021,0.0,0.0,0.0,0.0,0.0,0.0,0.0,0.0,0.0,0.0
OffshoreWind,Oahu,WND,2022,0.0,0.0,0.0,0.0,0.0,0.0,0.0,0.0,0.0,0.0
OffshoreWind,Oahu,WND,2023,33.607088437833156,0.0,0.0,9.244166797459147,4285226.467767748,722382.1574577516,149.00453618553246,0.4150104281774414,0.0,0.0
OffshoreWind,Oahu,WND,2024,67.21417687566631,0.0,0.0,18.488333594918295,8421133.129085645,1424421.3581632422,146.48032520670938,0.4150104281774414,0.0,0.0
OffshoreWind,Oahu,WND,2025,100.82126531349948,0.0,0.0,27.732500392377442,12413722.641421247,2106690.4787928294,144.02133394243234,0.41501042817744144,0.0,0.0
OffshoreWind,Oahu,WND,2026,126.55638668333097,0.0,0.0,34.81135683469162,15365766.21347158,2614435.1803404316,142.07265129022701,0.4150104281774415,0.0,0.0
OffshoreWind,Oahu,WND,2027,152.2915080531625,0.0,0.0,41.8902132770058,18216694.07305337,3107881.316512162,140.024717478807,0.4150104281774415,0.0,0.0
OffshoreWind,Oahu,WND,2028,175.9741204950269,0.0,0.0,48.969069719319975,20970556.528331224,3587431.54827363,139.55454363131125,0.4102256798968362,0.0,0.0
OffshoreWind,Oahu,WND,2029,203.72051325368778,0.0,0.0,56.04792616163416,23631236.683403127,4053477.1972812936,135.8955631837103,0.41492643788629063,0.0,0.0
OffshoreWind,Oahu,WND,2030,225.26196100219244,0.0,0.0,63.12678260394834,26202457.376698837,4506398.565208002,136.32508482694047,0.4073522310201741,0.0,0.0
OffshoreWind,Oahu,WND,2031,443.7902615202787,0.0,0.0,122.07160427391017,46897517.60650889,8171615.765523709,124.08819694101433,0.41501042817744155,0.0,0.0
OffshoreWind,Oahu,WND,2032,648.586849505212,0.0,0.0,181.01642594387198,66905874.163952574,11733617.023662679,121.24743393673035,0.40902141508049283,0.0,0.0
OffshoreWind,Oahu,WND,2033,842.4770812822309,0.0,0.0,239.96124761383385,86254846.30424832,15195308.997030787,120.41889038319508,0.40078630925250597,0.0,0.0
OffshoreWind,Oahu,WND,2034,1049.0311100272925,0.0,0.0,298.90606928379566,104970626.85032685,18559516.48884455,117.75641557089526,0.40063559133276916,0.0,0.0
OffshoreWind,Oahu,WND,2035,1255.8228773117498,0.0,0.0,357.85089095375747,123078328.92640994,21828984.75322162,115.3883372389459,0.4006103647436638,0.0,0.0
OffshoreWind,Oahu,WND,2036,1279.8099806188502,0.0,0.0,364.3847741908462,125020786.60729635,22181191.109793484,115.01861990942636,0.4009416421842369,0.0,0.0
OffshoreWind,Oahu,WND,2037,1332.7133869303884,0.0,0.0,370.918657427935,126901068.40019062,22523479.006163027,112.12054209984352,0.41016063316875806,0.0,0.0
OffshoreWind,Oahu,WND,2038,1359.952064017442,0.0,0.0,377.4525406650237,128721627.95999838,22856127.755440157,111.45816071462242,0.4112985148672213,0.0,0.0
OffshoreWind,Oahu,WND,2039,1369.9812623961054,0.0,0.0,383.9864239021125,130484817.91704051,23179408.805016547,112.16520323299707,0.40728146969049156,0.0,0.0
OffshoreWind,Oahu,WND,2040,1407.5775520780949,0.0,0.0,390.52030713920124,132192894.06735636,23493585.958071597,110.60596966439134,0.41145714069463546,0.0,0.0
OffshoreWind,Oahu,WND,2041,1370.5253485216258,0.0,0.0,390.52030713920124,132192894.06735636,23493585.958071597,113.59620615070394,0.4006261966310045,0.0,0.0
OffshoreWind,Oahu,WND,2042,1338.5630840621764,0.0,0.0,390.52030713920124,132192894.06735636,23493585.958071597,116.30866104043575,0.3912831221231772,0.0,0.0
OffshoreWind,Oahu,WND,2043,1317.6575016591528,0.0,0.0,390.52030713920124,132192894.06735636,23493585.958071597,118.15398146285546,0.38517209033853067,0.0,0.0
OffshoreWind,Oahu,WND,2044,1198.6445421253252,0.0,0.0,390.52030713920124,132192894.06735636,23493585.958071597,129.8854452291412,0.3503827233419489,0.0,0.0
OffshoreWind,Oahu,WND,2045,1278.2266338345066,0.0,0.0,390.52030713920124,132192894.06735636,23493585.958071597,121.79880774224651,0.37364582515599465,0.0,0.0
OnshoreWind,Oahu,WND,2020,390.0206587018372,0.0,0.0,123.0,43529599.99225527,6271059.35587126,127.68723460414978,0.36197484751627607,0.0,0.0
OnshoreWind,Oahu,WND,2021,390.0206587018372,0.0,0.0,123.0,43529599.99225527,6271059.35587126,127.68723460414978,0.36197484751627607,0.0,0.0
OnshoreWind,Oahu,WND,2022,390.0206587018372,0.0,0.0,123.0,43529599.99225527,6271059.35587126,127.68723460414978,0.36197484751627607,0.0,0.0
OnshoreWind,Oahu,WND,2023,390.0206587018372,0.0,0.0,123.0,43529599.99225527,6271059.35587126,127.68723460414978,0.36197484751627607,0.0,0.0
OnshoreWind,Oahu,WND,2024,390.0206587018372,0.0,0.0,123.0,43529599.99225527,6271059.35587126,127.68723460414978,0.36197484751627607,0.0,0.0
OnshoreWind,Oahu,WND,2025,390.0206587018372,0.0,0.0,123.0,43529599.99225527,6271059.35587126,127.68723460414978,0.36197484751627607,0.0,0.0
OnshoreWind,Oahu,WND,2026,390.0206587018372,0.0,0.0,123.0,43529599.99225527,6271059.35587126,127.68723460414978,0.36197484751627607,0.0,0.0
OnshoreWind,Oahu,WND,2027,390.0206587018372,0.0,0.0,123.0,43529599.99225527,6271059.35587126,127.68723460414978,0.36197484751627607,0.0,0.0
OnshoreWind,Oahu,WND,2028,386.5930741519335,0.0,0.0,123.0,43529599.99225527,6271059.35587126,128.81932625765188,0.35879373552356736,0.0,0.0
OnshoreWind,Oahu,WND,2029,388.8443216017822,0.0,0.0,123.0,43529599.99225527,6271059.35587126,128.07351575298992,0.3608830990846995,0.0,0.0
OnshoreWind,Oahu,WND,2030,383.09251325380353,0.0,0.0,123.0,43529599.99225527,6271059.35587126,129.9964306927945,0.35554489480436147,0.0,0.0
OnshoreWind,Oahu,WND,2031,379.7267397061426,0.0,0.0,123.0,43529599.99225527,6271059.35587126,131.1486765105495,0.3524211490757531,0.0,0.0
OnshoreWind,Oahu,WND,2032,383.27419219501473,0.0,0.0,123.0,43529599.99225527,6271059.35587126,129.9348100192129,0.3557135094804679,0.0,0.0
OnshoreWind,Oahu,WND,2033,382.96327202087434,0.0,0.0,123.0,43529599.99225527,6271059.35587126,130.04030147677457,0.35542494711815925,0.0,0.0
OnshoreWind,Oahu,WND,2034,375.59255448787576,0.0,0.0,123.0,43529599.99225527,6271059.35587126,132.5922432515475,0.3485842470281357,0.0,0.0
OnshoreWind,Oahu,WND,2035,366.324527993763,0.0,0.0,123.0,43529599.99225527,6271059.35587126,135.94683277384698,0.3399826706702332,0.0,0.0
OnshoreWind,Oahu,WND,2036,381.26372387042045,0.0,0.0,123.0,43529599.99225527,6271059.35587126,130.61997832516636,0.3538476109722875,0.0,0.0
OnshoreWind,Oahu,WND,2037,383.65768242626643,0.0,0.0,123.0,43529599.99225527,6271059.35587126,129.8049319205214,0.35606942349395465,0.0,0.0
OnshoreWind,Oahu,WND,2038,380.43818265428564,0.0,0.0,123.0,43529599.99225527,6271059.35587126,130.90342036824867,0.353081433209234,0.0,0.0
OnshoreWind,Oahu,WND,2039,386.6386550647533,0.0,0.0,123.0,43529599.99225527,6271059.35587126,128.80413972003402,0.35883603878007314,0.0,0.0
OnshoreWind,Oahu,WND,2040,386.6570942291413,0.0,0.0,123.0,43529599.99225527,6271059.35587126,128.7979972213146,0.35885315201130524,0.0,0.0
OnshoreWind,Oahu,WND,2041,551.2776683868879,0.0,0.0,179.92942923501306,39249046.67654376,7995429.408945257,85.69996354783001,0.3497551287245937,0.0,0.0
OnshoreWind,Oahu,WND,2042,690.5830316214015,0.0,0.0,236.85885847002615,28667111.48401211,9115753.119650764,54.71154498967849,0.3328297700920143,0.0,0.0
OnshoreWind,Oahu,WND,2043,807.8672036759419,0.0,0.0,293.78828770503924,35187212.89066908,11239447.498567382,57.468183109781855,0.313907284204744,0.0,0.0
OnshoreWind,Oahu,WND,2044,944.8795161322911,0.0,0.0,350.71771694005236,41622303.471357785,13345493.447742311,58.17439787889754,0.3075492148035029,0.0,0.0
OnshoreWind,Oahu,WND,2045,1119.846182813865,0.0,0.0,407.64714617506536,47917748.630116954,15433890.967175549,56.57173330546815,0.3135955284821887,0.0,0.0
SlopedDistPV,Oahu,SUN,2020,416.41113976616543,0.0,0.0,263.7359999999998,127069354.92005171,0.0,305.1535916916324,0.18023902022532662,0.0,0.0
SlopedDistPV,Oahu,SUN,2021,416.41113976616543,0.0,0.0,263.7359999999998,127069354.92005171,0.0,305.1535916916324,0.18023902022532662,0.0,0.0
SlopedDistPV,Oahu,SUN,2022,416.41113976616543,0.0,0.0,263.7359999999998,127069354.92005171,0.0,305.1535916916324,0.18023902022532662,0.0,0.0
SlopedDistPV,Oahu,SUN,2023,416.41113976616543,0.0,0.0,263.7359999999998,127069354.92005171,0.0,305.1535916916324,0.18023902022532662,0.0,0.0
SlopedDistPV,Oahu,SUN,2024,416.41113976616543,0.0,0.0,263.7359999999998,127069354.92005171,0.0,305.1535916916324,0.18023902022532662,0.0,0.0
SlopedDistPV,Oahu,SUN,2025,416.1167098189116,0.0,0.0,263.7359999999998,127069354.92005171,0.0,305.369507932884,0.18011157943388234,0.0,0.0
SlopedDistPV,Oahu,SUN,2026,414.88651526386934,0.0,0.0,263.7359999999998,127069354.92005171,0.0,306.274969769107,0.17957910313795075,0.0,0.0
SlopedDistPV,Oahu,SUN,2027,414.16388962089695,0.0,0.0,263.7359999999998,127069354.92005171,0.0,306.80935278148974,0.1792663225097663,0.0,0.0
SlopedDistPV,Oahu,SUN,2028,404.981831342776,0.0,0.0,263.7359999999998,127069354.92005171,0.0,313.7655694299541,0.17529196872895797,0.0,0.0
SlopedDistPV,Oahu,SUN,2029,407.7381775536144,0.0,0.0,263.7359999999998,127069354.92005171,0.0,311.6444863771508,0.17648502312400205,0.0,0.0
SlopedDistPV,Oahu,SUN,2030,396.5653214346253,0.0,0.0,263.7359999999998,127069354.92005171,0.0,320.42477758862583,0.17164897421057482,0.0,0.0
SlopedDistPV,Oahu,SUN,2031,401.94051498222655,0.0,0.0,263.7359999999998,127069354.92005171,0.0,316.1397027260878,0.173975568112662,0.0,0.0
SlopedDistPV,Oahu,SUN,2032,386.1064955893496,0.0,0.0,263.7359999999998,127069354.92005171,0.0,329.1044216339695,0.1671219855134944,0.0,0.0
SlopedDistPV,Oahu,SUN,2033,381.0298450849354,0.0,0.0,263.7359999999998,127069354.92005171,0.0,333.48924384578504,0.16492461271156633,0.0,0.0
SlopedDistPV,Oahu,SUN,2034,385.1407866941779,0.0,0.0,263.7359999999998,127069354.92005171,0.0,329.9296239454158,0.16670398895080304,0.0,0.0
SlopedDistPV,Oahu,SUN,2035,408.4070889781432,0.0,0.0,284.62969808213705,130395730.67339768,226108.64489489238,319.83244866076046,0.16379813534719903,0.0,0.0
SlopedDistPV,Oahu,SUN,2036,485.13754223441083,0.0,0.0,317.414698082137,135505697.33361977,573455.9449822868,280.49602727477793,0.17447521588188655,0.0,0.0
SlopedDistPV,Oahu,SUN,2037,542.5374654465978,0.0,0.0,350.5896980821371,140565586.5295854,917399.2557364246,260.78012081406763,0.17665522107625584,0.0,0.0
SlopedDistPV,Oahu,SUN,2038,600.0217171942564,0.0,0.0,383.60069808213706,145490146.2980246,1252143.6197264644,244.56163120883076,0.17855971107234414,0.0,0.0
SlopedDistPV,Oahu,SUN,2039,668.7838767230916,0.0,0.0,416.70169808213694,150317515.48847622,1580281.505220137,227.12538725958146,0.18321305566577514,0.0,0.0
SlopedDistPV,Oahu,SUN,2040,717.551090014939,0.0,0.0,449.96369808213694,155057209.77768004,1902459.7353464053,218.7435455080399,0.1820418519020122,0.0,0.0
SlopedDistPV,Oahu,SUN,2041,706.1895378977791,0.0,0.0,483.42069808213705,159776712.56281695,2223265.4585878537,229.40013881210214,0.1667600174590801,0.0,0.0
SlopedDistPV,Oahu,SUN,2042,726.8690905140048,0.0,0.0,516.7636980821371,164432319.6088055,2539727.9025173197,229.71405675435824,0.16056840657075222,0.0,0.0
SlopedDistPV,Oahu,SUN,2043,703.4133797635718,0.0,0.0,550.835698082137,169140855.15758845,2859788.1336273598,244.5228484977467,0.14577546680946082,0.0,0.0
SlopedDistPV,Oahu,SUN,2044,670.1160849483019,0.0,0.0,585.221698082137,173843473.13785073,3179446.1211249838,264.167542363399,0.13071502683847994,0.0,0.0
SlopedDistPV,Oahu,SUN,2045,723.4311271426413,0.0,0.0,620.259698082137,178585013.0494481,3501749.806464172,251.69882249206782,0.13314336278487116,0.0,0.0
Waiau_10,Oahu,multiple,2020,1.3270536451169186,267.1878332846064,4133.612858101787,49.9,1739106.4230390503,944401.3476142145,2022.3560429240201,0.003035874591916523,0.0,0.0
Waiau_10,Oahu,multiple,2021,1.7358335625859709,349.4912283588827,5349.943545364515,49.9,1739106.4230390503,944401.3476142145,1546.1489625095894,0.003971032390319384,0.0,0.0
Waiau_10,Oahu,multiple,2022,15.114549391307499,3043.1503035288492,20111.73253806,49.9,1739106.4230390503,944401.3476142145,177.74601487635817,0.034577258149420975,0.0,0.0
Waiau_10,Oahu,multiple,2023,9.16978404401651,1846.236389481201,12413.315783869051,49.9,1739106.4230390503,944401.3476142145,292.84811879457504,0.02097753507932876,0.0,0.0
Waiau_10,Oahu,multiple,2024,9.822916836976654,1977.7375811928364,16142.629077980257,49.9,1739106.4230390503,944401.3476142145,273.3898243060978,0.022471694157668417,0.0,0.0
Waiau_10,Oahu,multiple,2025,8.093758108784007,1629.5902582183726,13907.449973981602,49.9,1739106.4230390503,944401.3476142145,331.75409059944013,0.01851593165505441,0.0,0.0
Waiau_10,Oahu,multiple,2026,2.611541814812729,525.8055705581407,6884.516134521171,49.9,1739106.4230390503,944401.3476142145,1027.758223513757,0.005974372980693643,0.0,0.0
Waiau_10,Oahu,multiple,2027,2.8717442020059103,578.194494175093,5990.069077472464,49.9,1739106.4230390503,944401.3476142145,934.6535681251169,0.006569632877640919,0.0,0.0
Waiau_10,Oahu,multiple,2028,12.726015224195182,2562.2448999038397,15456.673711849513,49.9,1739106.4230390503,944401.3476142145,211.06921280797388,0.02911305538976395,0.0,0.0
Waiau_10,Oahu,multiple,2029,4.2288412626622405,851.4312427631476,5598.558294682751,49.9,1739106.4230390503,944401.3476142145,634.7741698410563,0.009674237201943244,0.0,0.0
Waiau_10,Oahu,multiple,2030,3.3827015130673947,681.070197313242,4487.5467005821165,49.9,1739106.4230390503,944401.3476142145,793.5044905622153,0.007738539895012384,0.0,0.0
Waiau_10,Oahu,multiple,2031,0.46802338376891367,94.23142334591036,1457.8366776341136,49.9,1739106.4230390503,944401.3476142145,5733.905815700948,0.0010706879141134174,0.0,0.0
Waiau_10,Oahu,multiple,2032,3.2644449350328903,657.2605201589267,4080.9681319512647,49.9,1739106.4230390503,944401.3476142145,822.242397893711,0.007468006641211393,0.0,0.0
Waiau_10,Oahu,multiple,2033,1.1711846571186906,235.80530603504542,3496.8879148718015,49.9,1739106.4230390503,944401.3476142145,2291.4777440491375,0.002679296165661666,0.0,0.0
Waiau_10,Oahu,multiple,2034,0.7406754406571472,149.12695269290975,2261.6964902768873,49.9,1739106.4230390503,944401.3476142145,3623.256220329035,0.0016944286762043423,0.0,0.0
Waiau_10,Oahu,multiple,2035,1.7893451425883635,360.26520360026456,5182.383460956934,49.9,1739106.4230390503,944401.3476142145,1499.916350388688,0.0040934497821862054,0.0,0.0
Waiau_10,Oahu,multiple,2036,0.905163576576183,182.2448517310899,2627.31389605178,49.9,1739106.4230390503,944401.3476142145,2964.8674393816855,0.0020707249580809626,0.0,0.0
Waiau_10,Oahu,multiple,2037,1.3070715268225577,263.1646508675636,2754.5249845700146,49.9,1739106.4230390503,944401.3476142145,2053.2701388027936,0.0029901618918717738,0.0,0.0
Waiau_10,Oahu,multiple,2038,0.7583163686382391,152.67876187691792,2362.064490343878,49.9,1739106.4230390503,944401.3476142145,3538.9720707656293,0.0017347854810951557,0.0,0.0
Waiau_10,Oahu,multiple,2039,0.2902929848693255,58.447338531007546,904.2278127097644,49.9,1739106.4230390503,944401.3476142145,9244.337127884073,0.0006640975669817382,0.0,0.0
Waiau_10,Oahu,multiple,2040,0.0,0.0,0.0,49.9,1739106.4230390503,944401.3476142145,0.0,0.0,0.0,0.0
Waiau_10,Oahu,multiple,2041,0.2902929848693255,58.447338531007546,904.2278127097644,49.9,1739106.4230390503,944401.3476142145,9244.337127884073,0.0006640975669817382,0.0,0.0
Waiau_10,Oahu,multiple,2042,0.0,0.0,0.0,49.9,1739106.4230390503,944401.3476142145,0.0,0.0,0.0,0.0
Waiau_10,Oahu,multiple,2043,0.0,0.0,0.0,49.9,1739106.4230390503,944401.3476142145,0.0,0.0,0.0,0.0
Waiau_10,Oahu,multiple,2044,0.0,0.0,0.0,49.9,1739106.4230390503,944401.3476142145,0.0,0.0,0.0,0.0
Waiau_10,Oahu,multiple,2045,6.313345254470414,1271.1234738147937,0.0,49.9,1739106.4230390503,944401.3476142145,425.2545656719812,0.014442916093535041,0.0,0.0
Waiau_6,Oahu,multiple,2020,16.944635488308116,177404.1492942203,20497.741418500686,53.5,1897858.0414087367,570897.1178868582,156.1650181507698,0.0361554975639229,0.0,0.0
Waiau_6,Oahu,multiple,2021,10.618638239339758,111173.26689104474,12845.251288927102,53.5,1897858.0414087367,570897.1178868582,242.96226766899002,0.022657445140058366,0.0,0.0
Waiau_7,Oahu,multiple,2020,57.22873285361683,599163.9462582389,59467.472351342694,82.9,2970370.548766142,884623.7583704776,77.8308033621499,0.07880531207982441,0.0,0.0
Waiau_7,Oahu,multiple,2021,55.65787119824704,582717.5980424818,58980.18404241749,82.9,2970370.548766142,884623.7583704776,79.73197338742035,0.07664219860844475,0.0,0.0
Waiau_8,Oahu,multiple,2020,71.14103745456288,744820.6978688533,66450.84283803668,86.1,3100277.8834934174,918770.8757020278,66.96373327570515,0.09432198602899206,0.0,0.0
Waiau_8,Oahu,multiple,2021,42.86187691776186,448748.20806831936,35422.9583705891,86.1,3100277.8834934174,918770.8757020278,104.23708172733612,0.05682820353014421,0.0,0.0
Waiau_9,Oahu,multiple,2020,1.267810178817057,255.25980501297238,4139.298809023387,52.9,1843661.9194141435,1001178.9837433256,2244.1026349994504,0.002735863693056289,0.0,0.0
Waiau_9,Oahu,multiple,2021,1.1197015130674,225.4397343338866,3655.735864044015,52.9,1843661.9194141435,1001178.9837433256,2540.9149757222353,0.002416253448540365,0.0,0.0
Waiau_9,Oahu,multiple,2022,8.85014696518256,1781.880936447847,14584.7894937567,52.9,1843661.9194141435,1001178.9837433256,321.64695064306164,0.01909812380812975,0.0,0.0
Waiau_9,Oahu,multiple,2023,3.9146206483435995,788.1663360111988,7198.310666154127,52.9,1843661.9194141435,1001178.9837433256,726.9233279851921,0.00844753314244935,0.0,0.0
Waiau_9,Oahu,multiple,2024,6.3820508800168145,1284.9566050463413,12124.782795863935,52.9,1843661.9194141435,1001178.9837433256,445.9578767499604,0.013772110037929781,0.0,0.0
Waiau_9,Oahu,multiple,2025,4.553157358799888,916.7287650940596,6532.719175080523,52.9,1843661.9194141435,1001178.9837433256,625.0075294284671,0.009825459769013401,0.0,0.0
Waiau_9,Oahu,multiple,2026,4.502308993551725,906.4909992081718,11236.019865753671,52.9,1843661.9194141435,1001178.9837433256,632.0639916612564,0.009715731831299953,0.0,0.0
Waiau_9,Oahu,multiple,2027,4.966344182912993,999.919442940999,10233.16604643702,52.9,1843661.9194141435,1001178.9837433256,573.0252913987913,0.010717093902756538,0.0,0.0
Waiau_9,Oahu,multiple,2028,1.2085667125171935,243.33177674133793,3507.608232801979,52.9,1843661.9194141435,1001178.9837433256,2354.0977965614247,0.0026080195952499184,0.0,0.0
Waiau_9,Oahu,multiple,2029,1.33890233837689,269.573438938933,4371.409022613476,52.9,1843661.9194141435,1001178.9837433256,2124.9574334491394,0.0028892766104239276,0.0,0.0
Waiau_9,Oahu,multiple,2030,1.7479768843031533,351.93615425199243,4688.468676062338,52.9,1843661.9194141435,1001178.9837433256,1627.706215603636,0.0037720366770747616,0.0,0.0
Waiau_9,Oahu,multiple,2031,0.46802338376891367,94.23142334591036,1528.0589061348016,52.9,1843661.9194141435,1001178.9837433256,6078.617507678848,0.0010099683726703123,0.0,0.0
Waiau_9,Oahu,multiple,2032,1.2619724493308886,254.08444160663953,2601.7336855252724,52.9,1843661.9194141435,1001178.9837433256,2254.482646675508,0.0027232661982436236,0.0,0.0
Waiau_9,Oahu,multiple,2033,0.0,0.0,0.0,52.9,1843661.9194141435,1001178.9837433256,0.0,0.0,0.0,0.0
Waiau_9,Oahu,multiple,2034,0.9006097650252665,181.3279912515208,2642.73627061521,52.9,1843661.9194141435,1001178.9837433256,3158.9955401703905,0.0019434656693193544,0.0,0.0
Waiau_9,Oahu,multiple,2035,2.397930030159918,482.79715856556135,7358.89059031932,52.9,1843661.9194141435,1001178.9837433256,1186.5749477795562,0.0051745993348350835,0.0,0.0
Waiau_9,Oahu,multiple,2036,0.6990729023383764,140.75073360528364,2282.4171003026117,52.9,1843661.9194141435,1001178.9837433256,4069.6494519737525,0.0015085603541151482,0.0,0.0
Waiau_9,Oahu,multiple,2037,0.2902929848693255,58.447338531007546,947.7833721595581,52.9,1843661.9194141435,1001178.9837433256,9800.096794542322,0.000626436079251205,0.0,0.0
Waiau_9,Oahu,multiple,2038,0.2902929848693255,58.447338531007546,947.7833721595581,52.9,1843661.9194141435,1001178.9837433256,9800.096794542322,0.000626436079251205,0.0,0.0
Waiau_9,Oahu,multiple,2039,1.1839869865160604,238.3829159645805,3698.4526086433875,52.9,1843661.9194141435,1001178.9837433256,2402.964997482969,0.002554977916712113,0.0,0.0
Waiau_9,Oahu,multiple,2040,0.0,0.0,0.0,52.9,1843661.9194141435,1001178.9837433256,0.0,0.0,0.0,0.0
Waiau_9,Oahu,multiple,2041,0.0,0.0,0.0,52.9,1843661.9194141435,1001178.9837433256,0.0,0.0,0.0,0.0
Waiau_9,Oahu,multiple,2042,0.2902929848693255,58.447338531007546,947.7833721595581,52.9,1843661.9194141435,1001178.9837433256,9800.096794542322,0.000626436079251205,0.0,0.0
Waiau_9,Oahu,multiple,2043,0.0,0.0,0.0,52.9,1843661.9194141435,1001178.9837433256,0.0,0.0,0.0,0.0
Waiau_9,Oahu,multiple,2044,0.0,0.0,0.0,52.9,1843661.9194141435,1001178.9837433256,0.0,0.0,0.0,0.0
Waiau_9,Oahu,multiple,2045,5.205592847317744,1048.089562132307,0.0,52.9,1843661.9194141435,1001178.9837433256,546.6983446824862,0.01123337918386061,0.0,0.0
